DATE,BR_BEEF_PRICES
2002-01-02,2.78
2002-01-03,2.76
2002-01-04,2.76
2002-01-07,2.76
2002-01-08,2.76
2002-01-09,2.76
2002-01-10,2.76
2002-01-11,2.75
2002-01-14,2.74
2002-01-15,2.74
2002-01-16,2.71
2002-01-17,2.7
2002-01-18,2.7
2002-01-21,2.69
2002-01-22,2.66
2002-01-23,2.66
2002-01-24,2.63
2002-01-28,2.63
2002-01-29,2.64
2002-01-30,2.64
2002-01-31,2.63
2002-02-01,2.64
2002-02-04,2.66
2002-02-05,2.69
2002-02-06,2.69
2002-02-07,2.7
2002-02-08,2.69
2002-02-13,2.71
2002-02-14,2.71
2002-02-15,2.72
2002-02-18,2.71
2002-02-19,2.71
2002-02-20,2.7
2002-02-21,2.68
2002-02-22,2.68
2002-02-25,2.67
2002-02-26,2.64
2002-02-27,2.65
2002-02-28,2.62
2002-03-01,2.62
2002-03-04,2.61
2002-03-05,2.62
2002-03-06,2.65
2002-03-07,2.65
2002-03-08,2.66
2002-03-11,2.67
2002-03-12,2.66
2002-03-13,2.66
2002-03-14,2.64
2002-03-15,2.62
2002-03-18,2.63
2002-03-19,2.61
2002-03-20,2.61
2002-03-21,2.58
2002-03-22,2.57
2002-03-25,2.57
2002-03-26,2.56
2002-03-27,2.57
2002-04-01,2.69
2002-04-02,2.7
2002-04-03,2.71
2002-04-04,2.69
2002-04-05,2.67
2002-04-08,2.67
2002-04-09,2.66
2002-04-10,2.66
2002-04-11,2.62
2002-04-12,2.61
2002-04-15,2.61
2002-04-16,2.54
2002-04-17,2.51
2002-04-18,2.48
2002-04-19,2.42
2002-04-22,2.42
2002-04-23,2.42
2002-04-24,2.41
2002-04-25,2.38
2002-04-26,2.36
2002-04-29,2.4
2002-04-30,2.41
2002-05-02,2.45
2002-05-03,2.46
2002-05-06,2.51
2002-05-07,2.5
2002-05-08,2.52
2002-05-09,2.51
2002-05-10,2.5
2002-05-13,2.5
2002-05-14,2.5
2002-05-15,2.5
2002-05-16,2.5
2002-05-17,2.51
2002-05-20,2.51
2002-05-21,2.5
2002-05-22,2.44
2002-05-23,2.44
2002-05-24,2.44
2002-05-27,2.43
2002-05-28,2.42
2002-05-29,2.42
2002-05-31,2.42
2002-06-03,2.43
2002-06-04,2.42
2002-06-05,2.42
2002-06-06,2.42
2002-06-07,2.42
2002-06-10,2.42
2002-06-11,2.38
2002-06-12,2.38
2002-06-13,2.36
2002-06-14,2.36
2002-06-17,2.37
2002-06-18,2.36
2002-06-19,2.36
2002-06-20,2.36
2002-06-21,2.37
2002-06-24,2.37
2002-06-25,2.37
2002-06-26,2.39
2002-06-27,2.4
2002-06-28,2.43
2002-07-01,2.43
2002-07-02,2.45
2002-07-03,2.46
2002-07-04,2.47
2002-07-05,2.46
2002-07-08,2.46
2002-07-10,2.47
2002-07-11,2.46
2002-07-12,2.45
2002-07-15,2.45
2002-07-16,2.45
2002-07-17,2.45
2002-07-18,2.48
2002-07-19,2.5
2002-07-22,2.5
2002-07-23,2.58
2002-07-24,2.63
2002-07-25,2.64
2002-07-26,2.7
2002-07-29,2.74
2002-07-30,2.83
2002-07-31,2.83
2002-08-01,2.9
2002-08-02,2.91
2002-08-05,2.89
2002-08-06,2.86
2002-08-07,2.86
2002-08-08,2.85
2002-08-09,2.85
2002-08-12,2.85
2002-08-13,2.85
2002-08-14,2.84
2002-08-15,2.85
2002-08-16,2.91
2002-08-19,2.89
2002-08-20,2.93
2002-08-21,2.93
2002-08-22,2.94
2002-08-23,2.94
2002-08-26,2.94
2002-08-27,2.94
2002-08-28,2.89
2002-08-29,2.88
2002-08-30,2.86
2002-09-02,2.87
2002-09-03,2.87
2002-09-04,2.86
2002-09-05,2.84
2002-09-06,2.83
2002-09-09,2.83
2002-09-10,2.82
2002-09-11,2.81
2002-09-12,2.81
2002-09-13,2.81
2002-09-16,2.82
2002-09-17,2.82
2002-09-18,2.84
2002-09-19,2.92
2002-09-20,2.92
2002-09-23,2.93
2002-09-24,2.93
2002-09-25,2.91
2002-09-26,2.91
2002-09-27,2.92
2002-09-30,2.92
2002-10-01,2.91
2002-10-02,2.91
2002-10-03,2.94
2002-10-04,2.98
2002-10-07,3.0
2002-10-08,3.02
2002-10-09,3.06
2002-10-10,3.07
2002-10-11,3.09
2002-10-14,3.1
2002-10-15,3.1
2002-10-16,3.12
2002-10-17,3.14
2002-10-18,3.17
2002-10-21,3.16
2002-10-22,3.16
2002-10-23,3.16
2002-10-24,3.19
2002-10-25,3.21
2002-10-28,3.2
2002-10-29,3.21
2002-10-30,3.24
2002-10-31,3.27
2002-11-01,3.29
2002-11-04,3.3
2002-11-05,3.31
2002-11-06,3.33
2002-11-07,3.33
2002-11-08,3.35
2002-11-11,3.35
2002-11-12,3.36
2002-11-13,3.37
2002-11-14,3.36
2002-11-18,3.36
2002-11-19,3.34
2002-11-20,3.3
2002-11-21,3.22
2002-11-22,3.21
2002-11-25,3.2
2002-11-26,3.19
2002-11-27,3.11
2002-11-28,3.04
2002-11-29,3.01
2002-12-02,3.03
2002-12-03,3.03
2002-12-04,3.05
2002-12-05,3.2
2002-12-06,3.16
2002-12-09,3.29
2002-12-10,3.32
2002-12-11,3.37
2002-12-12,3.39
2002-12-13,3.41
2002-12-16,3.42
2002-12-17,3.42
2002-12-18,3.43
2002-12-19,3.31
2002-12-20,3.3
2002-12-23,3.27
2002-12-26,3.23
2002-12-27,3.21
2002-12-30,3.18
2003-01-02,3.12
2003-01-03,3.16
2003-01-06,3.19
2003-01-07,3.29
2003-01-08,3.27
2003-01-09,3.21
2003-01-10,3.21
2003-01-13,3.17
2003-01-14,3.12
2003-01-15,3.13
2003-01-16,3.07
2003-01-17,3.05
2003-01-20,3.05
2003-01-21,3.05
2003-01-22,3.18
2003-01-23,3.14
2003-01-24,3.17
2003-01-27,3.2
2003-01-28,3.19
2003-01-29,3.24
2003-01-30,3.24
2003-01-31,3.28
2003-02-03,3.26
2003-02-04,3.21
2003-02-05,3.19
2003-02-06,3.19
2003-02-07,3.18
2003-02-10,3.16
2003-02-11,3.14
2003-02-12,3.11
2003-02-13,3.09
2003-02-14,3.1
2003-02-17,3.11
2003-02-18,3.1
2003-02-19,3.1
2003-02-20,3.15
2003-02-21,3.18
2003-02-24,3.17
2003-02-25,3.16
2003-02-26,3.14
2003-02-27,3.09
2003-02-28,3.09
2003-03-05,3.14
2003-03-06,3.14
2003-03-07,3.14
2003-03-10,3.16
2003-03-11,3.16
2003-03-12,3.16
2003-03-13,3.14
2003-03-14,3.14
2003-03-17,3.13
2003-03-18,3.07
2003-03-19,3.05
2003-03-20,3.01
2003-03-21,3.01
2003-03-24,3.02
2003-03-25,3.0
2003-03-26,3.01
2003-03-27,3.01
2003-03-28,3.04
2003-03-31,3.04
2003-04-01,3.03
2003-04-02,3.07
2003-04-03,3.09
2003-04-04,3.09
2003-04-07,3.08
2003-04-08,3.05
2003-04-09,3.05
2003-04-10,3.0
2003-04-11,3.01
2003-04-14,3.03
2003-04-15,2.97
2003-04-16,2.97
2003-04-17,2.98
2003-04-22,3.03
2003-04-23,3.03
2003-04-24,3.0
2003-04-25,3.0
2003-04-28,2.99
2003-04-29,2.97
2003-04-30,2.92
2003-05-02,2.9
2003-05-05,2.89
2003-05-06,2.87
2003-05-07,2.86
2003-05-08,2.88
2003-05-09,2.88
2003-05-12,2.88
2003-05-13,2.87
2003-05-14,2.88
2003-05-15,2.88
2003-05-16,2.89
2003-05-19,2.89
2003-05-20,2.89
2003-05-21,2.89
2003-05-22,2.89
2003-05-23,2.89
2003-05-26,2.89
2003-05-27,2.88
2003-05-28,2.88
2003-05-29,2.88
2003-05-30,2.87
2003-06-02,2.87
2003-06-03,2.85
2003-06-04,2.86
2003-06-05,2.84
2003-06-06,2.86
2003-06-09,2.86
2003-06-10,2.85
2003-06-11,2.88
2003-06-12,2.92
2003-06-13,2.92
2003-06-16,2.92
2003-06-17,2.96
2003-06-18,2.96
2003-06-20,2.96
2003-06-23,3.03
2003-06-24,3.06
2003-06-25,3.12
2003-06-26,3.13
2003-06-27,3.14
2003-06-30,3.14
2003-07-01,3.13
2003-07-02,3.12
2003-07-03,3.11
2003-07-04,3.12
2003-07-07,3.1
2003-07-08,3.1
2003-07-10,3.09
2003-07-11,3.08
2003-07-14,3.05
2003-07-15,3.01
2003-07-16,3.02
2003-07-17,3.01
2003-07-18,3.01
2003-07-21,2.99
2003-07-22,3.05
2003-07-23,3.06
2003-07-24,3.12
2003-07-25,3.12
2003-07-28,3.13
2003-07-29,3.16
2003-07-30,3.23
2003-07-31,3.27
2003-08-01,3.28
2003-08-04,3.3
2003-08-05,3.34
2003-08-06,3.35
2003-08-07,3.34
2003-08-08,3.32
2003-08-11,3.31
2003-08-12,3.33
2003-08-13,3.34
2003-08-14,3.35
2003-08-15,3.35
2003-08-18,3.36
2003-08-19,3.35
2003-08-20,3.35
2003-08-21,3.36
2003-08-22,3.35
2003-08-25,3.35
2003-08-26,3.35
2003-08-27,3.35
2003-08-28,3.39
2003-08-29,3.43
2003-09-01,3.43
2003-09-02,3.52
2003-09-03,3.51
2003-09-04,3.52
2003-09-05,3.51
2003-09-08,3.5
2003-09-09,3.47
2003-09-10,3.45
2003-09-11,3.39
2003-09-12,3.41
2003-09-15,3.41
2003-09-16,3.38
2003-09-17,3.38
2003-09-18,3.34
2003-09-19,3.31
2003-09-22,3.31
2003-09-23,3.31
2003-09-24,3.35
2003-09-25,3.4
2003-09-26,3.41
2003-09-29,3.4
2003-10-01,3.46
2003-10-02,3.5
2003-10-03,3.49
2003-10-06,3.51
2003-10-07,3.55
2003-10-08,3.58
2003-10-09,3.59
2003-10-10,3.59
2003-10-13,3.57
2003-10-14,3.5
2003-10-15,3.5
2003-10-16,3.44
2003-10-17,3.43
2003-10-20,3.43
2003-10-21,3.49
2003-10-22,3.49
2003-10-23,3.53
2003-10-24,3.54
2003-10-27,3.54
2003-10-28,3.54
2003-10-29,3.54
2003-10-30,3.55
2003-10-31,3.55
2003-11-03,3.55
2003-11-04,3.58
2003-11-05,3.59
2003-11-06,3.65
2003-11-07,3.66
2003-11-10,3.66
2003-11-11,3.63
2003-11-12,3.63
2003-11-13,3.57
2003-11-14,3.55
2003-11-17,3.57
2003-11-18,3.56
2003-11-19,3.51
2003-11-20,3.47
2003-11-21,3.47
2003-11-24,3.45
2003-11-25,3.45
2003-11-26,3.45
2003-11-27,3.43
2003-11-28,3.45
2003-12-01,3.45
2003-12-02,3.52
2003-12-03,3.56
2003-12-04,3.59
2003-12-05,3.64
2003-12-08,3.64
2003-12-09,3.64
2003-12-10,3.63
2003-12-11,3.62
2003-12-12,3.62
2003-12-15,3.57
2003-12-16,3.57
2003-12-17,3.54
2003-12-18,3.51
2003-12-19,3.52
2003-12-22,3.54
2003-12-23,3.61
2003-12-26,3.64
2003-12-29,3.66
2003-12-30,3.74
2004-01-02,3.78
2004-01-05,3.77
2004-01-06,3.8
2004-01-07,3.81
2004-01-08,3.79
2004-01-09,3.79
2004-01-12,3.76
2004-01-13,3.7
2004-01-14,3.69
2004-01-15,3.58
2004-01-16,3.57
2004-01-19,3.55
2004-01-20,3.48
2004-01-21,3.45
2004-01-22,3.39
2004-01-23,3.4
2004-01-26,3.4
2004-01-27,3.41
2004-01-28,3.43
2004-01-29,3.51
2004-01-30,3.51
2004-02-02,3.51
2004-02-03,3.51
2004-02-04,3.49
2004-02-05,3.48
2004-02-06,3.48
2004-02-09,3.46
2004-02-10,3.44
2004-02-11,3.42
2004-02-12,3.34
2004-02-13,3.35
2004-02-16,3.32
2004-02-17,3.31
2004-02-18,3.3
2004-02-19,3.31
2004-02-20,3.32
2004-02-25,3.35
2004-02-26,3.36
2004-02-27,3.37
2004-03-01,3.37
2004-03-02,3.38
2004-03-03,3.42
2004-03-04,3.41
2004-03-05,3.42
2004-03-08,3.41
2004-03-09,3.41
2004-03-10,3.4
2004-03-11,3.32
2004-03-12,3.32
2004-03-15,3.27
2004-03-16,3.23
2004-03-17,3.2
2004-03-18,3.17
2004-03-19,3.21
2004-03-22,3.21
2004-03-23,3.21
2004-03-24,3.24
2004-03-25,3.27
2004-03-26,3.29
2004-03-29,3.28
2004-03-30,3.23
2004-03-31,3.23
2004-04-01,3.17
2004-04-02,3.16
2004-04-05,3.15
2004-04-06,3.13
2004-04-07,3.13
2004-04-08,3.14
2004-04-12,3.2
2004-04-13,3.22
2004-04-14,3.22
2004-04-15,3.21
2004-04-16,3.21
2004-04-19,3.21
2004-04-20,3.21
2004-04-22,3.2
2004-04-23,3.2
2004-04-26,3.2
2004-04-27,3.15
2004-04-28,3.13
2004-04-29,3.09
2004-04-30,3.1
2004-05-03,3.1
2004-05-04,3.11
2004-05-05,3.1
2004-05-06,3.14
2004-05-07,3.12
2004-05-10,3.15
2004-05-11,3.23
2004-05-12,3.29
2004-05-13,3.29
2004-05-14,3.29
2004-05-17,3.29
2004-05-18,3.29
2004-05-19,3.29
2004-05-20,3.26
2004-05-21,3.25
2004-05-24,3.22
2004-05-25,3.22
2004-05-26,3.2
2004-05-27,3.17
2004-05-28,3.17
2004-05-31,3.17
2004-06-01,3.16
2004-06-02,3.16
2004-06-03,3.19
2004-06-04,3.2
2004-06-07,3.22
2004-06-08,3.21
2004-06-09,3.26
2004-06-11,3.25
2004-06-14,3.31
2004-06-15,3.32
2004-06-16,3.33
2004-06-17,3.34
2004-06-18,3.32
2004-06-21,3.32
2004-06-22,3.25
2004-06-23,3.25
2004-06-24,3.2
2004-06-25,3.2
2004-06-28,3.21
2004-06-29,3.16
2004-06-30,3.19
2004-07-01,3.17
2004-07-02,3.19
2004-07-05,3.21
2004-07-06,3.29
2004-07-07,3.35
2004-07-08,3.34
2004-07-12,3.36
2004-07-13,3.31
2004-07-14,3.32
2004-07-15,3.26
2004-07-16,3.25
2004-07-19,3.25
2004-07-20,3.25
2004-07-21,3.26
2004-07-22,3.28
2004-07-23,3.31
2004-07-26,3.33
2004-07-27,3.36
2004-07-28,3.42
2004-07-29,3.45
2004-07-30,3.51
2004-08-02,3.52
2004-08-03,3.53
2004-08-04,3.53
2004-08-05,3.53
2004-08-06,3.53
2004-08-09,3.55
2004-08-10,3.53
2004-08-11,3.52
2004-08-12,3.47
2004-08-13,3.43
2004-08-16,3.42
2004-08-17,3.4
2004-08-18,3.35
2004-08-19,3.31
2004-08-20,3.31
2004-08-23,3.33
2004-08-24,3.35
2004-08-25,3.4
2004-08-26,3.4
2004-08-27,3.42
2004-08-30,3.45
2004-08-31,3.49
2004-09-01,3.51
2004-09-02,3.51
2004-09-03,3.51
2004-09-06,3.52
2004-09-08,3.54
2004-09-09,3.53
2004-09-10,3.52
2004-09-13,3.52
2004-09-14,3.5
2004-09-15,3.45
2004-09-16,3.4
2004-09-17,3.39
2004-09-20,3.39
2004-09-21,3.38
2004-09-22,3.36
2004-09-23,3.31
2004-09-24,3.31
2004-09-27,3.33
2004-09-28,3.34
2004-09-29,3.34
2004-09-30,3.41
2004-10-01,3.43
2004-10-04,3.46
2004-10-05,3.52
2004-10-06,3.58
2004-10-07,3.58
2004-10-08,3.58
2004-10-11,3.61
2004-10-13,3.65
2004-10-14,3.63
2004-10-15,3.62
2004-10-18,3.59
2004-10-19,3.55
2004-10-20,3.54
2004-10-21,3.51
2004-10-22,3.49
2004-10-25,3.5
2004-10-26,3.57
2004-10-27,3.61
2004-10-28,3.62
2004-10-29,3.65
2004-11-01,3.67
2004-11-03,3.67
2004-11-04,3.68
2004-11-05,3.68
2004-11-08,3.68
2004-11-09,3.68
2004-11-10,3.67
2004-11-11,3.63
2004-11-12,3.62
2004-11-16,3.62
2004-11-17,3.65
2004-11-18,3.66
2004-11-19,3.65
2004-11-22,3.66
2004-11-23,3.66
2004-11-24,3.65
2004-11-25,3.64
2004-11-26,3.65
2004-11-29,3.67
2004-11-30,3.64
2004-12-01,3.65
2004-12-02,3.63
2004-12-03,3.62
2004-12-06,3.64
2004-12-07,3.67
2004-12-08,3.76
2004-12-09,3.76
2004-12-10,3.76
2004-12-13,3.76
2004-12-14,3.77
2004-12-15,3.76
2004-12-16,3.76
2004-12-17,3.76
2004-12-20,3.75
2004-12-21,3.74
2004-12-22,3.73
2004-12-23,3.7
2004-12-27,3.75
2004-12-28,3.71
2004-12-29,3.7
2004-12-30,3.72
2005-01-03,3.72
2005-01-04,3.7
2005-01-05,3.74
2005-01-06,3.69
2005-01-07,3.7
2005-01-10,3.67
2005-01-11,3.64
2005-01-12,3.67
2005-01-13,3.65
2005-01-14,3.62
2005-01-17,3.56
2005-01-18,3.53
2005-01-19,3.47
2005-01-20,3.39
2005-01-21,3.34
2005-01-24,3.33
2005-01-25,3.32
2005-01-26,3.27
2005-01-27,3.26
2005-01-28,3.27
2005-01-31,3.28
2005-02-01,3.31
2005-02-02,3.37
2005-02-03,3.45
2005-02-04,3.45
2005-02-09,3.53
2005-02-10,3.57
2005-02-11,3.57
2005-02-14,3.56
2005-02-15,3.56
2005-02-16,3.55
2005-02-17,3.53
2005-02-18,3.51
2005-02-21,3.47
2005-02-22,3.44
2005-02-23,3.42
2005-02-24,3.35
2005-02-25,3.35
2005-02-28,3.34
2005-03-01,3.31
2005-03-02,3.32
2005-03-03,3.32
2005-03-04,3.38
2005-03-07,3.41
2005-03-08,3.42
2005-03-09,3.43
2005-03-10,3.39
2005-03-11,3.41
2005-03-14,3.4
2005-03-15,3.38
2005-03-16,3.28
2005-03-17,3.23
2005-03-18,3.23
2005-03-21,3.2
2005-03-22,3.21
2005-03-23,3.21
2005-03-24,3.26
2005-03-28,3.3
2005-03-29,3.34
2005-03-30,3.35
2005-03-31,3.35
2005-04-01,3.35
2005-04-04,3.35
2005-04-05,3.36
2005-04-06,3.36
2005-04-07,3.36
2005-04-08,3.36
2005-04-11,3.36
2005-04-12,3.34
2005-04-13,3.34
2005-04-14,3.3
2005-04-15,3.29
2005-04-18,3.27
2005-04-19,3.23
2005-04-20,3.22
2005-04-22,3.2
2005-04-25,3.2
2005-04-26,3.2
2005-04-27,3.2
2005-04-28,3.2
2005-04-29,3.22
2005-05-02,3.23
2005-05-03,3.26
2005-05-04,3.25
2005-05-05,3.28
2005-05-06,3.29
2005-05-09,3.29
2005-05-10,3.29
2005-05-11,3.29
2005-05-12,3.23
2005-05-13,3.21
2005-05-16,3.21
2005-05-17,3.21
2005-05-18,3.2
2005-05-19,3.17
2005-05-20,3.15
2005-05-23,3.16
2005-05-24,3.13
2005-05-25,3.11
2005-05-27,3.14
2005-05-30,3.15
2005-05-31,3.23
2005-06-01,3.22
2005-06-02,3.24
2005-06-03,3.25
2005-06-06,3.31
2005-06-07,3.28
2005-06-08,3.33
2005-06-09,3.3
2005-06-10,3.29
2005-06-13,3.3
2005-06-14,3.25
2005-06-15,3.28
2005-06-16,3.25
2005-06-17,3.21
2005-06-20,3.2
2005-06-21,3.17
2005-06-22,3.18
2005-06-23,3.16
2005-06-24,3.17
2005-06-27,3.15
2005-06-28,3.17
2005-06-29,3.17
2005-06-30,3.19
2005-07-01,3.2
2005-07-04,3.22
2005-07-05,3.24
2005-07-06,3.25
2005-07-07,3.23
2005-07-08,3.23
2005-07-11,3.24
2005-07-12,3.26
2005-07-13,3.23
2005-07-14,3.2
2005-07-15,3.2
2005-07-18,3.2
2005-07-19,3.19
2005-07-20,3.19
2005-07-21,3.17
2005-07-22,3.17
2005-07-25,3.16
2005-07-26,3.16
2005-07-27,3.2
2005-07-28,3.19
2005-07-29,3.22
2005-08-01,3.22
2005-08-02,3.24
2005-08-03,3.28
2005-08-04,3.3
2005-08-05,3.3
2005-08-08,3.32
2005-08-09,3.33
2005-08-10,3.31
2005-08-11,3.32
2005-08-12,3.33
2005-08-15,3.31
2005-08-16,3.29
2005-08-17,3.24
2005-08-18,3.21
2005-08-19,3.2
2005-08-22,3.18
2005-08-23,3.14
2005-08-24,3.14
2005-08-25,3.14
2005-08-26,3.14
2005-08-29,3.15
2005-08-30,3.2
2005-08-31,3.22
2005-09-01,3.28
2005-09-02,3.3
2005-09-05,3.3
2005-09-06,3.32
2005-09-08,3.35
2005-09-09,3.35
2005-09-12,3.34
2005-09-13,3.35
2005-09-14,3.4
2005-09-15,3.43
2005-09-16,3.44
2005-09-19,3.46
2005-09-20,3.48
2005-09-21,3.48
2005-09-22,3.54
2005-09-23,3.55
2005-09-26,3.55
2005-09-27,3.55
2005-09-28,3.58
2005-09-29,3.66
2005-09-30,3.66
2005-10-03,3.72
2005-10-04,3.76
2005-10-05,3.84
2005-10-06,3.85
2005-10-07,3.87
2005-10-10,3.93
2005-10-11,3.99
2005-10-13,3.97
2005-10-14,3.96
2005-10-17,3.87
2005-10-18,3.79
2005-10-19,3.75
2005-10-20,3.61
2005-10-21,3.58
2005-10-24,3.52
2005-10-25,3.52
2005-10-26,3.54
2005-10-27,3.56
2005-10-28,3.58
2005-10-31,3.59
2005-11-01,3.61
2005-11-03,3.7
2005-11-04,3.76
2005-11-07,3.78
2005-11-08,3.85
2005-11-09,3.89
2005-11-10,3.85
2005-11-11,3.85
2005-11-14,3.86
2005-11-16,3.78
2005-11-17,3.68
2005-11-18,3.66
2005-11-21,3.63
2005-11-22,3.6
2005-11-23,3.49
2005-11-24,3.47
2005-11-25,3.42
2005-11-28,3.39
2005-11-29,3.44
2005-11-30,3.41
2005-12-01,3.4
2005-12-02,3.39
2005-12-05,3.46
2005-12-06,3.4
2005-12-07,3.38
2005-12-08,3.33
2005-12-09,3.31
2005-12-12,3.3
2005-12-13,3.28
2005-12-14,3.26
2005-12-15,3.24
2005-12-16,3.21
2005-12-19,3.23
2005-12-20,3.27
2005-12-21,3.27
2005-12-22,3.33
2005-12-23,3.34
2005-12-26,3.34
2005-12-27,3.32
2005-12-28,3.29
2005-12-29,3.21
2006-01-02,3.25
2006-01-03,3.24
2006-01-04,3.18
2006-01-05,3.17
2006-01-06,3.18
2006-01-09,3.18
2006-01-10,3.17
2006-01-11,3.17
2006-01-12,3.16
2006-01-13,3.12
2006-01-16,3.14
2006-01-17,3.13
2006-01-18,3.09
2006-01-19,3.04
2006-01-20,3.03
2006-01-23,3.01
2006-01-24,2.98
2006-01-25,3.0
2006-01-26,2.94
2006-01-27,2.98
2006-01-30,3.01
2006-01-31,3.19
2006-02-01,3.22
2006-02-02,3.26
2006-02-03,3.28
2006-02-06,3.28
2006-02-07,3.28
2006-02-08,3.28
2006-02-09,3.25
2006-02-10,3.23
2006-02-13,3.19
2006-02-14,3.18
2006-02-15,3.13
2006-02-16,3.1
2006-02-17,3.06
2006-02-20,3.04
2006-02-21,3.03
2006-02-22,3.05
2006-02-23,3.02
2006-02-24,3.02
2006-03-01,3.04
2006-03-02,3.05
2006-03-03,3.1
2006-03-06,3.09
2006-03-07,3.06
2006-03-08,3.05
2006-03-09,3.03
2006-03-10,3.01
2006-03-13,3.0
2006-03-14,2.96
2006-03-15,2.93
2006-03-16,2.87
2006-03-17,2.88
2006-03-20,2.83
2006-03-21,2.83
2006-03-22,2.83
2006-03-23,2.84
2006-03-24,2.84
2006-03-27,2.83
2006-03-28,2.9
2006-03-29,2.9
2006-03-30,2.95
2006-03-31,2.97
2006-04-03,2.96
2006-04-04,2.98
2006-04-05,3.05
2006-04-06,3.08
2006-04-07,3.08
2006-04-10,3.09
2006-04-11,3.16
2006-04-12,3.16
2006-04-13,3.17
2006-04-17,3.16
2006-04-18,3.18
2006-04-19,3.17
2006-04-20,3.17
2006-04-24,3.19
2006-04-25,3.18
2006-04-26,3.17
2006-04-27,3.16
2006-04-28,3.14
2006-05-02,3.14
2006-05-03,3.14
2006-05-04,3.08
2006-05-05,3.09
2006-05-08,3.09
2006-05-09,3.11
2006-05-10,3.15
2006-05-11,3.12
2006-05-12,3.07
2006-05-15,3.07
2006-05-16,3.05
2006-05-17,3.04
2006-05-18,3.0
2006-05-19,2.96
2006-05-22,2.94
2006-05-23,2.89
2006-05-24,2.89
2006-05-25,2.89
2006-05-26,2.89
2006-05-29,2.92
2006-05-30,2.92
2006-05-31,2.96
2006-06-01,2.97
2006-06-02,2.98
2006-06-05,2.99
2006-06-06,3.01
2006-06-07,2.99
2006-06-08,2.92
2006-06-09,2.93
2006-06-12,2.9
2006-06-13,2.9
2006-06-14,2.88
2006-06-16,2.87
2006-06-19,2.85
2006-06-20,2.89
2006-06-21,2.91
2006-06-22,2.92
2006-06-23,2.9
2006-06-26,2.89
2006-06-27,2.89
2006-06-28,2.89
2006-06-29,2.87
2006-06-30,2.85
2006-07-03,2.87
2006-07-04,2.85
2006-07-05,2.83
2006-07-06,2.83
2006-07-07,2.82
2006-07-10,2.83
2006-07-11,2.82
2006-07-12,2.86
2006-07-13,2.86
2006-07-14,2.86
2006-07-17,2.87
2006-07-18,2.91
2006-07-19,2.93
2006-07-20,3.0
2006-07-21,3.01
2006-07-24,3.04
2006-07-25,3.14
2006-07-26,3.17
2006-07-27,3.27
2006-07-28,3.27
2006-07-31,3.27
2006-08-01,3.32
2006-08-02,3.38
2006-08-03,3.46
2006-08-04,3.48
2006-08-07,3.48
2006-08-08,3.46
2006-08-09,3.44
2006-08-10,3.4
2006-08-11,3.35
2006-08-14,3.35
2006-08-15,3.33
2006-08-16,3.31
2006-08-17,3.27
2006-08-18,3.27
2006-08-21,3.31
2006-08-22,3.34
2006-08-23,3.36
2006-08-24,3.36
2006-08-25,3.39
2006-08-28,3.38
2006-08-29,3.35
2006-08-30,3.34
2006-08-31,3.35
2006-09-01,3.4
2006-09-04,3.42
2006-09-05,3.46
2006-09-06,3.49
2006-09-08,3.5
2006-09-11,3.57
2006-09-12,3.66
2006-09-13,3.68
2006-09-14,3.68
2006-09-15,3.66
2006-09-18,3.66
2006-09-19,3.66
2006-09-20,3.72
2006-09-21,3.72
2006-09-22,3.72
2006-09-25,3.73
2006-09-26,3.73
2006-09-27,3.77
2006-09-28,3.82
2006-09-29,3.83
2006-10-02,3.82
2006-10-03,3.83
2006-10-04,3.83
2006-10-05,3.88
2006-10-06,3.9
2006-10-09,3.9
2006-10-10,3.95
2006-10-11,3.95
2006-10-13,3.96
2006-10-16,3.95
2006-10-17,3.96
2006-10-18,3.91
2006-10-19,3.85
2006-10-20,3.84
2006-10-23,3.8
2006-10-24,3.7
2006-10-25,3.65
2006-10-26,3.57
2006-10-27,3.53
2006-10-30,3.53
2006-10-31,3.56
2006-11-01,3.53
2006-11-03,3.56
2006-11-06,3.59
2006-11-07,3.63
2006-11-08,3.63
2006-11-09,3.63
2006-11-10,3.63
2006-11-13,3.63
2006-11-14,3.59
2006-11-16,3.46
2006-11-17,3.44
2006-11-20,3.43
2006-11-21,3.43
2006-11-22,3.34
2006-11-23,3.23
2006-11-24,3.17
2006-11-27,3.19
2006-11-28,3.18
2006-11-29,3.24
2006-11-30,3.3
2006-12-01,3.31
2006-12-04,3.41
2006-12-05,3.5
2006-12-06,3.56
2006-12-07,3.58
2006-12-08,3.59
2006-12-11,3.57
2006-12-12,3.57
2006-12-13,3.51
2006-12-14,3.49
2006-12-15,3.45
2006-12-18,3.42
2006-12-19,3.36
2006-12-20,3.32
2006-12-21,3.3
2006-12-22,3.32
2006-12-26,3.36
2006-12-27,3.36
2006-12-28,3.38
2007-01-02,3.4
2007-01-03,3.4
2007-01-04,3.41
2007-01-05,3.44
2007-01-08,3.43
2007-01-09,3.42
2007-01-10,3.47
2007-01-11,3.41
2007-01-12,3.39
2007-01-15,3.37
2007-01-16,3.33
2007-01-17,3.31
2007-01-18,3.26
2007-01-19,3.24
2007-01-22,3.22
2007-01-23,3.19
2007-01-24,3.17
2007-01-25,3.21
2007-01-26,3.24
2007-01-29,3.29
2007-01-30,3.3
2007-01-31,3.31
2007-02-01,3.3
2007-02-02,3.3
2007-02-05,3.29
2007-02-06,3.31
2007-02-07,3.29
2007-02-08,3.29
2007-02-09,3.28
2007-02-12,3.31
2007-02-13,3.32
2007-02-14,3.29
2007-02-15,3.25
2007-02-16,3.24
2007-02-21,3.24
2007-02-22,3.31
2007-02-23,3.36
2007-02-26,3.43
2007-02-27,3.43
2007-02-28,3.45
2007-03-01,3.44
2007-03-02,3.47
2007-03-05,3.51
2007-03-06,3.47
2007-03-07,3.4
2007-03-08,3.37
2007-03-09,3.34
2007-03-12,3.33
2007-03-13,3.27
2007-03-14,3.23
2007-03-15,3.17
2007-03-16,3.14
2007-03-19,3.16
2007-03-20,3.14
2007-03-21,3.14
2007-03-22,3.18
2007-03-23,3.2
2007-03-26,3.2
2007-03-27,3.23
2007-03-28,3.25
2007-03-29,3.27
2007-03-30,3.28
2007-04-02,3.25
2007-04-03,3.26
2007-04-04,3.25
2007-04-05,3.25
2007-04-09,3.26
2007-04-10,3.29
2007-04-11,3.32
2007-04-12,3.34
2007-04-13,3.34
2007-04-16,3.32
2007-04-17,3.26
2007-04-18,3.24
2007-04-19,3.19
2007-04-20,3.17
2007-04-23,3.17
2007-04-24,3.16
2007-04-25,3.12
2007-04-26,3.1
2007-04-27,3.11
2007-04-30,3.12
2007-05-02,3.16
2007-05-03,3.26
2007-05-04,3.31
2007-05-07,3.32
2007-05-08,3.32
2007-05-09,3.32
2007-05-10,3.31
2007-05-11,3.31
2007-05-14,3.3
2007-05-15,3.3
2007-05-16,3.25
2007-05-17,3.19
2007-05-18,3.17
2007-05-21,3.14
2007-05-22,3.11
2007-05-23,3.07
2007-05-24,3.05
2007-05-25,3.06
2007-05-28,3.11
2007-05-29,3.2
2007-05-30,3.31
2007-05-31,3.32
2007-06-01,3.32
2007-06-04,3.32
2007-06-05,3.4
2007-06-06,3.41
2007-06-08,3.41
2007-06-11,3.41
2007-06-12,3.4
2007-06-13,3.4
2007-06-14,3.42
2007-06-15,3.42
2007-06-18,3.45
2007-06-19,3.46
2007-06-20,3.47
2007-06-21,3.46
2007-06-22,3.46
2007-06-25,3.48
2007-06-26,3.49
2007-06-27,3.55
2007-06-28,3.67
2007-06-29,3.7
2007-07-02,3.74
2007-07-03,3.78
2007-07-04,3.78
2007-07-05,3.77
2007-07-06,3.75
2007-07-10,3.72
2007-07-11,3.65
2007-07-12,3.61
2007-07-13,3.57
2007-07-16,3.57
2007-07-17,3.56
2007-07-18,3.56
2007-07-19,3.59
2007-07-20,3.59
2007-07-23,3.59
2007-07-24,3.62
2007-07-25,3.69
2007-07-26,3.73
2007-07-27,3.77
2007-07-30,3.78
2007-07-31,3.83
2007-08-01,3.91
2007-08-02,3.92
2007-08-03,3.92
2007-08-06,3.92
2007-08-07,3.92
2007-08-08,3.92
2007-08-09,3.87
2007-08-10,3.86
2007-08-13,3.83
2007-08-14,3.79
2007-08-15,3.75
2007-08-16,3.75
2007-08-17,3.73
2007-08-20,3.75
2007-08-21,3.75
2007-08-22,3.78
2007-08-23,3.83
2007-08-24,3.83
2007-08-27,3.83
2007-08-28,3.83
2007-08-29,3.83
2007-08-30,3.84
2007-08-31,3.81
2007-09-03,3.8
2007-09-04,3.78
2007-09-05,3.77
2007-09-06,3.77
2007-09-10,3.77
2007-09-11,3.75
2007-09-12,3.75
2007-09-13,3.7
2007-09-14,3.7
2007-09-17,3.69
2007-09-18,3.65
2007-09-19,3.63
2007-09-20,3.6
2007-09-21,3.6
2007-09-24,3.6
2007-09-25,3.68
2007-09-26,3.81
2007-09-27,3.89
2007-09-28,3.91
2007-10-01,3.92
2007-10-02,3.99
2007-10-03,4.06
2007-10-04,4.07
2007-10-05,4.07
2007-10-08,4.06
2007-10-09,4.05
2007-10-10,4.05
2007-10-11,4.02
2007-10-15,4.01
2007-10-16,4.01
2007-10-17,3.97
2007-10-18,3.95
2007-10-19,3.95
2007-10-22,3.95
2007-10-23,3.96
2007-10-24,4.04
2007-10-25,4.11
2007-10-26,4.11
2007-10-29,4.11
2007-10-30,4.15
2007-10-31,4.17
2007-11-01,4.22
2007-11-05,4.28
2007-11-06,4.36
2007-11-07,4.43
2007-11-08,4.43
2007-11-09,4.43
2007-11-12,4.43
2007-11-13,4.42
2007-11-14,4.41
2007-11-16,4.4
2007-11-19,4.4
2007-11-21,4.45
2007-11-22,4.49
2007-11-23,4.5
2007-11-26,4.52
2007-11-27,4.52
2007-11-28,4.54
2007-11-29,4.54
2007-11-30,4.54
2007-12-03,4.54
2007-12-04,4.6
2007-12-05,4.67
2007-12-06,4.65
2007-12-07,4.64
2007-12-10,4.61
2007-12-11,4.56
2007-12-12,4.45
2007-12-13,4.4
2007-12-14,4.38
2007-12-17,4.36
2007-12-18,4.35
2007-12-19,4.29
2007-12-20,4.27
2007-12-21,4.17
2007-12-26,4.25
2007-12-27,4.34
2007-12-28,4.36
2008-01-02,4.39
2008-01-03,4.5
2008-01-04,4.55
2008-01-07,4.64
2008-01-08,4.69
2008-01-09,4.69
2008-01-10,4.65
2008-01-11,4.62
2008-01-14,4.61
2008-01-15,4.56
2008-01-16,4.48
2008-01-17,4.41
2008-01-18,4.36
2008-01-21,4.34
2008-01-22,4.34
2008-01-23,4.31
2008-01-24,4.31
2008-01-25,4.33
2008-01-28,4.35
2008-01-29,4.35
2008-01-30,4.34
2008-01-31,4.31
2008-02-01,4.32
2008-02-06,4.38
2008-02-07,4.39
2008-02-08,4.39
2008-02-11,4.39
2008-02-12,4.51
2008-02-13,4.55
2008-02-14,4.55
2008-02-15,4.55
2008-02-18,4.5
2008-02-19,4.49
2008-02-20,4.45
2008-02-21,4.36
2008-02-22,4.36
2008-02-25,4.34
2008-02-26,4.33
2008-02-27,4.34
2008-02-28,4.38
2008-02-29,4.38
2008-03-03,4.39
2008-03-04,4.43
2008-03-05,4.49
2008-03-06,4.5
2008-03-07,4.49
2008-03-10,4.48
2008-03-11,4.46
2008-03-12,4.45
2008-03-13,4.46
2008-03-14,4.4
2008-03-17,4.38
2008-03-18,4.38
2008-03-19,4.39
2008-03-20,4.41
2008-03-24,4.46
2008-03-25,4.46
2008-03-26,4.53
2008-03-27,4.5
2008-03-28,4.52
2008-03-31,4.53
2008-04-01,4.55
2008-04-02,4.6
2008-04-03,4.62
2008-04-04,4.67
2008-04-07,4.7
2008-04-08,4.71
2008-04-09,4.71
2008-04-10,4.7
2008-04-11,4.64
2008-04-14,4.65
2008-04-15,4.61
2008-04-16,4.59
2008-04-17,4.54
2008-04-18,4.53
2008-04-22,4.54
2008-04-23,4.6
2008-04-24,4.63
2008-04-25,4.62
2008-04-28,4.64
2008-04-29,4.64
2008-04-30,4.67
2008-05-02,4.66
2008-05-05,4.68
2008-05-06,4.73
2008-05-07,4.75
2008-05-08,4.76
2008-05-09,4.77
2008-05-12,4.77
2008-05-13,4.78
2008-05-14,4.78
2008-05-15,4.75
2008-05-16,4.75
2008-05-19,4.76
2008-05-20,4.77
2008-05-21,4.83
2008-05-23,4.9
2008-05-26,4.94
2008-05-27,5.1
2008-05-28,5.13
2008-05-29,5.17
2008-05-30,5.19
2008-06-02,5.21
2008-06-03,5.29
2008-06-04,5.39
2008-06-05,5.41
2008-06-06,5.41
2008-06-09,5.44
2008-06-10,5.51
2008-06-11,5.54
2008-06-12,5.55
2008-06-13,5.58
2008-06-16,5.6
2008-06-17,5.62
2008-06-18,5.59
2008-06-19,5.55
2008-06-20,5.53
2008-06-23,5.48
2008-06-24,5.45
2008-06-25,5.38
2008-06-26,5.34
2008-06-27,5.26
2008-06-30,5.26
2008-07-01,5.28
2008-07-02,5.39
2008-07-03,5.41
2008-07-04,5.44
2008-07-07,5.46
2008-07-08,5.46
2008-07-10,5.4
2008-07-11,5.35
2008-07-14,5.29
2008-07-15,5.27
2008-07-16,5.22
2008-07-17,5.1
2008-07-18,5.05
2008-07-21,5.04
2008-07-22,5.01
2008-07-23,5.0
2008-07-24,5.08
2008-07-25,5.12
2008-07-28,5.22
2008-07-29,5.38
2008-07-30,5.46
2008-07-31,5.51
2008-08-01,5.54
2008-08-04,5.54
2008-08-05,5.54
2008-08-06,5.52
2008-08-07,5.44
2008-08-08,5.38
2008-08-11,5.33
2008-08-12,5.28
2008-08-13,5.2
2008-08-14,5.22
2008-08-15,5.24
2008-08-18,5.3
2008-08-19,5.3
2008-08-20,5.36
2008-08-21,5.43
2008-08-22,5.43
2008-08-25,5.44
2008-08-26,5.44
2008-08-27,5.45
2008-08-28,5.49
2008-08-29,5.5
2008-09-01,5.48
2008-09-02,5.48
2008-09-03,5.48
2008-09-04,5.46
2008-09-05,5.36
2008-09-08,5.36
2008-09-09,5.32
2008-09-10,5.31
2008-09-11,5.31
2008-09-12,5.32
2008-09-15,5.32
2008-09-16,5.32
2008-09-17,5.32
2008-09-18,5.33
2008-09-19,5.39
2008-09-22,5.38
2008-09-23,5.39
2008-09-24,5.47
2008-09-25,5.6
2008-09-26,5.62
2008-09-29,5.63
2008-09-30,5.7
2008-10-01,5.75
2008-10-02,5.75
2008-10-03,5.75
2008-10-06,5.77
2008-10-07,5.82
2008-10-08,5.86
2008-10-09,5.92
2008-10-10,5.94
2008-10-13,5.94
2008-10-14,5.93
2008-10-15,5.89
2008-10-16,5.75
2008-10-17,5.72
2008-10-20,5.71
2008-10-21,5.66
2008-10-22,5.64
2008-10-23,5.62
2008-10-24,5.57
2008-10-27,5.52
2008-10-28,5.51
2008-10-29,5.47
2008-10-30,5.39
2008-10-31,5.34
2008-11-03,5.33
2008-11-04,5.38
2008-11-05,5.41
2008-11-06,5.53
2008-11-07,5.6
2008-11-10,5.61
2008-11-11,5.64
2008-11-12,5.66
2008-11-13,5.67
2008-11-14,5.66
2008-11-17,5.66
2008-11-18,5.66
2008-11-19,5.65
2008-11-20,5.65
2008-11-21,5.58
2008-11-24,5.57
2008-11-25,5.52
2008-11-26,5.47
2008-11-27,5.41
2008-11-28,5.36
2008-12-01,5.28
2008-12-02,5.28
2008-12-03,5.28
2008-12-04,5.28
2008-12-05,5.28
2008-12-08,5.25
2008-12-09,5.26
2008-12-10,5.26
2008-12-11,5.17
2008-12-12,5.07
2008-12-15,5.07
2008-12-16,5.06
2008-12-17,5.06
2008-12-18,5.0
2008-12-19,5.0
2008-12-22,5.09
2008-12-23,5.35
2008-12-26,5.55
2008-12-29,5.71
2008-12-30,5.75
2009-01-02,5.77
2009-01-05,5.79
2009-01-06,5.79
2009-01-07,5.8
2009-01-08,5.58
2009-01-09,5.45
2009-01-12,5.41
2009-01-13,5.26
2009-01-14,5.24
2009-01-15,5.13
2009-01-16,5.05
2009-01-19,4.96
2009-01-20,4.95
2009-01-21,5.05
2009-01-22,5.14
2009-01-23,5.2
2009-01-26,5.2
2009-01-27,5.24
2009-01-28,5.25
2009-01-29,5.24
2009-01-30,5.18
2009-02-02,5.18
2009-02-03,5.16
2009-02-04,5.14
2009-02-05,5.08
2009-02-06,4.99
2009-02-09,4.98
2009-02-10,4.97
2009-02-11,4.94
2009-02-12,4.96
2009-02-13,4.96
2009-02-16,4.96
2009-02-17,4.92
2009-02-18,4.88
2009-02-19,4.86
2009-02-20,4.81
2009-02-25,4.91
2009-02-26,5.02
2009-02-27,5.03
2009-03-02,5.06
2009-03-03,5.13
2009-03-04,5.13
2009-03-05,5.11
2009-03-06,5.03
2009-03-09,5.04
2009-03-10,4.98
2009-03-11,4.96
2009-03-12,4.88
2009-03-13,4.88
2009-03-16,4.86
2009-03-17,4.81
2009-03-18,4.83
2009-03-19,4.8
2009-03-20,4.76
2009-03-23,4.76
2009-03-24,4.76
2009-03-25,4.8
2009-03-26,4.88
2009-03-27,4.92
2009-03-30,4.94
2009-03-31,5.01
2009-04-01,5.08
2009-04-02,5.12
2009-04-03,5.13
2009-04-06,5.16
2009-04-07,5.21
2009-04-08,5.25
2009-04-09,5.27
2009-04-13,5.27
2009-04-14,5.3
2009-04-15,5.33
2009-04-16,5.09
2009-04-17,5.09
2009-04-20,5.09
2009-04-22,5.09
2009-04-23,5.03
2009-04-24,5.03
2009-04-27,5.03
2009-04-28,5.02
2009-04-29,5.05
2009-04-30,5.06
2009-05-04,5.07
2009-05-05,5.09
2009-05-06,5.12
2009-05-07,5.0
2009-05-08,4.99
2009-05-11,4.96
2009-05-12,4.92
2009-05-13,4.88
2009-05-14,4.81
2009-05-15,4.79
2009-05-18,4.8
2009-05-19,4.86
2009-05-20,4.87
2009-05-21,4.96
2009-05-22,5.01
2009-05-25,5.04
2009-05-26,5.07
2009-05-27,5.09
2009-05-28,5.05
2009-05-29,5.01
2009-06-01,5.0
2009-06-02,5.02
2009-06-03,5.0
2009-06-04,4.99
2009-06-05,4.99
2009-06-08,4.96
2009-06-09,4.9
2009-06-10,4.87
2009-06-12,4.85
2009-06-15,4.85
2009-06-16,4.9
2009-06-17,4.95
2009-06-18,4.95
2009-06-19,4.96
2009-06-22,4.97
2009-06-23,4.95
2009-06-24,4.95
2009-06-25,4.9
2009-06-26,4.88
2009-06-29,4.88
2009-06-30,4.85
2009-07-01,4.85
2009-07-02,4.88
2009-07-03,4.92
2009-07-06,4.96
2009-07-07,4.96
2009-07-08,4.97
2009-07-10,4.95
2009-07-13,4.96
2009-07-14,4.96
2009-07-15,4.93
2009-07-16,4.88
2009-07-17,4.86
2009-07-20,4.87
2009-07-21,4.92
2009-07-22,4.89
2009-07-23,4.87
2009-07-24,4.86
2009-07-27,4.86
2009-07-28,4.87
2009-07-29,4.92
2009-07-30,4.98
2009-07-31,4.98
2009-08-03,4.96
2009-08-04,4.95
2009-08-05,4.92
2009-08-06,4.89
2009-08-07,4.87
2009-08-10,4.86
2009-08-11,4.82
2009-08-12,4.79
2009-08-13,4.78
2009-08-14,4.77
2009-08-17,4.74
2009-08-18,4.74
2009-08-19,4.72
2009-08-20,4.78
2009-08-21,4.81
2009-08-24,4.81
2009-08-25,4.81
2009-08-26,4.83
2009-08-27,4.91
2009-08-28,4.95
2009-08-31,4.95
2009-09-01,4.96
2009-09-02,4.96
2009-09-03,4.95
2009-09-04,4.85
2009-09-08,4.85
2009-09-09,4.86
2009-09-10,4.9
2009-09-11,4.91
2009-09-14,4.92
2009-09-15,4.94
2009-09-16,5.01
2009-09-17,5.04
2009-09-18,5.05
2009-09-21,5.05
2009-09-22,5.07
2009-09-23,5.08
2009-09-24,5.04
2009-09-25,5.05
2009-09-28,5.05
2009-09-29,5.05
2009-09-30,5.05
2009-10-01,5.18
2009-10-02,5.18
2009-10-05,5.18
2009-10-06,5.17
2009-10-07,5.13
2009-10-08,5.09
2009-10-09,5.09
2009-10-13,5.07
2009-10-14,5.06
2009-10-15,4.99
2009-10-16,4.96
2009-10-19,4.93
2009-10-20,4.89
2009-10-21,4.85
2009-10-22,4.85
2009-10-23,4.78
2009-10-26,4.77
2009-10-27,4.74
2009-10-28,4.75
2009-10-29,4.75
2009-10-30,4.77
2009-11-03,4.87
2009-11-04,4.92
2009-11-05,4.94
2009-11-06,4.94
2009-11-09,4.95
2009-11-10,4.91
2009-11-11,4.89
2009-11-12,4.77
2009-11-13,4.73
2009-11-16,4.71
2009-11-17,4.67
2009-11-18,4.66
2009-11-19,4.67
2009-11-23,4.68
2009-11-24,4.63
2009-11-25,4.69
2009-11-26,4.69
2009-11-27,4.69
2009-11-30,4.7
2009-12-01,4.71
2009-12-02,4.7
2009-12-03,4.73
2009-12-04,4.74
2009-12-07,4.76
2009-12-08,4.77
2009-12-09,4.78
2009-12-10,4.83
2009-12-11,4.88
2009-12-14,4.91
2009-12-15,4.9
2009-12-16,4.94
2009-12-17,4.99
2009-12-18,5.0
2009-12-21,5.05
2009-12-22,5.06
2009-12-23,5.07
2009-12-28,5.06
2009-12-29,5.02
2010-01-04,5.01
2010-01-05,5.01
2010-01-06,5.02
2010-01-07,4.94
2010-01-08,4.94
2010-01-11,4.92
2010-01-12,4.87
2010-01-13,4.84
2010-01-14,4.78
2010-01-15,4.74
2010-01-18,4.71
2010-01-19,4.68
2010-01-20,4.64
2010-01-21,4.67
2010-01-22,4.68
2010-01-26,4.71
2010-01-27,4.75
2010-01-28,4.83
2010-01-29,4.82
2010-02-01,4.83
2010-02-02,4.85
2010-02-03,4.85
2010-02-04,4.88
2010-02-05,4.89
2010-02-08,4.89
2010-02-09,4.89
2010-02-10,4.87
2010-02-11,4.81
2010-02-12,4.81
2010-02-17,4.78
2010-02-18,4.8
2010-02-19,4.88
2010-02-22,4.88
2010-02-23,4.91
2010-02-24,4.96
2010-02-25,4.97
2010-02-26,5.0
2010-03-01,4.99
2010-03-02,4.97
2010-03-03,4.97
2010-03-04,4.97
2010-03-05,4.99
2010-03-08,5.0
2010-03-09,5.0
2010-03-10,4.99
2010-03-11,5.01
2010-03-12,5.02
2010-03-15,5.04
2010-03-16,4.99
2010-03-17,5.02
2010-03-18,5.0
2010-03-19,5.02
2010-03-22,5.04
2010-03-23,5.04
2010-03-24,5.05
2010-03-25,5.05
2010-03-26,5.05
2010-03-29,5.04
2010-03-30,5.06
2010-03-31,5.13
2010-04-01,5.15
2010-04-05,5.19
2010-04-06,5.24
2010-04-07,5.27
2010-04-08,5.35
2010-04-09,5.35
2010-04-12,5.35
2010-04-13,5.35
2010-04-14,5.37
2010-04-15,5.3
2010-04-16,5.29
2010-04-19,5.28
2010-04-20,5.26
2010-04-22,5.18
2010-04-23,5.15
2010-04-26,5.17
2010-04-27,5.16
2010-04-28,5.17
2010-04-29,5.14
2010-04-30,5.15
2010-05-03,5.13
2010-05-04,5.15
2010-05-05,5.16
2010-05-06,5.16
2010-05-07,5.13
2010-05-10,5.1
2010-05-11,5.1
2010-05-12,5.07
2010-05-13,5.02
2010-05-14,4.99
2010-05-17,4.97
2010-05-18,4.88
2010-05-19,4.87
2010-05-20,4.86
2010-05-21,4.87
2010-05-24,4.89
2010-05-25,4.91
2010-05-26,5.05
2010-05-27,5.13
2010-05-28,5.15
2010-05-31,5.14
2010-06-01,5.16
2010-06-02,5.22
2010-06-04,5.24
2010-06-07,5.29
2010-06-08,5.3
2010-06-09,5.3
2010-06-10,5.28
2010-06-11,5.26
2010-06-14,5.24
2010-06-15,5.24
2010-06-16,5.21
2010-06-17,5.18
2010-06-18,5.11
2010-06-21,5.09
2010-06-22,5.1
2010-06-23,5.15
2010-06-24,5.19
2010-06-25,5.21
2010-06-28,5.23
2010-06-29,5.23
2010-06-30,5.27
2010-07-01,5.29
2010-07-02,5.3
2010-07-05,5.31
2010-07-06,5.35
2010-07-07,5.36
2010-07-08,5.36
2010-07-12,5.36
2010-07-13,5.34
2010-07-14,5.34
2010-07-15,5.28
2010-07-16,5.25
2010-07-19,5.24
2010-07-20,5.23
2010-07-21,5.22
2010-07-22,5.22
2010-07-23,5.21
2010-07-26,5.29
2010-07-27,5.31
2010-07-28,5.46
2010-07-29,5.48
2010-07-30,5.54
2010-08-02,5.54
2010-08-03,5.55
2010-08-04,5.54
2010-08-05,5.59
2010-08-06,5.6
2010-08-09,5.59
2010-08-10,5.61
2010-08-11,5.67
2010-08-12,5.67
2010-08-16,5.65
2010-08-17,5.66
2010-08-18,5.66
2010-08-19,5.68
2010-08-20,5.69
2010-08-23,5.69
2010-08-24,5.74
2010-08-25,5.86
2010-08-26,5.88
2010-08-27,5.91
2010-08-30,5.92
2010-08-31,5.92
2010-09-01,5.92
2010-09-02,5.92
2010-09-03,5.93
2010-09-06,5.94
2010-09-08,5.94
2010-09-09,6.02
2010-09-10,6.07
2010-09-13,6.09
2010-09-14,6.08
2010-09-15,6.06
2010-09-16,6.04
2010-09-17,6.05
2010-09-20,6.05
2010-09-21,6.02
2010-09-22,5.96
2010-09-23,5.95
2010-09-24,5.93
2010-09-27,5.93
2010-09-28,5.94
2010-09-29,5.97
2010-09-30,5.99
2010-10-01,6.0
2010-10-04,6.0
2010-10-05,6.03
2010-10-06,6.04
2010-10-07,6.1
2010-10-08,6.13
2010-10-11,6.13
2010-10-13,6.14
2010-10-14,6.28
2010-10-15,6.33
2010-10-18,6.33
2010-10-19,6.52
2010-10-20,6.64
2010-10-21,6.81
2010-10-22,6.81
2010-10-25,6.87
2010-10-26,6.92
2010-10-27,6.96
2010-10-28,6.99
2010-10-29,7.07
2010-11-01,7.08
2010-11-03,7.11
2010-11-04,7.21
2010-11-05,7.24
2010-11-08,7.25
2010-11-09,7.32
2010-11-10,7.36
2010-11-11,7.34
2010-11-12,7.34
2010-11-16,7.24
2010-11-17,7.13
2010-11-19,7.0
2010-11-22,6.96
2010-11-23,6.87
2010-11-24,6.86
2010-11-25,6.84
2010-11-26,6.67
2010-11-29,6.54
2010-11-30,6.45
2010-12-01,6.37
2010-12-02,6.32
2010-12-03,6.25
2010-12-06,6.26
2010-12-07,6.25
2010-12-08,6.27
2010-12-09,6.42
2010-12-10,6.44
2010-12-13,6.44
2010-12-14,6.44
2010-12-15,6.44
2010-12-16,6.44
2010-12-17,6.44
2010-12-20,6.4
2010-12-21,6.41
2010-12-22,6.37
2010-12-23,6.39
2011-01-03,6.52
2011-01-04,6.5
2011-01-05,6.52
2011-01-06,6.47
2011-01-07,6.43
2011-01-10,6.39
2011-01-11,6.42
2011-01-12,6.42
2011-01-13,6.37
2011-01-14,6.36
2011-01-17,6.34
2011-01-18,6.32
2011-01-19,6.28
2011-01-20,6.26
2011-01-21,6.26
2011-01-24,6.24
2011-01-25,6.23
2011-01-26,6.23
2011-01-27,6.25
2011-01-28,6.28
2011-01-31,6.33
2011-02-01,6.34
2011-02-03,6.42
2011-02-04,6.45
2011-02-07,6.42
2011-02-08,6.44
2011-02-09,6.52
2011-02-10,6.5
2011-02-11,6.49
2011-02-14,6.49
2011-02-15,6.55
2011-02-16,6.57
2011-02-17,6.57
2011-02-18,6.52
2011-02-21,6.53
2011-02-22,6.5
2011-02-23,6.47
2011-02-24,6.45
2011-02-25,6.43
2011-02-28,6.45
2011-03-01,6.44
2011-03-02,6.41
2011-03-03,6.45
2011-03-04,6.45
2011-03-09,6.5
2011-03-10,6.65
2011-03-11,6.72
2011-03-14,6.79
2011-03-15,6.73
2011-03-16,6.71
2011-03-17,6.67
2011-03-18,6.65
2011-03-21,6.63
2011-03-22,6.56
2011-03-23,6.47
2011-03-24,6.4
2011-03-25,6.35
2011-03-28,6.29
2011-03-29,6.3
2011-03-30,6.36
2011-03-31,6.38
2011-04-01,6.32
2011-04-04,6.3
2011-04-05,6.32
2011-04-06,6.43
2011-04-07,6.48
2011-04-08,6.48
2011-04-11,6.48
2011-04-12,6.47
2011-04-13,6.48
2011-04-14,6.44
2011-04-15,6.4
2011-04-18,6.35
2011-04-19,6.37
2011-04-20,6.37
2011-04-25,6.37
2011-04-26,6.35
2011-04-27,6.37
2011-04-28,6.44
2011-04-29,6.36
2011-05-02,6.39
2011-05-03,6.39
2011-05-04,6.37
2011-05-05,6.33
2011-05-06,6.3
2011-05-09,6.32
2011-05-10,6.33
2011-05-11,6.27
2011-05-12,6.21
2011-05-13,6.21
2011-05-16,6.17
2011-05-17,6.1
2011-05-18,6.1
2011-05-19,6.03
2011-05-20,5.99
2011-05-23,5.98
2011-05-24,5.98
2011-05-25,6.0
2011-05-26,6.04
2011-05-27,6.03
2011-05-30,6.03
2011-05-31,6.07
2011-06-01,6.08
2011-06-02,6.09
2011-06-03,6.07
2011-06-06,6.07
2011-06-07,6.08
2011-06-08,6.09
2011-06-09,6.08
2011-06-10,6.02
2011-06-13,5.99
2011-06-14,5.97
2011-06-15,5.92
2011-06-16,5.85
2011-06-17,5.87
2011-06-20,5.83
2011-06-21,5.82
2011-06-22,5.98
2011-06-24,6.04
2011-06-27,6.05
2011-06-28,6.02
2011-06-29,6.06
2011-06-30,6.05
2011-07-01,6.04
2011-07-04,6.03
2011-07-05,6.02
2011-07-06,6.06
2011-07-07,6.11
2011-07-08,6.06
2011-07-11,6.02
2011-07-12,6.03
2011-07-13,6.13
2011-07-14,6.14
2011-07-15,6.13
2011-07-18,6.13
2011-07-19,6.16
2011-07-20,6.15
2011-07-21,6.17
2011-07-22,6.19
2011-07-25,6.22
2011-07-26,6.23
2011-07-27,6.32
2011-07-28,6.38
2011-07-29,6.4
2011-08-01,6.46
2011-08-02,6.46
2011-08-03,6.49
2011-08-04,6.34
2011-08-05,6.37
2011-08-08,6.4
2011-08-09,6.44
2011-08-10,6.38
2011-08-11,6.27
2011-08-12,6.25
2011-08-15,6.24
2011-08-16,6.23
2011-08-17,6.16
2011-08-18,6.07
2011-08-19,6.07
2011-08-22,6.11
2011-08-23,6.13
2011-08-24,6.16
2011-08-25,6.23
2011-08-26,6.21
2011-08-29,6.19
2011-08-30,6.26
2011-08-31,6.31
2011-09-01,6.29
2011-09-02,6.25
2011-09-05,6.3
2011-09-06,6.3
2011-09-08,6.25
2011-09-09,6.28
2011-09-12,6.24
2011-09-13,6.23
2011-09-14,6.23
2011-09-15,6.08
2011-09-16,6.09
2011-09-19,6.12
2011-09-20,6.13
2011-09-21,6.14
2011-09-22,6.14
2011-09-23,6.19
2011-09-26,6.21
2011-09-27,6.23
2011-09-28,6.21
2011-09-29,6.2
2011-09-30,6.27
2011-10-03,6.28
2011-10-04,6.26
2011-10-05,6.34
2011-10-06,6.37
2011-10-07,6.37
2011-10-10,6.38
2011-10-11,6.39
2011-10-13,6.34
2011-10-14,6.37
2011-10-17,6.41
2011-10-18,6.35
2011-10-19,6.26
2011-10-20,6.28
2011-10-21,6.27
2011-10-24,6.26
2011-10-25,6.25
2011-10-26,6.32
2011-10-27,6.34
2011-10-28,6.39
2011-10-31,6.39
2011-11-01,6.45
2011-11-03,6.47
2011-11-04,6.67
2011-11-07,6.75
2011-11-08,6.77
2011-11-09,6.81
2011-11-10,6.92
2011-11-11,7.02
2011-11-14,7.07
2011-11-16,7.01
2011-11-17,7.0
2011-11-18,6.99
2011-11-21,6.97
2011-11-22,6.91
2011-11-23,6.9
2011-11-24,6.77
2011-11-25,6.67
2011-11-28,6.58
2011-11-29,6.58
2011-11-30,6.68
2011-12-01,6.63
2011-12-02,6.63
2011-12-05,6.71
2011-12-06,6.68
2011-12-07,6.53
2011-12-08,6.53
2011-12-09,6.45
2011-12-12,6.46
2011-12-13,6.49
2011-12-14,6.52
2011-12-15,6.48
2011-12-16,6.52
2011-12-19,6.57
2011-12-20,6.53
2011-12-21,6.56
2011-12-22,6.67
2011-12-23,6.7
2011-12-26,6.74
2011-12-27,6.78
2011-12-28,6.73
2011-12-29,6.73
2012-01-02,6.71
2012-01-03,6.7
2012-01-04,6.7
2012-01-05,6.62
2012-01-06,6.51
2012-01-09,6.53
2012-01-10,6.56
2012-01-11,6.43
2012-01-12,6.36
2012-01-13,6.41
2012-01-16,6.46
2012-01-17,6.49
2012-01-18,6.55
2012-01-19,6.28
2012-01-20,6.24
2012-01-23,6.28
2012-01-24,6.23
2012-01-25,6.23
2012-01-26,6.17
2012-01-27,6.11
2012-01-30,6.15
2012-01-31,6.21
2012-02-01,6.33
2012-02-02,6.39
2012-02-03,6.41
2012-02-06,6.4
2012-02-07,6.39
2012-02-08,6.42
2012-02-09,6.34
2012-02-10,6.29
2012-02-13,6.3
2012-02-14,6.26
2012-02-15,6.21
2012-02-16,6.17
2012-02-17,6.2
2012-02-22,6.21
2012-02-23,6.15
2012-02-24,6.19
2012-02-27,6.22
2012-02-28,6.2
2012-02-29,6.19
2012-03-01,6.18
2012-03-02,6.16
2012-03-05,6.11
2012-03-06,6.11
2012-03-07,6.13
2012-03-08,6.11
2012-03-09,6.16
2012-03-12,6.18
2012-03-13,6.19
2012-03-14,6.11
2012-03-15,6.06
2012-03-16,6.11
2012-03-19,6.14
2012-03-20,6.06
2012-03-21,6.03
2012-03-22,6.0
2012-03-23,6.06
2012-03-26,6.06
2012-03-27,6.09
2012-03-28,6.07
2012-03-29,6.05
2012-03-30,6.08
2012-04-02,6.13
2012-04-03,6.19
2012-04-04,6.34
2012-04-05,6.43
2012-04-09,6.46
2012-04-10,6.44
2012-04-11,6.45
2012-04-12,6.47
2012-04-13,6.38
2012-04-16,6.38
2012-04-17,6.36
2012-04-18,6.26
2012-04-19,6.06
2012-04-20,6.06
2012-04-23,6.09
2012-04-24,6.08
2012-04-25,6.16
2012-04-26,6.09
2012-04-27,6.07
2012-04-30,6.08
2012-05-02,6.08
2012-05-03,6.11
2012-05-04,6.04
2012-05-07,6.02
2012-05-08,6.02
2012-05-09,6.02
2012-05-10,5.98
2012-05-11,6.03
2012-05-14,6.04
2012-05-15,6.0
2012-05-16,5.94
2012-05-17,5.82
2012-05-18,5.81
2012-05-21,5.82
2012-05-22,5.81
2012-05-23,5.8
2012-05-24,5.77
2012-05-25,5.79
2012-05-28,5.91
2012-05-29,5.91
2012-05-30,5.91
2012-05-31,5.95
2012-06-01,5.93
2012-06-04,5.91
2012-06-05,5.97
2012-06-06,5.99
2012-06-08,6.08
2012-06-11,6.08
2012-06-12,6.04
2012-06-13,6.09
2012-06-15,6.13
2012-06-19,5.92
2012-06-20,5.91
2012-06-21,5.91
2012-06-22,5.91
2012-06-25,5.94
2012-06-26,5.83
2012-06-27,5.83
2012-06-28,5.76
2012-06-29,5.77
2012-07-02,5.82
2012-07-03,5.8
2012-07-06,5.82
2012-07-10,5.97
2012-07-11,5.95
2012-07-12,5.94
2012-07-13,5.93
2012-07-16,5.99
2012-07-17,5.99
2012-07-18,5.93
2012-07-19,5.88
2012-07-20,5.93
2012-07-23,5.9
2012-07-24,5.89
2012-07-25,5.9
2012-07-26,5.9
2012-07-27,5.88
2012-07-30,5.85
2012-07-31,5.86
2012-08-01,5.89
2012-08-02,5.86
2012-08-03,5.87
2012-08-06,5.9
2012-08-07,5.9
2012-08-08,6.01
2012-08-09,5.99
2012-08-10,5.98
2012-08-13,5.98
2012-08-14,5.93
2012-08-15,5.94
2012-08-16,5.9
2012-08-17,5.89
2012-08-20,5.88
2012-08-21,5.88
2012-08-22,5.94
2012-08-23,6.05
2012-08-24,6.12
2012-08-27,6.12
2012-08-28,6.16
2012-08-29,6.27
2012-08-30,6.51
2012-08-31,6.53
2012-09-03,6.61
2012-09-04,6.7
2012-09-05,6.83
2012-09-06,6.9
2012-09-10,6.91
2012-09-11,6.88
2012-09-12,6.85
2012-09-13,6.85
2012-09-14,6.82
2012-09-17,6.85
2012-09-18,6.67
2012-09-19,6.63
2012-09-20,6.57
2012-09-21,6.56
2012-09-24,6.56
2012-09-25,6.48
2012-09-26,6.49
2012-09-27,6.37
2012-09-28,6.38
2012-10-01,6.45
2012-10-02,6.47
2012-10-03,6.44
2012-10-04,6.41
2012-10-05,6.39
2012-10-08,6.43
2012-10-09,6.42
2012-10-10,6.44
2012-10-11,6.43
2012-10-15,6.44
2012-10-16,6.41
2012-10-17,6.42
2012-10-18,6.37
2012-10-19,6.36
2012-10-22,6.36
2012-10-23,6.34
2012-10-24,6.35
2012-10-25,6.29
2012-10-26,6.3
2012-10-29,6.3
2012-10-30,6.3
2012-10-31,6.29
2012-11-01,6.3
2012-11-05,6.3
2012-11-06,6.31
2012-11-07,6.41
2012-11-08,6.44
2012-11-09,6.49
2012-11-12,6.47
2012-11-13,6.46
2012-11-14,6.46
2012-11-16,6.46
2012-11-19,6.46
2012-11-20,6.46
2012-11-21,6.49
2012-11-22,6.37
2012-11-23,6.41
2012-11-26,6.43
2012-11-27,6.38
2012-11-28,6.33
2012-11-29,6.23
2012-11-30,6.25
2012-12-03,6.36
2012-12-04,6.36
2012-12-05,6.33
2012-12-06,6.31
2012-12-07,6.3
2012-12-10,6.35
2012-12-11,6.35
2012-12-12,6.37
2012-12-13,6.34
2012-12-14,6.29
2012-12-17,6.29
2012-12-18,6.28
2012-12-19,6.31
2012-12-20,6.29
2012-12-21,6.23
2012-12-26,6.37
2012-12-27,6.56
2012-12-28,6.61
2013-01-02,6.56
2013-01-03,6.67
2013-01-04,6.62
2013-01-07,6.68
2013-01-08,6.67
2013-01-09,6.66
2013-01-10,6.6
2013-01-11,6.59
2013-01-14,6.57
2013-01-15,6.55
2013-01-16,6.57
2013-01-17,6.46
2013-01-18,6.47
2013-01-21,6.46
2013-01-22,6.46
2013-01-23,6.48
2013-01-24,6.34
2013-01-25,6.27
2013-01-28,6.29
2013-01-29,6.29
2013-01-30,6.3
2013-01-31,6.33
2013-02-01,6.33
2013-02-04,6.35
2013-02-05,6.38
2013-02-06,6.34
2013-02-07,6.36
2013-02-08,6.29
2013-02-13,6.28
2013-02-14,6.26
2013-02-15,6.27
2013-02-18,6.31
2013-02-19,6.26
2013-02-20,6.27
2013-02-21,6.25
2013-02-22,6.18
2013-02-25,6.2
2013-02-26,6.18
2013-02-27,6.2
2013-02-28,6.19
2013-03-01,6.22
2013-03-04,6.28
2013-03-05,6.29
2013-03-06,6.29
2013-03-07,6.32
2013-03-08,6.31
2013-03-11,6.31
2013-03-12,6.34
2013-03-13,6.34
2013-03-14,6.36
2013-03-15,6.35
2013-03-18,6.35
2013-03-19,6.34
2013-03-20,6.33
2013-03-21,6.34
2013-03-22,6.36
2013-03-25,6.36
2013-03-26,6.35
2013-03-27,6.38
2013-03-28,6.42
2013-04-01,6.47
2013-04-02,6.47
2013-04-03,6.48
2013-04-04,6.48
2013-04-05,6.5
2013-04-08,6.54
2013-04-09,6.55
2013-04-10,6.54
2013-04-11,6.53
2013-04-12,6.53
2013-04-15,6.55
2013-04-16,6.56
2013-04-17,6.54
2013-04-18,6.55
2013-04-19,6.46
2013-04-22,6.51
2013-04-23,6.52
2013-04-24,6.52
2013-04-25,6.46
2013-04-26,6.36
2013-04-29,6.37
2013-04-30,6.36
2013-05-02,6.27
2013-05-03,6.3
2013-05-06,6.33
2013-05-07,6.34
2013-05-08,6.38
2013-05-09,6.33
2013-05-10,6.32
2013-05-13,6.29
2013-05-14,6.29
2013-05-15,6.33
2013-05-16,6.31
2013-05-17,6.3
2013-05-20,6.29
2013-05-21,6.3
2013-05-22,6.3
2013-05-23,6.23
2013-05-24,6.22
2013-05-27,6.21
2013-05-28,6.26
2013-05-29,6.27
2013-05-31,6.25
2013-06-03,6.31
2013-06-04,6.29
2013-06-05,6.31
2013-06-06,6.34
2013-06-07,6.4
2013-06-10,6.42
2013-06-11,6.45
2013-06-12,6.42
2013-06-13,6.37
2013-06-14,6.37
2013-06-17,6.25
2013-06-18,6.33
2013-06-19,6.32
2013-06-20,6.29
2013-06-21,6.28
2013-06-24,6.26
2013-06-25,6.29
2013-06-26,6.26
2013-06-27,6.35
2013-06-28,6.35
2013-07-01,6.47
2013-07-02,6.49
2013-07-03,6.53
2013-07-04,6.58
2013-07-05,6.58
2013-07-08,6.63
2013-07-10,6.65
2013-07-11,6.67
2013-07-12,6.68
2013-07-15,6.7
2013-07-16,6.67
2013-07-17,6.64
2013-07-18,6.56
2013-07-19,6.59
2013-07-22,6.54
2013-07-23,6.49
2013-07-24,6.47
2013-07-25,6.46
2013-07-26,6.44
2013-07-29,6.43
2013-07-30,6.35
2013-07-31,6.29
2013-08-01,6.21
2013-08-02,6.24
2013-08-05,6.21
2013-08-06,6.21
2013-08-07,6.22
2013-08-08,6.26
2013-08-09,6.24
2013-08-12,6.23
2013-08-13,6.24
2013-08-14,6.19
2013-08-15,6.21
2013-08-16,6.23
2013-08-19,6.27
2013-08-20,6.27
2013-08-21,6.28
2013-08-22,6.26
2013-08-23,6.3
2013-08-26,6.28
2013-08-27,6.3
2013-08-28,6.36
2013-08-29,6.4
2013-08-30,6.49
2013-09-02,6.53
2013-09-03,6.58
2013-09-04,6.62
2013-09-05,6.63
2013-09-06,6.66
2013-09-09,6.75
2013-09-10,6.78
2013-09-11,6.83
2013-09-12,6.85
2013-09-13,6.89
2013-09-16,6.93
2013-09-17,6.95
2013-09-18,6.98
2013-09-19,6.94
2013-09-20,6.99
2013-09-23,7.03
2013-09-24,6.98
2013-09-25,7.01
2013-09-26,7.11
2013-09-27,7.2
2013-09-30,7.24
2013-10-01,7.28
2013-10-02,7.29
2013-10-03,7.22
2013-10-04,7.18
2013-10-07,7.21
2013-10-08,7.19
2013-10-09,7.19
2013-10-10,7.12
2013-10-11,7.12
2013-10-14,7.09
2013-10-15,7.01
2013-10-16,7.02
2013-10-17,6.94
2013-10-18,6.93
2013-10-21,6.92
2013-10-22,6.94
2013-10-23,6.96
2013-10-24,6.84
2013-10-25,6.86
2013-10-28,6.89
2013-10-29,6.83
2013-10-30,6.84
2013-10-31,6.81
2013-11-01,6.83
2013-11-04,6.83
2013-11-05,6.86
2013-11-06,6.87
2013-11-07,6.95
2013-11-08,6.93
2013-11-11,7.0
2013-11-12,6.98
2013-11-13,7.01
2013-11-14,6.99
2013-11-18,7.0
2013-11-19,6.98
2013-11-20,7.04
2013-11-21,7.01
2013-11-22,7.04
2013-11-25,7.05
2013-11-26,7.02
2013-11-27,7.02
2013-11-28,7.09
2013-11-29,7.13
2013-12-02,7.14
2013-12-03,7.11
2013-12-04,7.19
2013-12-05,7.21
2013-12-06,7.32
2013-12-09,7.3
2013-12-10,7.33
2013-12-11,7.39
2013-12-12,7.55
2013-12-13,7.62
2013-12-16,7.7
2013-12-17,7.72
2013-12-18,7.74
2013-12-19,7.75
2013-12-20,7.71
2013-12-23,7.74
2013-12-26,7.73
2013-12-27,7.74
2013-12-30,7.77
2014-01-02,7.84
2014-01-03,7.85
2014-01-06,7.89
2014-01-07,7.83
2014-01-08,7.82
2014-01-09,7.78
2014-01-10,7.77
2014-01-13,7.74
2014-01-14,7.67
2014-01-15,7.55
2014-01-16,7.53
2014-01-17,7.43
2014-01-20,7.43
2014-01-21,7.42
2014-01-22,7.38
2014-01-23,7.26
2014-01-24,7.26
2014-01-27,7.23
2014-01-28,7.21
2014-01-29,7.39
2014-01-30,7.48
2014-01-31,7.48
2014-02-03,7.46
2014-02-04,7.48
2014-02-05,7.47
2014-02-06,7.52
2014-02-07,7.56
2014-02-10,7.62
2014-02-11,7.65
2014-02-12,7.71
2014-02-13,7.74
2014-02-14,7.75
2014-02-17,7.78
2014-02-18,7.79
2014-02-19,7.79
2014-02-20,7.81
2014-02-21,7.84
2014-02-24,7.77
2014-02-25,7.8
2014-02-26,7.88
2014-02-27,7.92
2014-02-28,7.94
2014-03-05,7.95
2014-03-06,7.96
2014-03-07,7.97
2014-03-10,8.07
2014-03-11,8.08
2014-03-12,8.15
2014-03-13,8.22
2014-03-14,8.23
2014-03-17,8.27
2014-03-18,8.32
2014-03-19,8.24
2014-03-20,8.18
2014-03-21,8.14
2014-03-24,8.13
2014-03-25,8.11
2014-03-26,8.11
2014-03-27,7.88
2014-03-28,7.81
2014-03-31,7.85
2014-04-01,7.86
2014-04-02,7.83
2014-04-03,7.82
2014-04-04,7.8
2014-04-07,7.8
2014-04-08,7.8
2014-04-09,7.8
2014-04-10,7.79
2014-04-11,7.77
2014-04-14,7.78
2014-04-15,7.76
2014-04-16,7.77
2014-04-17,7.77
2014-04-22,7.75
2014-04-23,7.76
2014-04-24,7.75
2014-04-25,7.74
2014-04-28,7.72
2014-04-29,7.69
2014-04-30,7.74
2014-05-02,7.83
2014-05-05,7.85
2014-05-06,7.89
2014-05-07,7.89
2014-05-08,7.9
2014-05-09,7.89
2014-05-12,7.89
2014-05-13,7.89
2014-05-14,7.9
2014-05-15,7.8
2014-05-16,7.76
2014-05-19,7.72
2014-05-20,7.7
2014-05-21,7.7
2014-05-22,7.65
2014-05-23,7.58
2014-05-26,7.57
2014-05-27,7.53
2014-05-28,7.48
2014-05-29,7.54
2014-05-30,7.55
2014-06-02,7.53
2014-06-03,7.62
2014-06-04,7.82
2014-06-05,7.86
2014-06-06,7.98
2014-06-09,8.01
2014-06-10,7.99
2014-06-11,7.99
2014-06-12,7.98
2014-06-13,7.97
2014-06-16,7.96
2014-06-17,7.94
2014-06-18,7.93
2014-06-20,7.91
2014-06-23,7.92
2014-06-24,7.89
2014-06-25,7.88
2014-06-26,7.7
2014-06-27,7.67
2014-06-30,7.64
2014-07-01,7.64
2014-07-02,7.6
2014-07-03,7.54
2014-07-04,7.55
2014-07-07,7.58
2014-07-08,7.57
2014-07-10,7.63
2014-07-11,7.67
2014-07-14,7.66
2014-07-15,7.62
2014-07-16,7.64
2014-07-17,7.56
2014-07-18,7.55
2014-07-21,7.55
2014-07-22,7.49
2014-07-23,7.49
2014-07-24,7.5
2014-07-25,7.49
2014-07-28,7.52
2014-07-29,7.5
2014-07-30,7.34
2014-07-31,7.63
2014-08-01,7.69
2014-08-04,7.7
2014-08-05,7.71
2014-08-06,7.74
2014-08-07,7.75
2014-08-08,7.75
2014-08-11,7.75
2014-08-12,7.74
2014-08-13,8.0
2014-08-14,8.01
2014-08-15,8.03
2014-08-18,8.13
2014-08-19,8.18
2014-08-20,8.16
2014-08-21,8.14
2014-08-22,8.11
2014-08-25,8.12
2014-08-26,8.21
2014-08-27,8.19
2014-08-28,8.14
2014-08-29,8.18
2014-09-01,8.08
2014-09-02,8.1
2014-09-03,8.12
2014-09-04,8.29
2014-09-05,8.29
2014-09-08,8.29
2014-09-09,8.22
2014-09-10,8.22
2014-09-11,8.11
2014-09-12,8.14
2014-09-15,8.14
2014-09-16,8.09
2014-09-17,8.05
2014-09-18,7.91
2014-09-19,7.95
2014-09-22,7.96
2014-09-23,7.94
2014-09-24,7.94
2014-09-25,7.89
2014-09-26,7.92
2014-09-29,7.9
2014-09-30,8.02
2014-10-01,8.05
2014-10-02,8.0
2014-10-03,8.02
2014-10-06,8.02
2014-10-07,8.07
2014-10-08,8.26
2014-10-09,8.24
2014-10-10,8.25
2014-10-13,8.24
2014-10-14,8.26
2014-10-15,8.32
2014-10-16,8.35
2014-10-17,8.36
2014-10-20,8.37
2014-10-21,8.35
2014-10-22,8.38
2014-10-23,8.33
2014-10-24,8.33
2014-10-27,8.36
2014-10-28,8.47
2014-10-29,8.53
2014-10-30,8.53
2014-10-31,8.6
2014-11-03,8.7
2014-11-04,8.8
2014-11-05,8.9
2014-11-06,8.97
2014-11-07,9.07
2014-11-10,9.13
2014-11-11,9.16
2014-11-12,9.22
2014-11-13,9.22
2014-11-14,9.2
2014-11-17,9.21
2014-11-18,9.02
2014-11-19,8.99
2014-11-20,8.97
2014-11-21,8.96
2014-11-24,8.97
2014-11-25,8.97
2014-11-26,8.99
2014-11-27,8.94
2014-11-28,8.95
2014-12-01,8.93
2014-12-02,8.92
2014-12-03,8.94
2014-12-04,8.93
2014-12-05,8.9
2014-12-08,8.92
2014-12-09,8.9
2014-12-10,8.94
2014-12-11,8.96
2014-12-12,8.95
2014-12-15,9.11
2014-12-16,9.02
2014-12-17,9.08
2014-12-18,9.1
2014-12-19,9.12
2014-12-22,9.11
2014-12-23,9.24
2014-12-26,9.2
2014-12-29,9.23
2014-12-30,9.25
2015-01-05,9.34
2015-01-06,9.25
2015-01-07,9.32
2015-01-08,9.27
2015-01-09,9.23
2015-01-12,9.29
2015-01-13,9.11
2015-01-14,9.11
2015-01-15,9.09
2015-01-16,9.06
2015-01-19,9.15
2015-01-20,9.05
2015-01-21,8.99
2015-01-22,8.82
2015-01-23,8.85
2015-01-26,8.88
2015-01-27,8.48
2015-01-28,8.48
2015-01-29,8.4
2015-01-30,8.4
2015-02-02,8.46
2015-02-03,8.79
2015-02-04,9.03
2015-02-05,8.96
2015-02-06,9.08
2015-02-09,9.01
2015-02-10,8.95
2015-02-11,8.95
2015-02-12,8.93
2015-02-13,8.95
2015-02-18,8.97
2015-02-19,8.9
2015-02-20,8.93
2015-02-23,8.95
2015-02-24,8.95
2015-02-25,8.91
2015-02-26,9.05
2015-02-27,9.11
2015-03-02,9.15
2015-03-03,9.17
2015-03-04,9.12
2015-03-05,9.05
2015-03-06,9.08
2015-03-09,9.1
2015-03-10,9.11
2015-03-11,9.14
2015-03-12,9.1
2015-03-13,9.07
2015-03-16,9.1
2015-03-17,9.12
2015-03-18,9.1
2015-03-19,9.02
2015-03-20,9.02
2015-03-23,9.03
2015-03-24,9.08
2015-03-25,9.04
2015-03-26,8.96
2015-03-27,8.92
2015-03-30,9.01
2015-03-31,9.06
2015-04-01,9.25
2015-04-02,9.33
2015-04-06,9.37
2015-04-07,9.48
2015-04-08,9.63
2015-04-09,9.71
2015-04-10,9.71
2015-04-13,9.77
2015-04-14,9.79
2015-04-15,9.81
2015-04-16,9.79
2015-04-17,9.76
2015-04-20,9.69
2015-04-22,9.68
2015-04-23,9.56
2015-04-24,9.63
2015-04-27,9.63
2015-04-28,9.58
2015-04-29,9.54
2015-04-30,9.56
2015-05-04,9.6
2015-05-05,9.64
2015-05-06,9.68
2015-05-07,9.62
2015-05-08,9.6
2015-05-11,9.65
2015-05-12,9.59
2015-05-13,9.53
2015-05-14,9.45
2015-05-15,9.44
2015-05-18,9.41
2015-05-19,9.38
2015-05-20,9.33
2015-05-21,9.3
2015-05-22,9.28
2015-05-25,9.26
2015-05-26,9.26
2015-05-27,9.26
2015-05-28,9.19
2015-05-29,9.2
2015-06-01,9.16
2015-06-02,9.17
2015-06-03,9.23
2015-06-05,9.29
2015-06-08,9.28
2015-06-09,9.34
2015-06-10,9.33
2015-06-11,9.33
2015-06-12,9.33
2015-06-15,9.36
2015-06-16,9.35
2015-06-17,9.38
2015-06-18,9.41
2015-06-19,9.42
2015-06-22,9.49
2015-06-23,9.52
2015-06-24,9.51
2015-06-25,9.59
2015-06-26,9.61
2015-06-29,9.63
2015-06-30,9.65
2015-07-01,9.68
2015-07-02,9.7
2015-07-03,9.7
2015-07-06,9.7
2015-07-07,9.67
2015-07-08,9.66
2015-07-10,9.55
2015-07-13,9.55
2015-07-14,9.55
2015-07-15,9.51
2015-07-16,9.49
2015-07-17,9.46
2015-07-20,9.46
2015-07-21,9.39
2015-07-22,9.34
2015-07-23,9.31
2015-07-24,9.29
2015-07-27,9.34
2015-07-28,9.35
2015-07-29,9.32
2015-07-30,9.33
2015-07-31,9.36
2015-08-03,9.44
2015-08-04,9.46
2015-08-05,9.55
2015-08-06,9.66
2015-08-07,9.7
2015-08-10,9.69
2015-08-11,9.65
2015-08-12,9.63
2015-08-13,9.58
2015-08-14,9.59
2015-08-17,9.63
2015-08-18,9.54
2015-08-19,9.51
2015-08-20,9.44
2015-08-21,9.44
2015-08-24,9.48
2015-08-25,9.5
2015-08-26,9.57
2015-08-27,9.45
2015-08-28,9.42
2015-08-31,9.54
2015-09-01,9.52
2015-09-02,9.53
2015-09-03,9.51
2015-09-04,9.54
2015-09-08,9.56
2015-09-09,9.54
2015-09-10,9.51
2015-09-11,9.49
2015-09-14,9.53
2015-09-15,9.54
2015-09-16,9.56
2015-09-17,9.62
2015-09-18,9.67
2015-09-21,9.71
2015-09-22,9.7
2015-09-23,9.68
2015-09-24,9.65
2015-09-25,9.68
2015-09-28,9.69
2015-09-29,9.71
2015-09-30,9.7
2015-10-01,9.72
2015-10-02,9.75
2015-10-05,9.8
2015-10-06,9.78
2015-10-07,9.8
2015-10-08,9.74
2015-10-09,9.78
2015-10-13,9.81
2015-10-14,9.77
2015-10-15,9.75
2015-10-16,9.79
2015-10-19,9.82
2015-10-20,9.79
2015-10-21,9.81
2015-10-22,9.77
2015-10-23,9.78
2015-10-26,9.79
2015-10-27,9.75
2015-10-28,9.77
2015-10-29,9.75
2015-10-30,9.83
2015-11-03,9.77
2015-11-04,9.85
2015-11-05,9.83
2015-11-06,9.86
2015-11-09,9.87
2015-11-10,9.93
2015-11-11,9.89
2015-11-12,9.84
2015-11-13,9.83
2015-11-16,9.87
2015-11-17,9.87
2015-11-18,9.82
2015-11-19,9.8
2015-11-20,9.77
2015-11-23,9.79
2015-11-24,9.78
2015-11-25,9.79
2015-11-26,9.72
2015-11-27,9.74
2015-11-30,9.78
2015-12-01,9.72
2015-12-02,9.69
2015-12-03,9.69
2015-12-04,9.74
2015-12-07,9.77
2015-12-08,9.77
2015-12-09,9.78
2015-12-10,9.79
2015-12-11,9.81
2015-12-14,9.84
2015-12-15,9.83
2015-12-16,9.84
2015-12-17,9.85
2015-12-18,9.87
2015-12-21,10.0
2015-12-22,10.03
2015-12-23,10.05
2015-12-28,10.11
2015-12-29,10.07
2015-12-30,10.21
2016-01-04,10.26
2016-01-05,10.2
2016-01-06,10.26
2016-01-07,10.21
2016-01-08,10.28
2016-01-11,10.34
2016-01-12,10.28
2016-01-13,10.26
2016-01-14,10.22
2016-01-15,10.34
2016-01-18,10.3
2016-01-19,10.25
2016-01-20,10.21
2016-01-21,10.09
2016-01-22,10.06
2016-01-25,10.11
2016-01-26,10.07
2016-01-27,10.01
2016-01-28,9.98
2016-01-29,9.95
2016-02-01,9.95
2016-02-02,9.94
2016-02-03,9.98
2016-02-04,9.99
2016-02-05,10.08
2016-02-10,10.14
2016-02-11,10.09
2016-02-12,10.14
2016-02-15,10.16
2016-02-16,10.15
2016-02-17,10.12
2016-02-18,10.13
2016-02-19,10.09
2016-02-22,10.1
2016-02-23,10.11
2016-02-24,10.08
2016-02-25,10.04
2016-02-26,10.1
2016-02-29,10.11
2016-03-01,10.11
2016-03-02,10.15
2016-03-03,10.12
2016-03-04,10.15
2016-03-07,10.15
2016-03-08,10.15
2016-03-09,10.15
2016-03-10,10.19
2016-03-11,10.16
2016-03-14,10.2
2016-03-15,10.16
2016-03-16,10.24
2016-03-17,10.23
2016-03-18,10.18
2016-03-21,10.19
2016-03-22,10.19
2016-03-23,10.17
2016-03-24,10.25
2016-03-28,10.26
2016-03-29,10.27
2016-03-30,10.22
2016-03-31,10.22
2016-04-01,10.25
2016-04-04,10.17
2016-04-05,10.14
2016-04-06,10.1
2016-04-07,10.09
2016-04-08,10.08
2016-04-11,10.1
2016-04-12,10.09
2016-04-13,10.03
2016-04-14,9.98
2016-04-15,9.99
2016-04-18,9.97
2016-04-19,9.89
2016-04-20,9.86
2016-04-22,9.81
2016-04-25,9.74
2016-04-26,9.74
2016-04-27,9.67
2016-04-28,9.76
2016-04-29,9.83
2016-05-02,9.81
2016-05-03,9.81
2016-05-04,9.83
2016-05-05,9.83
2016-05-06,9.8
2016-05-09,9.83
2016-05-10,9.76
2016-05-11,9.62
2016-05-12,9.62
2016-05-13,9.59
2016-05-16,9.67
2016-05-17,9.76
2016-05-18,9.67
2016-05-19,9.66
2016-05-20,9.69
2016-05-23,9.71
2016-05-24,9.69
2016-05-25,9.68
2016-05-27,9.7
2016-05-30,9.52
2016-05-31,9.51
2016-06-01,9.5
2016-06-02,9.58
2016-06-03,9.62
2016-06-06,9.82
2016-06-07,9.79
2016-06-08,9.8
2016-06-09,9.82
2016-06-10,9.81
2016-06-13,9.83
2016-06-14,9.81
2016-06-15,9.79
2016-06-16,9.74
2016-06-17,9.78
2016-06-20,9.77
2016-06-21,9.74
2016-06-22,9.7
2016-06-23,9.69
2016-06-24,9.71
2016-06-27,9.74
2016-06-28,9.7
2016-06-29,9.64
2016-06-30,9.67
2016-07-01,9.65
2016-07-04,9.58
2016-07-05,9.57
2016-07-06,9.57
2016-07-07,9.56
2016-07-08,9.56
2016-07-11,9.58
2016-07-12,9.56
2016-07-13,9.55
2016-07-14,9.41
2016-07-15,9.4
2016-07-18,9.42
2016-07-19,9.41
2016-07-20,9.4
2016-07-21,9.42
2016-07-22,9.42
2016-07-25,9.4
2016-07-26,9.38
2016-07-27,9.38
2016-07-28,9.41
2016-07-29,9.41
2016-08-01,9.3
2016-08-02,9.28
2016-08-03,9.28
2016-08-04,9.26
2016-08-05,9.26
2016-08-08,9.27
2016-08-09,9.38
2016-08-10,9.38
2016-08-11,9.43
2016-08-12,9.38
2016-08-15,9.47
2016-08-16,9.59
2016-08-17,9.66
2016-08-18,9.66
2016-08-19,9.65
2016-08-22,9.67
2016-08-23,9.59
2016-08-24,9.64
2016-08-25,9.61
2016-08-26,9.59
2016-08-29,9.6
2016-08-30,9.56
2016-08-31,9.62
2016-09-01,9.66
2016-09-02,9.73
2016-09-05,9.76
2016-09-06,9.89
2016-09-08,10.14
2016-09-09,10.24
2016-09-12,10.3
2016-09-13,10.34
2016-09-14,10.41
2016-09-15,10.42
2016-09-16,10.48
2016-09-19,10.48
2016-09-20,10.47
2016-09-21,10.44
2016-09-22,10.46
2016-09-23,10.46
2016-09-26,10.47
2016-09-27,10.42
2016-09-28,10.38
2016-09-29,10.37
2016-09-30,10.4
2016-10-03,10.4
2016-10-04,10.4
2016-10-05,10.37
2016-10-06,10.35
2016-10-07,10.36
2016-10-10,10.35
2016-10-11,10.32
2016-10-13,10.35
2016-10-14,10.3
2016-10-17,10.26
2016-10-18,10.22
2016-10-19,10.2
2016-10-20,10.18
2016-10-21,10.17
2016-10-24,10.18
2016-10-25,10.16
2016-10-26,10.09
2016-10-27,10.07
2016-10-28,10.07
2016-10-31,10.05
2016-11-01,10.12
2016-11-03,10.13
2016-11-04,10.16
2016-11-07,10.19
2016-11-08,10.19
2016-11-09,10.15
2016-11-10,10.12
2016-11-11,10.07
2016-11-14,10.06
2016-11-16,10.08
2016-11-17,10.07
2016-11-18,10.07
2016-11-21,10.1
2016-11-22,9.99
2016-11-23,10.01
2016-11-24,10.01
2016-11-25,9.99
2016-11-28,9.96
2016-11-29,10.03
2016-11-30,10.04
2016-12-01,10.07
2016-12-02,10.09
2016-12-05,10.08
2016-12-06,10.1
2016-12-07,10.12
2016-12-08,10.15
2016-12-09,10.14
2016-12-12,10.13
2016-12-13,10.13
2016-12-14,10.15
2016-12-15,10.16
2016-12-16,10.17
2016-12-19,10.19
2016-12-20,10.2
2016-12-21,10.27
2016-12-22,10.31
2016-12-23,10.32
2016-12-26,10.31
2016-12-27,10.31
2016-12-28,10.27
2016-12-29,10.29
2017-01-02,10.27
2017-01-03,10.29
2017-01-04,10.26
2017-01-05,10.26
2017-01-06,10.23
2017-01-09,10.21
2017-01-10,10.23
2017-01-11,10.25
2017-01-12,10.28
2017-01-13,10.27
2017-01-16,10.26
2017-01-17,10.26
2017-01-18,10.26
2017-01-19,10.22
2017-01-20,10.26
2017-01-23,10.29
2017-01-24,10.27
2017-01-25,10.28
2017-01-26,10.2
2017-01-27,10.18
2017-01-30,10.2
2017-01-31,10.2
2017-02-01,10.15
2017-02-02,10.15
2017-02-03,10.13
2017-02-06,10.1
2017-02-07,10.15
2017-02-08,10.12
2017-02-09,10.06
2017-02-10,10.07
2017-02-13,10.07
2017-02-14,10.03
2017-02-15,10.03
2017-02-16,10.03
2017-02-17,10.02
2017-02-20,10.05
2017-02-21,9.97
2017-02-22,9.97
2017-02-23,10.02
2017-02-24,9.99
2017-03-01,10.0
2017-03-02,9.99
2017-03-03,9.94
2017-03-06,9.91
2017-03-07,9.96
2017-03-08,9.97
2017-03-09,9.96
2017-03-10,10.0
2017-03-13,9.97
2017-03-14,9.97
2017-03-15,9.96
2017-03-16,9.94
2017-03-17,9.93
2017-03-20,9.91
2017-03-21,9.91
2017-03-22,9.88
2017-03-23,9.8
2017-03-24,9.69
2017-03-27,9.63
2017-03-28,9.63
2017-03-29,9.61
2017-03-30,9.63
2017-03-31,9.65
2017-04-03,9.66
2017-04-04,9.67
2017-04-05,9.67
2017-04-06,9.78
2017-04-07,9.8
2017-04-10,9.89
2017-04-11,9.9
2017-04-12,9.99
2017-04-13,10.18
2017-04-17,10.19
2017-04-18,10.19
2017-04-19,10.19
2017-04-20,10.13
2017-04-24,10.16
2017-04-25,10.11
2017-04-26,10.03
2017-04-27,10.04
2017-04-28,10.05
2017-05-02,10.06
2017-05-03,10.04
2017-05-04,10.04
2017-05-05,10.03
2017-05-08,10.04
2017-05-09,10.03
2017-05-10,10.01
2017-05-11,9.99
2017-05-12,9.89
2017-05-15,9.89
2017-05-16,9.91
2017-05-17,9.92
2017-05-18,9.92
2017-05-19,9.89
2017-05-22,9.96
2017-05-23,9.96
2017-05-24,9.81
2017-05-25,9.8
2017-05-26,9.8
2017-05-29,9.8
2017-05-30,9.8
2017-05-31,9.81
2017-06-01,9.81
2017-06-02,9.78
2017-06-05,9.7
2017-06-06,9.71
2017-06-07,9.73
2017-06-08,9.71
2017-06-09,9.68
2017-06-12,9.66
2017-06-13,9.67
2017-06-14,9.65
2017-06-16,9.66
2017-06-19,9.61
2017-06-20,9.58
2017-06-21,9.57
2017-06-22,9.54
2017-06-23,9.52
2017-06-26,9.54
2017-06-27,9.53
2017-06-28,9.49
2017-06-29,9.43
2017-06-30,9.43
2017-07-03,9.4
2017-07-04,9.41
2017-07-05,9.34
2017-07-06,9.29
2017-07-07,9.32
2017-07-10,9.27
2017-07-11,9.27
2017-07-12,9.28
2017-07-13,9.23
2017-07-14,9.19
2017-07-17,9.15
2017-07-18,9.11
2017-07-19,9.1
2017-07-20,9.01
2017-07-21,8.99
2017-07-24,8.95
2017-07-25,8.91
2017-07-26,8.87
2017-07-27,8.87
2017-07-28,8.87
2017-07-31,8.89
2017-08-01,8.9
2017-08-02,8.85
2017-08-03,8.88
2017-08-04,8.91
2017-08-07,8.93
2017-08-08,9.01
2017-08-09,9.08
2017-08-10,9.17
2017-08-11,9.2
2017-08-14,9.23
2017-08-15,9.35
2017-08-16,9.4
2017-08-17,9.4
2017-08-18,9.4
2017-08-21,9.4
2017-08-22,9.45
2017-08-23,9.51
2017-08-24,9.58
2017-08-25,9.6
2017-08-28,9.64
2017-08-29,9.72
2017-08-30,9.73
2017-08-31,9.71
2017-09-01,9.77
2017-09-04,9.85
2017-09-05,9.91
2017-09-06,9.97
2017-09-08,9.97
2017-09-11,10.07
2017-09-12,10.07
2017-09-13,10.06
2017-09-14,10.02
2017-09-15,9.94
2017-09-18,9.91
2017-09-19,9.9
2017-09-20,9.83
2017-09-21,9.74
2017-09-22,9.77
2017-09-25,9.73
2017-09-26,9.76
2017-09-27,9.76
2017-09-28,9.76
2017-09-29,9.72
2017-10-02,9.72
2017-10-03,9.75
2017-10-04,9.77
2017-10-05,9.74
2017-10-06,9.69
2017-10-09,9.68
2017-10-10,9.69
2017-10-11,9.71
2017-10-13,9.69
2017-10-16,9.63
2017-10-17,9.61
2017-10-18,9.6
2017-10-19,9.57
2017-10-20,9.56
2017-10-23,9.54
2017-10-24,9.53
2017-10-25,9.55
2017-10-26,9.55
2017-10-27,9.54
2017-10-30,9.51
2017-10-31,9.55
2017-11-01,9.57
2017-11-03,9.57
2017-11-06,9.61
2017-11-07,9.66
2017-11-08,9.7
2017-11-09,9.72
2017-11-10,9.72
2017-11-13,9.75
2017-11-14,9.75
2017-11-16,9.79
2017-11-17,9.77
2017-11-20,9.74
2017-11-21,9.74
2017-11-22,9.78
2017-11-23,9.74
2017-11-24,9.72
2017-11-27,9.72
2017-11-28,9.71
2017-11-29,9.71
2017-11-30,9.72
2017-12-01,9.73
2017-12-04,9.76
2017-12-05,9.77
2017-12-06,9.79
2017-12-07,9.83
2017-12-08,9.97
2017-12-11,10.1
2017-12-12,10.11
2017-12-13,10.15
2017-12-14,10.15
2017-12-15,10.17
2017-12-18,10.25
2017-12-19,10.25
2017-12-20,10.29
2017-12-21,10.32
2017-12-22,10.35
2017-12-26,10.38
2017-12-27,10.37
2017-12-28,10.44
2018-01-02,10.48
2018-01-03,10.37
2018-01-04,10.32
2018-01-05,10.28
2018-01-08,10.28
2018-01-09,10.28
2018-01-10,10.25
2018-01-11,10.2
2018-01-12,10.17
2018-01-15,10.12
2018-01-16,10.2
2018-01-17,10.16
2018-01-18,10.11
2018-01-19,10.03
2018-01-22,10.04
2018-01-23,10.04
2018-01-24,9.95
2018-01-25,9.96
2018-01-26,9.91
2018-01-29,9.74
2018-01-30,9.7
2018-01-31,9.71
2018-02-01,9.65
2018-02-02,9.68
2018-02-05,9.72
2018-02-06,9.79
2018-02-07,9.81
2018-02-08,9.82
2018-02-09,9.95
2018-02-14,9.99
2018-02-15,10.01
2018-02-16,10.01
2018-02-19,10.0
2018-02-20,9.93
2018-02-21,9.92
2018-02-22,9.9
2018-02-23,9.9
2018-02-26,9.87
2018-02-27,9.8
2018-02-28,9.8
2018-03-01,9.75
2018-03-02,9.66
2018-03-05,9.66
2018-03-06,9.68
2018-03-07,9.69
2018-03-08,9.71
2018-03-09,9.72
2018-03-12,9.7
2018-03-13,9.71
2018-03-14,9.72
2018-03-15,9.61
2018-03-16,9.57
2018-03-19,9.55
2018-03-20,9.51
2018-03-21,9.51
2018-03-22,9.51
2018-03-23,9.46
2018-03-26,9.44
2018-03-27,9.44
2018-03-28,9.55
2018-03-29,9.54
2018-04-02,9.61
2018-04-03,9.63
2018-04-04,9.67
2018-04-05,9.58
2018-04-06,9.56
2018-04-09,9.61
2018-04-10,9.65
2018-04-11,9.7
2018-04-12,9.7
2018-04-13,9.65
2018-04-16,9.62
2018-04-17,9.61
2018-04-18,9.61
2018-04-19,9.57
2018-04-20,9.54
2018-04-23,9.55
2018-04-24,9.56
2018-04-25,9.52
2018-04-26,9.56
2018-04-27,9.56
2018-04-30,9.55
2018-05-02,9.55
2018-05-03,9.57
2018-05-04,9.58
2018-05-07,9.62
2018-05-08,9.68
2018-05-09,9.69
2018-05-10,9.67
2018-05-11,9.7
2018-05-14,9.68
2018-05-15,9.65
2018-05-16,9.65
2018-05-17,9.61
2018-05-18,9.54
2018-05-21,9.5
2018-05-22,9.5
2018-05-23,9.5
2018-05-24,9.62
2018-05-25,9.62
2018-05-28,9.71
2018-05-29,9.69
2018-05-30,10.14
2018-06-01,10.27
2018-06-04,10.46
2018-06-05,10.51
2018-06-06,10.59
2018-06-07,10.42
2018-06-08,10.3
2018-06-11,10.27
2018-06-12,10.25
2018-06-13,10.22
2018-06-14,10.1
2018-06-15,10.03
2018-06-18,9.98
2018-06-19,9.93
2018-06-20,9.83
2018-06-21,9.83
2018-06-22,9.82
2018-06-25,9.74
2018-06-26,9.66
2018-06-27,9.64
2018-06-28,9.62
2018-06-29,9.64
2018-07-02,9.41
2018-07-03,9.4
2018-07-04,9.41
2018-07-05,9.51
2018-07-06,9.5
2018-07-10,9.51
2018-07-11,9.55
2018-07-12,9.6
2018-07-13,9.61
2018-07-16,9.6
2018-07-17,9.59
2018-07-18,9.55
2018-07-19,9.52
2018-07-20,9.51
2018-07-23,9.52
2018-07-24,9.5
2018-07-25,9.46
2018-07-26,9.51
2018-07-27,9.49
2018-07-30,9.49
2018-07-31,9.56
2018-08-01,9.59
2018-08-02,9.63
2018-08-03,9.67
2018-08-06,9.74
2018-08-07,9.82
2018-08-08,9.79
2018-08-09,9.85
2018-08-10,9.77
2018-08-13,9.71
2018-08-14,9.63
2018-08-15,9.68
2018-08-16,9.65
2018-08-17,9.62
2018-08-20,9.55
2018-08-21,9.53
2018-08-22,9.52
2018-08-23,9.59
2018-08-24,9.63
2018-08-27,9.61
2018-08-28,9.72
2018-08-29,9.78
2018-08-30,9.82
2018-08-31,9.83
2018-09-03,9.88
2018-09-04,9.85
2018-09-05,9.94
2018-09-06,9.93
2018-09-10,9.96
2018-09-11,10.01
2018-09-12,10.1
2018-09-13,10.14
2018-09-14,10.1
2018-09-17,10.12
2018-09-18,10.13
2018-09-19,10.14
2018-09-20,10.2
2018-09-21,10.25
2018-09-24,10.28
2018-09-25,10.27
2018-09-26,10.29
2018-09-27,10.26
2018-09-28,10.26
2018-10-01,10.23
2018-10-02,10.27
2018-10-03,10.18
2018-10-04,10.22
2018-10-05,10.2
2018-10-08,10.25
2018-10-09,10.27
2018-10-10,10.21
2018-10-11,10.21
2018-10-15,10.31
2018-10-16,10.33
2018-10-17,10.33
2018-10-18,10.22
2018-10-19,10.16
2018-10-22,10.1
2018-10-23,10.13
2018-10-24,10.11
2018-10-25,10.02
2018-10-26,9.96
2018-10-29,9.86
2018-10-30,9.89
2018-10-31,9.93
2018-11-01,9.99
2018-11-05,10.07
2018-11-06,10.11
2018-11-07,10.14
2018-11-08,10.17
2018-11-09,10.2
2018-11-12,10.21
2018-11-13,10.22
2018-11-14,10.28
2018-11-16,10.25
2018-11-19,10.26
2018-11-20,10.26
2018-11-21,10.26
2018-11-22,10.2
2018-11-23,10.22
2018-11-26,10.23
2018-11-27,10.22
2018-11-28,10.22
2018-11-29,10.19
2018-11-30,10.23
2018-12-03,10.34
2018-12-04,10.42
2018-12-05,10.48
2018-12-06,10.53
2018-12-07,10.58
2018-12-10,10.54
2018-12-11,10.55
2018-12-12,10.56
2018-12-13,10.57
2018-12-14,10.6
2018-12-17,10.62
2018-12-18,10.62
2018-12-19,10.67
2018-12-20,10.75
2018-12-21,10.77
2018-12-26,10.84
2018-12-27,10.79
2018-12-28,10.82
2019-01-02,10.89
2019-01-03,10.88
2019-01-04,10.82
2019-01-07,10.82
2019-01-08,10.82
2019-01-09,10.8
2019-01-10,10.72
2019-01-11,10.71
2019-01-14,10.61
2019-01-15,10.59
2019-01-16,10.55
2019-01-17,10.5
2019-01-18,10.39
2019-01-21,10.34
2019-01-22,10.37
2019-01-23,10.28
2019-01-24,10.19
2019-01-25,10.27
2019-01-28,10.28
2019-01-29,10.23
2019-01-30,10.29
2019-01-31,10.39
2019-02-01,10.37
2019-02-04,10.39
2019-02-05,10.37
2019-02-06,10.46
2019-02-07,10.54
2019-02-08,10.59
2019-02-11,10.59
2019-02-12,10.56
2019-02-13,10.58
2019-02-14,10.54
2019-02-15,10.56
2019-02-18,10.6
2019-02-19,10.58
2019-02-20,10.5
2019-02-21,10.46
2019-02-22,10.43
2019-02-25,10.41
2019-02-26,10.43
2019-02-27,10.48
2019-02-28,10.47
2019-03-01,10.47
2019-03-06,10.44
2019-03-07,10.55
2019-03-08,10.58
2019-03-11,10.61
2019-03-12,10.63
2019-03-13,10.71
2019-03-14,10.78
2019-03-15,10.78
2019-03-18,10.78
2019-03-19,10.79
2019-03-20,10.78
2019-03-21,10.66
2019-03-22,10.67
2019-03-25,10.69
2019-03-26,10.64
2019-03-27,10.57
2019-03-28,10.56
2019-03-29,10.49
2019-04-01,10.42
2019-04-02,10.44
2019-04-03,10.48
2019-04-04,10.49
2019-04-05,10.67
2019-04-08,10.61
2019-04-09,10.68
2019-04-10,10.76
2019-04-11,10.8
2019-04-12,10.84
2019-04-15,10.86
2019-04-16,10.89
2019-04-17,10.88
2019-04-18,10.91
2019-04-22,10.88
2019-04-23,10.9
2019-04-24,10.9
2019-04-25,10.84
2019-04-26,10.87
2019-04-29,10.83
2019-04-30,10.82
2019-05-02,10.89
2019-05-03,10.76
2019-05-06,10.74
2019-05-07,10.8
2019-05-08,10.84
2019-05-09,10.85
2019-05-10,10.81
2019-05-13,10.83
2019-05-14,10.84
2019-05-15,10.79
2019-05-16,10.79
2019-05-17,10.8
2019-05-20,10.78
2019-05-21,10.77
2019-05-22,10.77
2019-05-23,10.75
2019-05-24,10.72
2019-05-27,10.72
2019-05-28,10.7
2019-05-29,10.73
2019-05-30,10.71
2019-05-31,10.68
2019-06-03,10.69
2019-06-04,10.68
2019-06-05,10.68
2019-06-06,10.67
2019-06-07,10.69
2019-06-10,10.67
2019-06-11,10.62
2019-06-12,10.62
2019-06-13,10.65
2019-06-14,10.66
2019-06-17,10.68
2019-06-18,10.71
2019-06-19,10.73
2019-06-21,10.74
2019-06-24,10.76
2019-06-25,10.74
2019-06-26,10.74
2019-06-27,10.74
2019-06-28,10.76
2019-07-01,10.78
2019-07-02,10.79
2019-07-03,10.77
2019-07-04,10.76
2019-07-05,10.76
2019-07-08,10.74
2019-07-10,10.73
2019-07-11,10.72
2019-07-12,10.69
2019-07-15,10.65
2019-07-16,10.62
2019-07-17,10.6
2019-07-18,10.54
2019-07-19,10.54
2019-07-22,10.53
2019-07-23,10.45
2019-07-24,10.44
2019-07-25,10.45
2019-07-26,10.42
2019-07-29,10.43
2019-07-30,10.43
2019-07-31,10.43
2019-08-01,10.45
2019-08-02,10.48
2019-08-05,10.48
2019-08-06,10.5
2019-08-07,10.52
2019-08-08,10.56
2019-08-09,10.57
2019-08-12,10.56
2019-08-13,10.57
2019-08-14,10.58
2019-08-15,10.56
2019-08-16,10.58
2019-08-19,10.58
2019-08-20,10.61
2019-08-21,10.6
2019-08-22,10.58
2019-08-23,10.57
2019-08-26,10.56
2019-08-27,10.59
2019-08-28,10.59
2019-08-29,10.64
2019-08-30,10.65
2019-09-02,10.65
2019-09-03,10.68
2019-09-04,10.68
2019-09-05,10.7
2019-09-06,10.74
2019-09-09,10.73
2019-09-10,10.76
2019-09-11,10.75
2019-09-12,10.74
2019-09-13,10.73
2019-09-16,10.75
2019-09-17,10.73
2019-09-18,10.77
2019-09-19,10.82
2019-09-20,10.84
2019-09-23,10.88
2019-09-24,10.87
2019-09-25,10.88
2019-09-26,10.88
2019-09-27,10.89
2019-09-30,10.91
2019-10-01,10.86
2019-10-02,10.88
2019-10-03,10.99
2019-10-04,10.98
2019-10-07,11.04
2019-10-08,10.96
2019-10-09,10.99
2019-10-10,11.07
2019-10-11,11.12
2019-10-14,11.2
2019-10-15,11.29
2019-10-16,11.44
2019-10-17,11.48
2019-10-18,11.45
2019-10-21,11.48
2019-10-22,11.49
2019-10-23,11.5
2019-10-24,11.53
2019-10-25,11.57
2019-10-28,11.6
2019-10-29,11.6
2019-10-30,11.65
2019-10-31,11.8
2019-11-01,11.93
2019-11-04,12.01
2019-11-05,12.11
2019-11-06,12.22
2019-11-07,12.33
2019-11-08,12.4
2019-11-11,12.5
2019-11-12,12.65
2019-11-13,12.79
2019-11-14,13.47
2019-11-18,13.96
2019-11-19,14.6
2019-11-20,14.75
2019-11-21,15.59
2019-11-22,15.68
2019-11-25,15.85
2019-11-26,15.94
2019-11-27,16.19
2019-11-28,16.46
2019-11-29,15.92
2019-12-02,16.11
2019-12-03,16.05
2019-12-04,15.95
2019-12-05,15.62
2019-12-06,15.58
2019-12-09,15.24
2019-12-10,14.98
2019-12-11,14.92
2019-12-12,14.49
2019-12-13,14.38
2019-12-16,14.22
2019-12-17,14.19
2019-12-18,14.09
2019-12-19,14.3
2019-12-20,14.42
2019-12-23,14.34
2019-12-26,14.76
2019-12-27,14.4
2019-12-30,14.38
2020-01-02,14.21
2020-01-03,14.1
2020-01-06,14.07
2020-01-07,14.16
2020-01-08,13.98
2020-01-09,13.76
2020-01-10,13.42
2020-01-13,13.46
2020-01-14,13.44
2020-01-15,13.47
2020-01-16,13.57
2020-01-17,13.64
2020-01-20,13.05
2020-01-21,13.09
2020-01-22,13.07
2020-01-23,13.31
2020-01-24,13.23
2020-01-27,13.05
2020-01-28,12.94
2020-01-29,12.84
2020-01-30,12.9
2020-01-31,13.21
2020-02-03,13.26
2020-02-04,13.35
2020-02-05,13.53
2020-02-06,13.68
2020-02-07,13.9
2020-02-10,14.15
2020-02-11,14.36
2020-02-12,14.36
2020-02-13,14.1
2020-02-14,13.97
2020-02-17,13.81
2020-02-18,13.96
2020-02-19,13.86
2020-02-20,13.71
2020-02-21,13.53
2020-02-26,13.62
2020-02-27,13.72
2020-02-28,13.61
2020-03-02,13.77
2020-03-03,13.86
2020-03-04,13.97
2020-03-05,13.96
2020-03-06,13.91
2020-03-09,13.92
2020-03-10,13.87
2020-03-11,14.02
2020-03-12,13.98
2020-03-13,14.03
2020-03-16,13.92
2020-03-17,13.85
2020-03-18,13.91
2020-03-19,13.75
2020-03-20,13.89
2020-03-23,14.31
2020-03-24,14.25
2020-03-25,14.31
2020-03-26,14.17
2020-03-27,14.21
2020-03-30,14.32
2020-03-31,14.27
2020-04-01,14.2
2020-04-02,14.12
2020-04-03,14.25
2020-04-06,14.34
2020-04-07,14.25
2020-04-08,14.27
2020-04-09,14.24
2020-04-13,14.18
2020-04-14,14.22
2020-04-15,14.22
2020-04-16,14.2
2020-04-17,14.22
2020-04-20,14.07
2020-04-22,13.84
2020-04-23,13.84
2020-04-24,13.83
2020-04-27,13.81
2020-04-28,13.82
2020-04-29,14.03
2020-04-30,13.75
2020-05-04,13.82
2020-05-05,13.74
2020-05-06,13.73
2020-05-07,13.65
2020-05-08,13.6
2020-05-11,13.66
2020-05-12,13.77
2020-05-13,13.55
2020-05-14,13.71
2020-05-15,13.64
2020-05-18,13.81
2020-05-19,13.76
2020-05-20,13.8
2020-05-21,13.77
2020-05-22,13.8
2020-05-25,13.56
2020-05-26,13.66
2020-05-27,13.66
2020-05-28,13.64
2020-05-29,13.64
2020-06-01,13.64
2020-06-02,13.56
2020-06-03,13.58
2020-06-04,13.83
2020-06-05,13.83
2020-06-08,13.89
2020-06-09,13.98
2020-06-10,14.17
2020-06-12,14.19
2020-06-15,14.23
2020-06-16,14.13
2020-06-17,14.38
2020-06-18,14.34
2020-06-19,14.25
2020-06-22,14.15
2020-06-23,14.28
2020-06-24,14.25
2020-06-25,14.25
2020-06-26,14.27
2020-06-29,14.42
2020-06-30,14.54
2020-07-01,14.63
2020-07-02,14.63
2020-07-03,14.69
2020-07-06,14.56
2020-07-07,14.53
2020-07-08,14.52
2020-07-09,14.45
2020-07-10,14.45
2020-07-13,14.43
2020-07-14,14.25
2020-07-15,14.34
2020-07-16,14.36
2020-07-17,14.28
2020-07-20,14.35
2020-07-21,14.36
2020-07-22,14.38
2020-07-23,14.44
2020-07-24,14.49
2020-07-27,14.48
2020-07-28,14.46
2020-07-29,14.6
2020-07-30,15.05
2020-07-31,15.23
2020-08-03,15.27
2020-08-04,15.42
2020-08-05,15.44
2020-08-06,15.54
2020-08-07,15.54
2020-08-10,15.18
2020-08-11,15.38
2020-08-12,15.47
2020-08-13,15.47
2020-08-14,15.47
2020-08-17,15.52
2020-08-18,15.54
2020-08-19,15.54
2020-08-20,15.53
2020-08-21,15.48
2020-08-24,15.47
2020-08-25,15.38
2020-08-26,15.55
2020-08-27,15.71
2020-08-28,15.73
2020-08-31,15.84
2020-09-01,16.18
2020-09-02,16.16
2020-09-03,16.19
2020-09-04,16.33
2020-09-08,16.36
2020-09-09,16.38
2020-09-10,16.47
2020-09-11,16.51
2020-09-14,16.55
2020-09-15,16.59
2020-09-16,16.67
2020-09-17,16.67
2020-09-18,16.63
2020-09-21,16.58
2020-09-22,16.58
2020-09-23,16.55
2020-09-24,16.56
2020-09-25,16.62
2020-09-28,16.62
2020-09-29,16.64
2020-09-30,16.66
2020-10-01,16.87
2020-10-02,16.89
2020-10-05,17.0
2020-10-06,17.0
2020-10-07,17.02
2020-10-08,17.11
2020-10-09,17.18
2020-10-13,17.17
2020-10-14,17.1
2020-10-15,17.27
2020-10-16,17.31
2020-10-19,17.35
2020-10-20,17.37
2020-10-21,17.42
2020-10-22,17.62
2020-10-23,17.74
2020-10-26,17.69
2020-10-27,17.78
2020-10-28,17.78
2020-10-29,17.95
2020-10-30,18.25
2020-11-03,18.41
2020-11-04,18.66
2020-11-05,18.66
2020-11-06,18.69
2020-11-09,18.96
2020-11-10,19.04
2020-11-11,19.03
2020-11-12,19.1
2020-11-13,19.1
2020-11-16,19.19
2020-11-17,19.19
2020-11-18,19.19
2020-11-19,19.04
2020-11-20,18.96
2020-11-23,19.0
2020-11-24,18.94
2020-11-25,18.99
2020-11-26,18.99
2020-11-27,18.95
2020-11-30,18.88
2020-12-01,18.56
2020-12-02,18.45
2020-12-03,18.33
2020-12-04,18.27
2020-12-07,18.28
2020-12-08,17.94
2020-12-09,17.95
2020-12-10,17.24
2020-12-11,17.25
2020-12-14,17.08
2020-12-15,16.96
2020-12-16,17.07
2020-12-17,17.19
2020-12-18,17.11
2020-12-21,17.04
2020-12-22,16.89
2020-12-23,17.08
2020-12-28,17.46
2020-12-29,17.71
2020-12-30,18.14
2021-01-04,18.25
2021-01-05,18.44
2021-01-06,18.55
2021-01-07,18.87
2021-01-08,18.84
2021-01-11,18.97
2021-01-12,18.91
2021-01-13,18.99
2021-01-14,18.94
2021-01-15,19.03
2021-01-18,19.12
2021-01-19,19.27
2021-01-20,19.09
2021-01-21,19.16
2021-01-22,19.21
2021-01-25,19.22
2021-01-26,19.2
2021-01-27,19.2
2021-01-28,19.18
2021-01-29,19.16
2021-02-01,19.17
2021-02-02,19.34
2021-02-03,19.35
2021-02-04,19.73
2021-02-05,19.8
2021-02-08,19.71
2021-02-09,19.65
2021-02-10,19.72
2021-02-11,19.61
2021-02-12,19.5
2021-02-17,19.57
2021-02-18,18.85
2021-02-19,18.71
2021-02-22,18.74
2021-02-23,19.0
2021-02-24,19.22
2021-02-25,19.37
2021-02-26,19.37
2021-03-01,19.4
2021-03-02,19.27
2021-03-03,19.26
2021-03-04,19.33
2021-03-05,19.39
2021-03-08,19.36
2021-03-09,19.42
2021-03-10,19.46
2021-03-11,19.75
2021-03-12,19.83
2021-03-15,19.86
2021-03-16,19.78
2021-03-17,19.71
2021-03-18,19.84
2021-03-19,19.89
2021-03-22,19.9
2021-03-23,19.91
2021-03-24,20.02
2021-03-25,20.07
2021-03-26,20.04
2021-03-29,20.09
2021-03-30,20.1
2021-03-31,20.12
2021-04-01,20.22
2021-04-05,20.24
2021-04-06,20.22
2021-04-07,20.27
2021-04-08,20.32
2021-04-09,20.34
2021-04-12,20.44
2021-04-13,20.42
2021-04-14,20.47
2021-04-15,20.49
2021-04-16,20.49
2021-04-19,20.41
2021-04-20,20.49
2021-04-22,20.51
2021-04-23,20.49
2021-04-26,20.38
2021-04-27,20.38
2021-04-28,20.42
2021-04-29,20.38
2021-04-30,20.39
2021-05-03,20.4
2021-05-04,20.43
2021-05-05,20.39
2021-05-06,20.36
2021-05-07,20.38
2021-05-10,20.28
2021-05-11,20.3
2021-05-12,20.28
2021-05-13,20.04
2021-05-14,20.04
2021-05-17,19.96
2021-05-18,19.76
2021-05-19,19.64
2021-05-20,19.65
2021-05-21,19.63
2021-05-24,19.59
2021-05-25,19.49
2021-05-26,19.58
2021-05-27,19.6
2021-05-28,19.71
2021-05-31,19.86
2021-06-01,19.98
2021-06-02,20.01
2021-06-04,20.17
2021-06-07,20.31
2021-06-08,20.37
2021-06-09,20.36
2021-06-10,20.65
2021-06-11,20.72
2021-06-14,20.87
2021-06-15,20.96
2021-06-16,20.98
2021-06-17,20.86
2021-06-18,20.62
2021-06-21,20.61
2021-06-22,20.62
2021-06-23,20.5
2021-06-24,20.52
2021-06-25,20.44
2021-06-28,20.4
2021-06-29,20.32
2021-06-30,20.32
2021-07-01,20.3
2021-07-02,20.3
2021-07-05,20.33
2021-07-06,20.25
2021-07-07,20.25
2021-07-08,20.28
2021-07-12,20.28
2021-07-13,20.28
2021-07-14,20.37
2021-07-15,20.31
2021-07-16,20.35
2021-07-19,20.39
2021-07-20,20.32
2021-07-21,20.28
2021-07-22,20.35
2021-07-23,20.35
2021-07-26,20.23
2021-07-27,20.15
2021-07-28,20.25
2021-07-29,20.2
2021-07-30,20.21
2021-08-02,20.19
2021-08-03,20.15
2021-08-04,20.11
2021-08-05,20.21
2021-08-06,20.15
2021-08-09,20.09
2021-08-10,20.11
2021-08-11,20.21
2021-08-12,20.21
2021-08-13,20.26
2021-08-16,20.2
2021-08-17,20.17
2021-08-18,20.11
2021-08-19,20.11
2021-08-20,19.99
2021-08-23,20.01
2021-08-24,19.99
2021-08-25,20.12
2021-08-26,20.12
2021-08-27,20.1
2021-08-30,20.04
2021-08-31,20.11
2021-09-01,20.04
2021-09-02,20.11
2021-09-03,20.16
2021-09-06,20.15
2021-09-08,20.13
2021-09-09,20.25
2021-09-10,20.47
2021-09-13,20.44
2021-09-14,20.6
2021-09-15,20.45
2021-09-16,20.41
2021-09-17,20.37
2021-09-20,20.28
2021-09-21,20.15
2021-09-22,20.09
2021-09-23,19.98
2021-09-24,19.84
2021-09-27,19.81
2021-09-28,19.51
2021-09-29,19.45
2021-09-30,19.39
2021-10-01,19.37
2021-10-04,19.25
2021-10-05,19.42
2021-10-06,19.64
2021-10-07,19.43
2021-10-08,19.28
2021-10-11,19.25
2021-10-13,19.18
2021-10-14,19.28
2021-10-15,19.3
2021-10-18,19.27
2021-10-19,19.2
2021-10-20,19.24
2021-10-21,19.15
2021-10-22,19.12
2021-10-25,19.17
2021-10-26,19.08
2021-10-27,19.07
2021-10-28,18.19
2021-10-29,18.19
2021-11-01,18.21
2021-11-03,18.33
2021-11-04,18.32
2021-11-05,18.21
2021-11-08,18.33
2021-11-09,18.43
2021-11-10,18.51
2021-11-11,18.89
2021-11-12,19.14
2021-11-16,19.58
2021-11-17,20.08
2021-11-18,20.17
2021-11-19,20.37
2021-11-22,20.49
2021-11-23,20.65
2021-11-24,20.63
2021-11-25,20.64
2021-11-26,20.46
2021-11-29,20.55
2021-11-30,20.57
2021-12-01,20.57
2021-12-02,20.6
2021-12-03,20.69
2021-12-06,20.47
2021-12-07,20.38
2021-12-08,20.2
2021-12-09,20.21
2021-12-10,20.19
2021-12-13,20.35
2021-12-14,20.25
2021-12-15,20.07
2021-12-16,20.08
2021-12-17,20.18
2021-12-20,20.31
2021-12-21,20.41
2021-12-22,20.56
2021-12-23,21.27
2021-12-27,21.62
2021-12-28,21.65
2021-12-29,21.91
2021-12-30,21.9
2022-01-03,21.86
2022-01-04,21.89
2022-01-05,21.82
2022-01-06,21.71
2022-01-07,21.33
2022-01-10,21.4
2022-01-11,21.43
2022-01-12,21.59
2022-01-13,21.57
2022-01-14,21.51
2022-01-17,21.71
2022-01-18,21.71
2022-01-19,21.84
2022-01-20,21.67
2022-01-21,21.75
2022-01-24,21.3
2022-01-25,21.3
2022-01-26,21.56
2022-01-27,21.37
2022-01-28,21.16
2022-01-31,21.14
2022-02-01,20.95
2022-02-02,20.95
2022-02-03,21.43
2022-02-04,21.51
2022-02-07,21.44
2022-02-08,21.63
2022-02-09,21.63
2022-02-10,21.67
2022-02-11,21.68
2022-02-14,21.64
2022-02-15,21.65
2022-02-16,21.7
2022-02-17,21.76
2022-02-18,21.92
2022-02-21,21.77
2022-02-22,22.02
2022-02-23,22.01
2022-02-24,21.82
2022-02-25,21.82
2022-03-02,21.82
2022-03-03,21.81
2022-03-04,21.8
2022-03-07,22.09
2022-03-08,22.13
2022-03-09,22.19
2022-03-10,22.14
2022-03-11,22.12
2022-03-14,22.07
2022-03-15,21.99
2022-03-16,21.89
2022-03-17,21.82
2022-03-18,21.8
2022-03-21,21.79
2022-03-22,21.8
2022-03-23,21.74
2022-03-24,21.74
2022-03-25,21.74
2022-03-28,21.84
2022-03-29,21.97
2022-03-30,21.95
2022-03-31,22.02
2022-04-01,22.02
2022-04-04,21.9
2022-04-05,21.98
2022-04-06,21.99
2022-04-07,21.92
2022-04-08,21.92
2022-04-11,21.86
2022-04-12,21.52
2022-04-13,21.52
2022-04-14,21.54
2022-04-18,21.61
2022-04-19,21.63
2022-04-20,21.48
2022-04-22,21.38
2022-04-25,21.39
2022-04-26,21.38
2022-04-27,21.48
2022-04-28,21.68
2022-04-29,21.68
2022-05-02,21.63
2022-05-03,21.74
2022-05-04,21.69
2022-05-05,21.58
2022-05-06,21.58
2022-05-09,21.53
2022-05-10,21.45
2022-05-11,21.52
2022-05-12,21.14
2022-05-13,21.13
2022-05-16,20.9
2022-05-17,21.0
2022-05-18,21.0
2022-05-19,20.98
2022-05-20,20.79
2022-05-23,20.79
2022-05-24,20.72
2022-05-25,20.72
2022-05-26,20.58
2022-05-27,20.49
2022-05-30,20.45
2022-05-31,20.34
2022-06-01,20.29
2022-06-02,20.3
2022-06-03,20.25
2022-06-06,20.3
2022-06-07,20.22
2022-06-08,20.29
2022-06-09,20.36
2022-06-10,20.49
2022-06-13,20.6
2022-06-14,20.65
2022-06-15,20.81
2022-06-17,21.04
2022-06-20,21.07
2022-06-21,21.1
2022-06-22,21.08
2022-06-23,21.09
2022-06-24,21.08
2022-06-27,21.24
2022-06-28,21.25
2022-06-29,21.32
2022-06-30,21.3
2022-07-01,21.32
2022-07-04,21.3
2022-07-05,21.3
2022-07-06,21.3
2022-07-07,21.22
2022-07-08,21.28
2022-07-11,21.14
2022-07-12,21.14
2022-07-13,21.14
2022-07-14,20.95
2022-07-15,20.92
2022-07-18,20.83
2022-07-19,20.73
2022-07-20,20.48
2022-07-21,20.41
2022-07-22,20.41
2022-07-25,20.4
2022-07-26,20.33
2022-07-27,20.44
2022-07-28,20.42
2022-07-29,20.47
2022-08-01,20.46
2022-08-02,20.47
2022-08-03,20.47
2022-08-04,20.46
2022-08-05,20.49
2022-08-08,20.28
2022-08-09,20.41
2022-08-10,20.46
2022-08-11,20.53
2022-08-12,20.49
2022-08-15,20.19
2022-08-16,20.29
2022-08-17,20.22
2022-08-18,20.19
2022-08-19,20.06
2022-08-22,19.98
2022-08-23,19.97
2022-08-24,19.84
2022-08-25,19.83
2022-08-26,19.86
2022-08-29,19.67
2022-08-30,19.66
2022-08-31,19.66
2022-09-01,19.69
2022-09-02,19.69
2022-09-05,19.87
2022-09-06,19.88
2022-09-08,19.87
2022-09-09,19.87
2022-09-12,19.88
2022-09-13,19.91
2022-09-14,19.91
2022-09-15,19.97
2022-09-16,19.92
2022-09-19,19.81
2022-09-20,19.79
2022-09-21,19.87
2022-09-22,19.79
2022-09-23,19.69
2022-09-26,19.68
2022-09-27,19.67
2022-09-28,19.64
2022-09-30,19.61
2022-10-03,19.55
2022-10-04,19.56
2022-10-05,19.56
2022-10-06,19.53
2022-10-07,19.64
2022-10-10,19.65
2022-10-11,19.65
2022-10-13,19.76
2022-10-14,19.74
2022-10-17,19.74
2022-10-18,19.68
2022-10-19,19.68
2022-10-20,19.65
2022-10-21,19.66
2022-10-24,19.69
2022-10-25,19.6
2022-10-26,19.25
2022-10-27,19.09
2022-10-28,19.09
2022-10-31,19.21
2022-11-01,19.23
2022-11-03,19.55
2022-11-04,19.52
2022-11-07,19.73
2022-11-08,19.9
2022-11-09,19.91
2022-11-10,19.94
2022-11-11,19.91
2022-11-14,19.9
2022-11-16,19.77
2022-11-17,19.77
2022-11-18,19.78
2022-11-21,19.64
2022-11-22,19.61
2022-11-23,19.62
2022-11-24,19.54
2022-11-25,19.45
2022-11-28,19.49
2022-11-29,19.49
2022-11-30,19.62
2022-12-01,19.65
2022-12-02,19.64
2022-12-05,19.61
2022-12-06,19.65
2022-12-07,19.72
2022-12-08,19.72
2022-12-09,19.69
2022-12-12,19.71
2022-12-13,19.75
2022-12-14,19.73
2022-12-15,19.73
2022-12-16,19.81
2022-12-19,19.75
2022-12-20,19.74
2022-12-21,19.72
2022-12-22,19.7
2022-12-23,19.7
2022-12-26,19.75
2022-12-27,19.7
2022-12-28,19.62
2022-12-29,19.62
2023-01-02,19.6
2023-01-03,19.56
2023-01-04,19.44
2023-01-05,19.44
2023-01-06,19.35
2023-01-09,19.33
2023-01-10,19.31
2023-01-11,19.31
2023-01-12,19.27
2023-01-13,19.22
2023-01-16,19.25
2023-01-17,19.25
2023-01-18,19.19
2023-01-19,19.12
2023-01-20,19.12
2023-01-23,18.85
2023-01-24,18.79
2023-01-25,18.72
2023-01-26,18.72
2023-01-27,18.83
2023-01-30,18.68
2023-01-31,18.7
2023-02-01,18.69
2023-02-02,18.69
2023-02-03,18.92
2023-02-06,18.96
2023-02-07,19.0
2023-02-08,19.27
2023-02-09,19.41
2023-02-10,19.61
2023-02-13,19.61
2023-02-14,19.73
2023-02-15,19.74
2023-02-16,19.66
2023-02-17,19.57
2023-02-22,19.59
2023-02-23,19.31
2023-02-24,19.45
2023-02-27,19.33
2023-02-28,19.33
2023-03-01,19.35
2023-03-02,19.28
2023-03-03,19.18
2023-03-06,19.13
2023-03-07,19.13
2023-03-08,19.16
2023-03-09,19.1
2023-03-10,19.16
2023-03-13,19.25
2023-03-14,19.36
2023-03-15,19.34
2023-03-16,19.35
2023-03-17,19.24
2023-03-20,19.19
2023-03-21,19.21
2023-03-22,19.18
2023-03-23,19.18
2023-03-24,19.18
2023-03-27,19.15
2023-03-28,19.11
2023-03-29,19.1
2023-03-30,19.17
2023-03-31,19.2
2023-04-03,19.3
2023-04-04,19.3
2023-04-05,19.38
2023-04-06,19.58
2023-04-10,19.56
2023-04-11,19.56
2023-04-12,19.5
2023-04-13,19.4
2023-04-14,19.34
2023-04-17,19.26
2023-04-18,19.46
2023-04-19,19.52
2023-04-20,19.38
2023-04-24,19.32
2023-04-25,19.15
2023-04-26,18.95
2023-04-27,18.94
2023-04-28,18.7
2023-05-02,18.66
2023-05-03,18.64
2023-05-04,18.64
2023-05-05,18.65
2023-05-08,18.65
2023-05-09,18.6
2023-05-10,18.66
2023-05-11,18.68
2023-05-12,18.63
2023-05-15,18.6
2023-05-16,18.54
2023-05-17,18.54
2023-05-18,18.57
2023-05-19,18.43
2023-05-22,18.32
2023-05-23,18.24
2023-05-24,18.2
2023-05-25,18.0
2023-05-26,17.7
2023-05-29,17.6
2023-05-30,17.38
2023-05-31,17.28
2023-06-01,17.27
2023-06-02,17.33
2023-06-05,17.31
2023-06-06,17.29
2023-06-07,17.27
2023-06-09,17.29
2023-06-12,17.27
2023-06-13,17.27
2023-06-14,17.35
2023-06-15,17.35
2023-06-16,17.4
2023-06-19,17.49
2023-06-20,17.49
2023-06-21,17.5
2023-06-22,17.52
2023-06-23,17.58
2023-06-26,17.51
2023-06-27,17.49
2023-06-28,17.53
2023-06-29,17.53
2023-06-30,17.53
2023-07-03,17.53
2023-07-04,17.46
2023-07-05,17.41
2023-07-06,17.45
2023-07-07,17.45
2023-07-10,17.51
2023-07-11,17.53
2023-07-12,17.48
2023-07-13,17.44
2023-07-14,17.43
2023-07-17,17.57
2023-07-18,17.53
2023-07-19,17.3
2023-07-20,17.18
2023-07-24,17.12
2023-07-25,17.07
2023-07-26,17.07
2023-07-27,16.98
2023-07-28,16.99
2023-07-31,16.99
2023-08-01,16.96
2023-08-02,16.96
2023-08-03,16.94
2023-08-04,16.87
2023-08-07,16.87
2023-08-08,16.86
2023-08-09,16.8
2023-08-10,16.79
2023-08-11,16.69
2023-08-14,16.67
2023-08-15,16.66
2023-08-16,16.68
2023-08-17,16.51
2023-08-18,16.49
2023-08-21,16.33
2023-08-22,15.99
2023-08-23,15.87
2023-08-24,15.84
2023-08-25,15.84
2023-08-28,15.69
2023-08-29,15.67
2023-08-30,15.53
2023-08-31,15.53
2023-09-01,15.52
2023-09-04,15.56
2023-09-05,15.45
2023-09-06,15.61
2023-09-08,15.61
2023-09-11,15.64
2023-09-12,15.78
2023-09-13,15.89
2023-09-14,15.77
2023-09-15,15.77
2023-09-18,15.78
2023-09-19,15.77
2023-09-20,15.79
2023-09-21,15.75
2023-09-22,15.82
2023-09-25,15.95
2023-09-26,16.06
2023-09-27,16.1
2023-09-28,16.2
2023-09-29,16.49
2023-10-02,16.54
2023-10-03,16.66
2023-10-04,16.72
2023-10-05,16.99
2023-10-06,17.14
2023-10-09,17.14
2023-10-10,17.18
2023-10-11,17.21
2023-10-13,17.19
2023-10-16,17.2
2023-10-17,17.15
2023-10-18,17.13
2023-10-19,17.03
2023-10-20,17.03
2023-10-23,16.9
2023-10-24,16.83
2023-10-25,16.93
2023-10-26,16.85
2023-10-27,16.85
2023-10-30,16.84
2023-10-31,16.84
2023-11-01,16.78
2023-11-03,16.69
2023-11-06,16.63
2023-11-07,16.63
2023-11-08,16.71
2023-11-09,16.72
2023-11-10,16.72
2023-11-13,16.7
2023-11-14,16.78
2023-11-16,16.77
2023-11-17,16.99
2023-11-20,17.01
2023-11-21,17.11
2023-11-22,17.1
2023-11-23,17.08
2023-11-24,17.06
2023-11-27,17.09
2023-11-28,17.11
2023-11-29,16.89
2023-11-30,16.87
2023-12-01,16.9
2023-12-04,16.89
2023-12-05,16.96
2023-12-06,16.96
2023-12-07,16.98
2023-12-08,17.14
2023-12-11,17.17
2023-12-12,17.18
2023-12-13,17.22
2023-12-14,17.22
2023-12-15,17.31
2023-12-18,17.38
2023-12-19,17.55
2023-12-20,17.62
2023-12-21,17.68
2023-12-22,17.64
2023-12-26,17.63
2023-12-27,17.7
2023-12-28,17.77
2024-01-02,17.73
2024-01-03,17.5
2024-01-04,17.51
2024-01-05,17.46
2024-01-08,17.51
2024-01-09,17.52
2024-01-10,17.51
2024-01-11,17.57
2024-01-12,17.48
2024-01-15,17.34
2024-01-16,17.33
2024-01-17,17.25
2024-01-18,17.4
2024-01-19,17.29
2024-01-22,17.27
2024-01-23,17.25
2024-01-24,17.15
2024-01-25,17.13
2024-01-26,17.06
2024-01-29,17.05
2024-01-30,17.03
2024-01-31,16.99
2024-02-01,17.03
2024-02-02,16.91
2024-02-05,16.91
2024-02-06,16.95
2024-02-07,16.93
2024-02-08,17.06
2024-02-09,16.99
2024-02-14,17.09
2024-02-15,16.89
2024-02-16,16.87
2024-02-19,16.88
2024-02-20,16.82
2024-02-21,16.76
2024-02-22,16.7
2024-02-23,16.7
2024-02-26,16.67
2024-02-27,16.63
2024-02-28,16.63
2024-02-29,16.63
2024-03-01,16.62
2024-03-04,16.62
2024-03-05,16.63
2024-03-06,16.58
2024-03-07,16.71
2024-03-08,16.68
2024-03-11,16.68
2024-03-12,16.7
2024-03-13,16.7
2024-03-14,16.68
2024-03-15,16.61
2024-03-18,16.59
2024-03-19,16.56
2024-03-20,16.57
2024-03-21,16.5
2024-03-22,16.39
2024-03-25,16.34
2024-03-26,16.32
2024-03-27,16.29
2024-03-28,16.24
2024-04-01,16.18
2024-04-02,16.15
2024-04-03,16.2
2024-04-04,16.28
2024-04-05,16.34
2024-04-08,16.42
2024-04-09,16.43
2024-04-10,16.42
2024-04-11,16.54
2024-04-12,16.53
2024-04-15,16.53
2024-04-16,16.5
2024-04-17,16.53
2024-04-18,16.6
2024-04-19,16.61
2024-04-22,16.45
2024-04-23,16.34
2024-04-24,16.34
2024-04-25,16.34
2024-04-26,16.37
2024-04-29,16.35
2024-04-30,16.5
2024-05-02,16.61
2024-05-03,16.61
2024-05-06,16.71
2024-05-07,16.77
2024-05-08,16.7
2024-05-09,16.58
2024-05-10,16.44
2024-05-13,16.39
2024-05-14,16.38
2024-05-15,16.38
2024-05-16,16.45
2024-05-17,16.35
2024-05-20,16.21
2024-05-21,16.05
2024-05-22,16.01
2024-05-23,15.96
2024-05-24,15.92
2024-05-27,15.83
2024-05-28,15.82
2024-05-29,15.79
2024-05-31,15.78
2024-06-03,15.73
2024-06-04,15.7
2024-06-05,15.71
2024-06-06,15.87
2024-06-07,15.83
2024-06-10,15.83
2024-06-11,15.84
2024-06-12,15.84
2024-06-13,15.83
2024-06-14,15.85
2024-06-17,15.93
2024-06-18,15.88
2024-06-19,15.85
2024-06-20,15.85
2024-06-21,15.85
2024-06-24,15.84
2024-06-25,15.8
2024-06-26,15.87
2024-06-27,15.95
2024-06-28,16.0
2024-07-01,16.04
2024-07-02,16.07
2024-07-03,16.15
2024-07-04,16.15
2024-07-05,16.16
2024-07-08,16.25
2024-07-09,16.25
2024-07-10,16.29
2024-07-11,16.29
2024-07-12,16.31
2024-07-15,16.32
2024-07-16,16.26
2024-07-17,16.26
2024-07-18,16.27
2024-07-19,16.21
2024-07-22,16.16
2024-07-23,16.12
2024-07-24,16.09
2024-07-25,15.99
2024-07-26,16.06
2024-07-29,16.11
2024-07-30,16.1
2024-07-31,16.14
2024-08-01,16.21
2024-08-02,16.34
2024-08-05,16.31
2024-08-06,16.31
2024-08-07,16.36
2024-08-08,16.44
2024-08-09,16.44
2024-08-12,16.59
2024-08-13,16.59
2024-08-14,16.59
2024-08-15,16.54
2024-08-16,16.5
2024-08-19,16.48
2024-08-20,16.48
2024-08-21,16.48
2024-08-22,16.47
2024-08-23,16.46
2024-08-26,16.55
2024-08-27,16.55
2024-08-28,16.59
2024-08-29,16.62
2024-08-30,16.82
2024-09-02,17.05
2024-09-03,17.26
2024-09-04,17.36
2024-09-05,17.49
2024-09-06,17.49
2024-09-09,17.55
2024-09-10,17.61
2024-09-11,17.9
2024-09-12,17.98
2024-09-13,18.26
2024-09-16,18.33
2024-09-17,18.33
2024-09-18,18.41
2024-09-19,18.38
2024-09-20,18.52
2024-09-23,18.53
2024-09-24,18.54
2024-09-25,18.66
2024-09-26,18.78
2024-09-27,18.86
2024-09-30,18.86
2024-10-01,19.03
2024-10-02,19.31
2024-10-03,19.57
2024-10-04,19.75
2024-10-07,19.91
2024-10-08,20.17
2024-10-09,20.35
2024-10-10,20.62
2024-10-11,20.79
2024-10-14,21.07
2024-10-15,21.08
2024-10-16,21.2
2024-10-17,21.2
2024-10-18,21.24
2024-10-21,21.44
2024-10-22,21.53
2024-10-23,21.52
2024-10-24,21.47
2024-10-25,21.56
2024-10-28,21.57
2024-10-29,21.68
2024-10-30,21.81
2024-10-31,22.11
2024-11-01,22.34
2024-11-04,22.59
2024-11-05,22.68
2024-11-06,22.67
2024-11-07,22.73
2024-11-08,22.82
2024-11-11,23.23
2024-11-12,23.51
2024-11-13,23.64
2024-11-14,23.93
2024-11-18,23.91
2024-11-19,23.97
2024-11-21,23.97
2024-11-22,24.1
2024-11-25,24.1
2024-11-26,24.13
2024-11-27,24.25
2024-11-28,24.36
2024-11-29,24.36
2024-12-02,24.27
2024-12-03,24.28
2024-12-04,24.14
2024-12-05,24.15
2024-12-06,23.97
2024-12-09,23.66
2024-12-10,23.52
2024-12-11,23.48
2024-12-12,23.61
2024-12-13,23.68
2024-12-16,23.7
2024-12-17,23.55
2024-12-18,23.45
2024-12-19,23.55
2024-12-20,23.55
2024-12-23,23.53
2024-12-26,23.57
2024-12-27,23.59
2024-12-30,23.6
2025-01-02,23.59
2025-01-03,23.59
2025-01-06,23.68
2025-01-07,23.71
2025-01-08,23.72
2025-01-09,23.79
2025-01-10,23.79
2025-01-13,23.68
2025-01-14,23.78
2025-01-15,23.71
2025-01-16,23.67
2025-01-17,23.55
2025-01-20,23.55
2025-01-21,23.53
2025-01-22,23.37
2025-01-23,23.37
2025-01-24,23.25
2025-01-27,23.04
2025-01-28,22.96
2025-01-29,23.03
2025-01-30,22.7
2025-01-31,22.7
2025-02-03,22.71
2025-02-04,22.69
2025-02-05,22.77
2025-02-06,22.76
2025-02-07,22.82
2025-02-10,22.88
2025-02-11,22.92
2025-02-12,22.89
2025-02-13,22.77
2025-02-14,22.58
2025-02-17,22.56
2025-02-18,22.54
2025-02-19,22.51
2025-02-20,22.51
2025-02-21,22.49
2025-02-24,22.18
2025-02-25,22.0
2025-02-26,22.0
2025-02-27,21.94
2025-02-28,22.04
2025-03-05,22.05
2025-03-06,22.12
2025-03-07,22.12
2025-03-10,22.14
2025-03-11,22.16
2025-03-12,22.22
2025-03-13,22.21
2025-03-14,22.15
2025-03-17,22.1
2025-03-18,22.08
2025-03-19,22.14
2025-03-20,22.17
2025-03-21,22.23
2025-03-24,22.23
2025-03-25,22.25
2025-03-26,22.32
2025-03-27,22.32
2025-03-28,22.32
2025-03-31,22.37
2025-04-01,22.4
2025-04-02,22.5
2025-04-03,22.62
2025-04-04,22.71
2025-04-07,22.76
2025-04-08,22.86
2025-04-09,23.07
