DATE,BR_ETHANOL_HYDROUS_PAULINIA_PRICE
2010-02-17,1136.5
2010-02-18,1133.5
2010-02-19,1139.0
2010-02-22,1111.5
2010-02-23,1090.0
2010-02-24,1036.0
2010-02-25,1034.5
2010-02-26,1036.5
2010-03-01,1018.5
2010-03-02,1020.5
2010-03-03,1010.0
2010-03-04,985.5
2010-03-05,968.5
2010-03-08,926.0
2010-03-09,891.5
2010-03-10,867.0
2010-03-11,838.5
2010-03-12,845.0
2010-03-15,845.0
2010-03-16,854.0
2010-03-17,849.0
2010-03-18,861.5
2010-03-19,862.0
2010-03-22,856.5
2010-03-23,841.0
2010-03-24,846.0
2010-03-25,797.5
2010-03-26,782.0
2010-03-29,790.0
2010-03-30,792.5
2010-03-31,824.5
2010-04-01,844.0
2010-04-05,890.5
2010-04-06,930.5
2010-04-07,978.0
2010-04-08,970.0
2010-04-09,970.5
2010-04-12,954.0
2010-04-13,925.5
2010-04-14,895.0
2010-04-15,859.5
2010-04-16,835.0
2010-04-19,815.5
2010-04-20,800.0
2010-04-22,797.5
2010-04-23,805.5
2010-04-26,802.0
2010-04-27,792.5
2010-04-28,790.5
2010-04-29,787.0
2010-04-30,780.5
2010-05-03,781.0
2010-05-04,773.0
2010-05-06,776.5
2010-05-07,770.0
2010-05-10,774.5
2010-05-11,774.5
2010-05-12,769.5
2010-05-13,768.5
2010-05-14,768.0
2010-05-17,765.0
2010-05-18,768.0
2010-05-19,770.0
2010-05-20,763.5
2010-05-21,762.0
2010-05-24,762.5
2010-05-25,754.0
2010-05-27,741.5
2010-05-28,739.5
2010-05-31,747.0
2010-06-01,742.5
2010-06-02,742.5
2010-06-04,736.0
2010-06-07,732.5
2010-06-08,738.0
2010-06-09,739.5
2010-06-10,735.5
2010-06-14,744.5
2010-06-15,750.5
2010-06-16,778.5
2010-06-17,787.5
2010-06-18,788.5
2010-06-21,795.5
2010-06-24,776.0
2010-06-25,773.5
2010-06-29,776.5
2010-06-30,781.0
2010-07-01,780.0
2010-07-02,768.0
2010-07-05,783.0
2010-07-06,798.5
2010-07-07,819.5
2010-07-08,821.5
2010-07-12,857.5
2010-07-13,874.0
2010-07-14,884.5
2010-07-15,882.5
2010-07-16,873.5
2010-07-19,875.5
2010-07-20,875.5
2010-07-21,870.0
2010-07-22,861.0
2010-07-23,860.5
2010-07-26,856.5
2010-07-27,850.0
2010-07-28,850.5
2010-07-29,862.5
2010-07-30,874.0
2010-08-02,891.5
2010-08-03,892.0
2010-08-04,896.0
2010-08-05,895.0
2010-08-06,893.5
2010-08-09,891.5
2010-08-10,888.0
2010-08-11,887.0
2010-08-12,887.5
2010-08-16,887.0
2010-08-17,882.0
2010-08-18,885.5
2010-08-19,884.5
2010-08-20,881.0
2010-08-23,882.0
2010-08-24,875.5
2010-08-25,876.5
2010-08-26,885.0
2010-08-27,885.0
2010-08-30,883.0
2010-08-31,881.5
2010-09-01,883.5
2010-09-02,888.0
2010-09-03,889.0
2010-09-06,892.5
2010-09-08,893.5
2010-09-09,895.0
2010-09-10,899.5
2010-09-13,905.0
2010-09-14,909.0
2010-09-15,915.5
2010-09-17,933.0
2010-09-20,938.5
2010-09-21,950.0
2010-09-22,954.0
2010-09-23,955.5
2010-09-24,962.5
2010-09-27,986.5
2010-09-28,1013.0
2010-09-29,1020.5
2010-09-30,1020.0
2010-10-01,1018.0
2010-10-04,1025.0
2010-10-05,1023.0
2010-10-06,1023.5
2010-10-07,1025.0
2010-10-08,1023.5
2010-10-11,1021.5
2010-10-13,1026.0
2010-10-14,1027.0
2010-10-15,1028.5
2010-10-18,1029.5
2010-10-19,1029.5
2010-10-20,1026.0
2010-10-21,1026.0
2010-10-22,1027.5
2010-10-25,1023.5
2010-10-26,1022.0
2010-10-27,1024.0
2010-10-28,1024.0
2010-10-29,1023.0
2010-11-01,1024.0
2010-11-03,1025.0
2010-11-04,1026.0
2010-11-05,1026.0
2010-11-08,1035.5
2010-11-09,1040.5
2010-11-10,1043.0
2010-11-11,1044.0
2010-11-12,1045.5
2010-11-16,1049.0
2010-11-17,1049.0
2010-11-19,1054.5
2010-11-22,1061.0
2010-11-23,1078.5
2010-11-24,1082.0
2010-11-26,1091.0
2010-11-29,1100.0
2010-11-30,1100.5
2010-12-01,1103.5
2010-12-02,1110.0
2010-12-03,1113.0
2010-12-06,1120.5
2010-12-07,1121.0
2010-12-08,1119.0
2010-12-09,1114.5
2010-12-10,1114.5
2010-12-13,1116.5
2010-12-14,1117.0
2010-12-15,1123.5
2010-12-16,1125.5
2010-12-17,1136.0
2010-12-20,1138.5
2010-12-21,1138.5
2010-12-22,1139.0
2010-12-23,1146.0
2010-12-27,1152.5
2010-12-28,1153.5
2011-01-03,1167.0
2011-01-04,1166.5
2011-01-05,1159.0
2011-01-06,1155.0
2011-01-07,1158.0
2011-01-10,1155.5
2011-01-11,1154.5
2011-01-12,1152.5
2011-01-13,1152.5
2011-01-14,1152.0
2011-01-17,1155.0
2011-01-18,1154.0
2011-01-19,1155.5
2011-01-20,1159.5
2011-01-21,1162.5
2011-01-24,1154.5
2011-01-26,1165.5
2011-01-27,1157.5
2011-01-28,1159.5
2011-01-31,1159.5
2011-02-01,1160.0
2011-02-03,1162.5
2011-02-04,1167.0
2011-02-07,1170.0
2011-02-08,1180.5
2011-02-09,1189.0
2011-02-10,1206.5
2011-02-11,1219.5
2011-02-14,1224.5
2011-02-15,1229.0
2011-02-16,1235.5
2011-02-17,1237.5
2011-02-18,1245.0
2011-02-21,1252.5
2011-02-22,1256.5
2011-02-23,1276.0
2011-02-25,1321.0
2011-02-28,1349.5
2011-03-01,1375.0
2011-03-02,1392.5
2011-03-04,1395.5
2011-03-09,1394.5
2011-03-10,1416.5
2011-03-11,1429.5
2011-03-14,1432.5
2011-03-15,1459.0
2011-03-16,1531.5
2011-03-17,1599.5
2011-03-18,1642.0
2011-03-21,1662.5
2011-03-22,1686.0
2011-03-23,1694.0
2011-03-24,1667.5
2011-03-25,1629.0
2011-03-28,1612.0
2011-03-29,1571.5
2011-03-30,1537.0
2011-03-31,1507.5
2011-04-01,1457.0
2011-04-04,1450.0
2011-04-05,1447.0
2011-04-06,1426.5
2011-04-07,1419.0
2011-04-08,1418.5
2011-04-11,1418.0
2011-04-12,1417.0
2011-04-13,1419.0
2011-04-14,1453.0
2011-04-15,1470.5
2011-04-18,1500.5
2011-04-19,1509.0
2011-04-20,1495.0
2011-04-25,1449.0
2011-04-26,1427.5
2011-04-27,1386.0
2011-04-28,1340.0
2011-04-29,1304.5
2011-05-02,1266.0
2011-05-03,1210.0
2011-05-04,1144.5
2011-05-05,1056.0
2011-05-06,1021.5
2011-05-09,1020.5
2011-05-10,1017.0
2011-05-11,1013.5
2011-05-12,1017.5
2011-05-13,1017.5
2011-05-16,1018.0
2011-05-17,1022.0
2011-05-18,1026.0
2011-05-19,1032.5
2011-05-20,1040.5
2011-05-23,1058.5
2011-05-24,1069.0
2011-05-25,1065.0
2011-05-26,1063.5
2011-05-27,1064.0
2011-05-30,1057.0
2011-05-31,1062.5
2011-06-01,1052.5
2011-06-02,1058.5
2011-06-03,1058.0
2011-06-06,1068.0
2011-06-07,1077.0
2011-06-08,1109.0
2011-06-09,1150.0
2011-06-10,1161.5
2011-06-13,1174.5
2011-06-14,1192.5
2011-06-15,1195.5
2011-06-16,1198.0
2011-06-17,1198.0
2011-06-20,1199.0
2011-06-21,1199.5
2011-06-22,1199.0
2011-06-24,1197.0
2011-06-27,1201.5
2011-06-28,1200.5
2011-06-29,1205.0
2011-06-30,1202.0
2011-07-01,1200.0
2011-07-04,1192.5
2011-07-05,1186.0
2011-07-06,1181.5
2011-07-07,1181.0
2011-07-08,1174.0
2011-07-11,1175.5
2011-07-12,1176.5
2011-07-13,1182.5
2011-07-14,1183.0
2011-07-15,1184.5
2011-07-18,1184.5
2011-07-19,1180.5
2011-07-20,1178.0
2011-07-21,1186.0
2011-07-22,1186.0
2011-07-25,1174.0
2011-07-26,1177.5
2011-07-27,1183.0
2011-07-28,1182.5
2011-07-29,1183.5
2011-08-01,1182.0
2011-08-02,1173.0
2011-08-03,1177.5
2011-08-04,1176.5
2011-08-05,1183.5
2011-08-08,1182.5
2011-08-09,1181.5
2011-08-10,1192.0
2011-08-11,1201.0
2011-08-12,1208.0
2011-08-15,1220.0
2011-08-16,1251.5
2011-08-17,1263.0
2011-08-18,1266.5
2011-08-19,1275.0
2011-08-22,1284.5
2011-08-23,1288.0
2011-08-24,1293.0
2011-08-25,1291.5
2011-08-26,1294.0
2011-08-29,1290.0
2011-08-30,1280.0
2011-08-31,1278.0
2011-09-01,1276.5
2011-09-02,1274.5
2011-09-05,1268.5
2011-09-06,1266.5
2011-09-08,1263.5
2011-09-09,1255.5
2011-09-12,1253.5
2011-09-13,1255.0
2011-09-14,1253.5
2011-09-15,1253.5
2011-09-16,1253.5
2011-09-19,1238.5
2011-09-20,1235.0
2011-09-21,1233.0
2011-09-22,1228.0
2011-09-23,1223.5
2011-09-26,1222.0
2011-09-27,1223.5
2011-09-28,1227.0
2011-09-29,1224.5
2011-09-30,1228.0
2011-10-03,1240.5
2011-10-04,1244.5
2011-10-05,1252.5
2011-10-06,1274.5
2011-10-07,1274.0
2011-10-10,1275.5
2011-10-11,1277.5
2011-10-13,1272.5
2011-10-14,1273.0
2011-10-17,1276.5
2011-10-18,1278.0
2011-10-19,1283.0
2011-10-20,1287.0
2011-10-21,1293.5
2011-10-24,1296.5
2011-10-25,1303.5
2011-10-26,1307.0
2011-10-27,1311.0
2011-10-28,1312.0
2011-10-31,1311.0
2011-11-01,1314.5
2011-11-03,1314.5
2011-11-04,1313.5
2011-11-07,1317.0
2011-11-08,1318.5
2011-11-09,1319.0
2011-11-10,1320.5
2011-11-11,1328.0
2011-11-14,1327.0
2011-11-16,1329.0
2011-11-18,1330.5
2011-11-21,1333.0
2011-11-22,1330.5
2011-11-23,1338.0
2011-11-24,1338.0
2011-11-25,1336.0
2011-11-28,1332.5
2011-11-29,1328.5
2011-11-30,1326.0
2011-12-01,1328.0
2011-12-02,1325.5
2011-12-05,1323.0
2011-12-06,1324.0
2011-12-07,1317.5
2011-12-08,1325.0
2011-12-09,1322.0
2011-12-12,1314.0
2011-12-13,1317.0
2011-12-14,1310.5
2011-12-15,1307.5
2011-12-16,1299.5
2011-12-19,1289.5
2011-12-20,1282.0
2011-12-21,1281.0
2011-12-22,1280.5
2011-12-23,1275.0
2011-12-26,1263.5
2011-12-27,1250.0
2011-12-28,1232.0
2011-12-29,1231.5
2012-01-02,1230.5
2012-01-03,1231.5
2012-01-04,1239.5
2012-01-05,1248.5
2012-01-06,1259.0
2012-01-09,1265.0
2012-01-10,1266.5
2012-01-11,1266.0
2012-01-12,1264.5
2012-01-13,1262.5
2012-01-16,1248.0
2012-01-17,1237.5
2012-01-18,1209.5
2012-01-19,1182.5
2012-01-20,1172.0
2012-01-23,1160.0
2012-01-24,1145.0
2012-01-26,1138.5
2012-01-27,1137.0
2012-01-30,1127.0
2012-01-31,1126.5
2012-02-01,1128.0
2012-02-02,1115.0
2012-02-03,1124.0
2012-02-06,1120.5
2012-02-07,1134.5
2012-02-08,1135.0
2012-02-09,1139.5
2012-02-10,1172.5
2012-02-13,1190.0
2012-02-14,1203.5
2012-02-15,1218.0
2012-02-16,1220.5
2012-02-17,1218.5
2012-02-22,1220.0
2012-02-23,1216.0
2012-02-24,1212.0
2012-02-27,1213.5
2012-02-28,1218.5
2012-02-29,1225.5
2012-03-01,1233.5
2012-03-02,1237.0
2012-03-05,1238.0
2012-03-06,1239.5
2012-03-07,1249.0
2012-03-08,1251.5
2012-03-09,1254.5
2012-03-12,1256.0
2012-03-13,1256.0
2012-03-14,1251.5
2012-03-15,1249.5
2012-03-16,1251.5
2012-03-19,1248.0
2012-03-20,1249.5
2012-03-21,1250.0
2012-03-22,1254.5
2012-03-23,1271.5
2012-03-26,1267.0
2012-03-27,1264.0
2012-03-28,1263.5
2012-03-29,1261.5
2012-03-30,1260.5
2012-04-02,1261.0
2012-04-03,1263.0
2012-04-04,1262.0
2012-04-05,1262.5
2012-04-09,1262.0
2012-04-10,1259.5
2012-04-11,1256.0
2012-04-12,1243.5
2012-04-13,1232.0
2012-04-16,1224.0
2012-04-17,1211.0
2012-04-18,1205.5
2012-04-19,1204.5
2012-04-20,1197.0
2012-04-23,1184.5
2012-04-24,1183.5
2012-04-25,1186.0
2012-04-26,1194.5
2012-04-27,1203.0
2012-04-30,1208.0
2012-05-02,1208.5
2012-05-03,1216.5
2012-05-04,1215.5
2012-05-07,1216.0
2012-05-08,1207.0
2012-05-09,1204.5
2012-05-10,1206.5
2012-05-11,1203.0
2012-05-14,1212.0
2012-05-15,1211.0
2012-05-16,1192.0
2012-05-17,1190.0
2012-05-18,1183.5
2012-05-21,1179.0
2012-05-22,1164.0
2012-05-23,1158.0
2012-05-24,1156.0
2012-05-25,1157.5
2012-05-28,1158.0
2012-05-29,1152.0
2012-05-30,1151.0
2012-05-31,1138.0
2012-06-01,1136.5
2012-06-04,1130.0
2012-06-05,1134.5
2012-06-06,1134.5
2012-06-08,1128.5
2012-06-11,1129.5
2012-06-12,1132.0
2012-06-13,1134.5
2012-06-15,1134.5
2012-06-18,1133.5
2012-06-19,1133.5
2012-06-20,1132.5
2012-06-21,1133.5
2012-06-22,1134.5
2012-06-25,1138.5
2012-06-26,1132.0
2012-06-27,1127.0
2012-06-28,1126.0
2012-06-29,1121.0
2012-07-02,1123.0
2012-07-03,1112.5
2012-07-04,1109.0
2012-07-05,1114.5
2012-07-06,1115.0
2012-07-10,1108.5
2012-07-11,1103.5
2012-07-12,1103.0
2012-07-13,1104.5
2012-07-16,1103.0
2012-07-17,1101.5
2012-07-18,1101.0
2012-07-19,1105.0
2012-07-20,1102.5
2012-07-23,1105.0
2012-07-24,1103.0
2012-07-25,1106.5
2012-07-26,1107.0
2012-07-27,1106.0
2012-07-30,1105.0
2012-07-31,1105.5
2012-08-01,1101.5
2012-08-02,1088.5
2012-08-03,1086.0
2012-08-06,1087.0
2012-08-07,1076.5
2012-08-08,1072.5
2012-08-09,1072.5
2012-08-10,1080.0
2012-08-13,1073.0
2012-08-14,1073.5
2012-08-15,1074.0
2012-08-16,1076.5
2012-08-17,1076.0
2012-08-20,1076.5
2012-08-21,1078.0
2012-08-22,1080.5
2012-08-23,1083.5
2012-08-24,1084.0
2012-08-27,1091.0
2012-08-28,1110.5
2012-08-29,1107.0
2012-08-30,1128.5
2012-08-31,1129.0
2012-09-03,1134.0
2012-09-04,1129.5
2012-09-05,1134.0
2012-09-06,1127.0
2012-09-10,1121.0
2012-09-11,1124.0
2012-09-12,1126.0
2012-09-13,1120.5
2012-09-14,1114.0
2012-09-17,1103.5
2012-09-18,1094.5
2012-09-19,1086.5
2012-09-20,1085.5
2012-09-21,1083.0
2012-09-24,1086.5
2012-09-25,1090.0
2012-09-26,1087.5
2012-09-27,1085.0
2012-09-28,1087.5
2012-10-01,1085.5
2012-10-02,1078.5
2012-10-03,1068.5
2012-10-04,1071.0
2012-10-05,1072.5
2012-10-08,1064.5
2012-10-09,1062.0
2012-10-10,1061.5
2012-10-11,1061.5
2012-10-15,1057.5
2012-10-16,1056.5
2012-10-17,1056.0
2012-10-18,1052.0
2012-10-19,1048.0
2012-10-22,1055.5
2012-10-23,1055.0
2012-10-24,1057.5
2012-10-25,1056.0
2012-10-26,1062.5
2012-10-29,1061.0
2012-10-30,1062.0
2012-10-31,1059.5
2012-11-01,1076.5
2012-11-05,1090.0
2012-11-06,1100.0
2012-11-07,1105.0
2012-11-08,1123.0
2012-11-09,1154.0
2012-11-12,1160.5
2012-11-13,1165.5
2012-11-14,1167.0
2012-11-16,1167.5
2012-11-19,1168.0
2012-11-21,1167.0
2012-11-22,1163.5
2012-11-23,1165.0
2012-11-26,1180.0
2012-11-27,1181.5
2012-11-28,1186.0
2012-11-29,1193.5
2012-11-30,1193.0
2012-12-03,1193.0
2012-12-04,1192.0
2012-12-05,1193.5
2012-12-06,1191.5
2012-12-07,1192.5
2012-12-10,1192.5
2012-12-11,1183.5
2012-12-12,1176.5
2012-12-13,1181.0
2012-12-14,1180.5
2012-12-17,1182.5
2012-12-18,1181.5
2012-12-19,1183.0
2012-12-20,1182.0
2012-12-21,1181.5
2012-12-26,1182.5
2012-12-27,1187.0
2012-12-28,1187.5
2013-01-02,1194.5
2013-01-03,1197.5
2013-01-04,1195.5
2013-01-07,1195.0
2013-01-08,1197.0
2013-01-09,1194.5
2013-01-10,1196.0
2013-01-11,1192.5
2013-01-14,1193.0
2013-01-15,1193.0
2013-01-16,1193.5
2013-01-17,1195.5
2013-01-18,1197.0
2013-01-21,1201.5
2013-01-22,1204.0
2013-01-23,1201.0
2013-01-24,1203.0
2013-01-25,1202.0
2013-01-28,1201.5
2013-01-29,1200.0
2013-01-30,1214.0
2013-01-31,1232.5
2013-02-01,1236.0
2013-02-04,1236.5
2013-02-05,1250.0
2013-02-06,1256.5
2013-02-07,1266.0
2013-02-08,1272.5
2013-02-13,1274.5
2013-02-14,1283.0
2013-02-15,1295.0
2013-02-18,1306.0
2013-02-19,1310.5
2013-02-20,1313.0
2013-02-21,1316.5
2013-02-22,1316.5
2013-02-25,1314.0
2013-02-26,1314.0
2013-02-27,1314.5
2013-02-28,1312.5
2013-03-01,1313.5
2013-03-04,1310.5
2013-03-05,1311.5
2013-03-06,1310.5
2013-03-07,1305.5
2013-03-08,1305.0
2013-03-11,1305.5
2013-03-12,1300.0
2013-03-13,1294.0
2013-03-14,1283.0
2013-03-15,1279.0
2013-03-18,1271.0
2013-03-19,1260.5
2013-03-20,1251.5
2013-03-22,1249.0
2013-03-25,1251.5
2013-03-26,1253.0
2013-03-27,1261.0
2013-03-28,1260.5
2013-04-01,1255.0
2013-04-02,1253.5
2013-04-03,1264.5
2013-04-04,1312.5
2013-04-05,1314.5
2013-04-08,1325.5
2013-04-09,1329.0
2013-04-10,1342.0
2013-04-11,1347.5
2013-04-12,1353.5
2013-04-15,1365.5
2013-04-16,1361.0
2013-04-17,1356.5
2013-04-18,1334.0
2013-04-19,1311.5
2013-04-22,1293.0
2013-04-23,1255.5
2013-04-24,1237.0
2013-04-25,1215.0
2013-04-26,1198.0
2013-04-29,1189.0
2013-04-30,1184.0
2013-05-02,1170.5
2013-05-03,1160.0
2013-05-06,1145.0
2013-05-07,1137.5
2013-05-08,1137.5
2013-05-09,1133.0
2013-05-10,1123.0
2013-05-13,1107.0
2013-05-14,1096.5
2013-05-15,1073.5
2013-05-16,1047.5
2013-05-17,1034.0
2013-05-20,1030.0
2013-05-21,1023.5
2013-05-22,1019.5
2013-05-23,1014.0
2013-05-24,1018.5
2013-05-27,1023.5
2013-05-28,1026.5
2013-05-29,1025.5
2013-05-31,1024.5
2013-06-03,1030.0
2013-06-04,1043.5
2013-06-05,1049.0
2013-06-06,1058.5
2013-06-07,1057.0
2013-06-10,1054.0
2013-06-11,1061.5
2013-06-12,1075.5
2013-06-13,1078.5
2013-06-14,1080.5
2013-06-17,1081.5
2013-06-18,1080.5
2013-06-19,1079.0
2013-06-20,1083.5
2013-06-21,1082.5
2013-06-24,1086.5
2013-06-25,1091.5
2013-06-26,1092.0
2013-06-27,1097.0
2013-06-28,1094.0
2013-07-01,1094.5
2013-07-02,1088.5
2013-07-03,1090.0
2013-07-04,1087.5
2013-07-05,1075.0
2013-07-08,1069.5
2013-07-10,1067.5
2013-07-11,1065.0
2013-07-12,1060.5
2013-07-15,1047.5
2013-07-16,1045.5
2013-07-17,1033.0
2013-07-18,1023.0
2013-07-19,1018.5
2013-07-22,1014.5
2013-07-23,1015.0
2013-07-24,1013.5
2013-07-26,1020.5
2013-07-29,1019.0
2013-07-30,1021.5
2013-07-31,1022.0
2013-08-01,1021.0
2013-08-02,1021.5
2013-08-05,1021.5
2013-08-06,1021.0
2013-08-07,1018.5
2013-08-08,1015.5
2013-08-09,1016.5
2013-08-12,1014.0
2013-08-13,1016.0
2013-08-14,1014.0
2013-08-15,1013.5
2013-08-16,1013.0
2013-08-19,1013.5
2013-08-20,1014.0
2013-08-21,1019.5
2013-08-22,1022.5
2013-08-23,1033.5
2013-08-26,1045.0
2013-08-27,1045.5
2013-08-28,1050.5
2013-08-29,1056.5
2013-08-30,1053.0
2013-09-02,1056.0
2013-09-03,1053.5
2013-09-04,1054.5
2013-09-05,1059.5
2013-09-06,1059.5
2013-09-09,1068.0
2013-09-10,1066.0
2013-09-11,1070.0
2013-09-12,1064.0
2013-09-13,1066.5
2013-09-16,1064.0
2013-09-17,1068.5
2013-09-18,1069.0
2013-09-19,1073.5
2013-09-20,1071.5
2013-09-23,1080.5
2013-09-24,1093.5
2013-09-25,1102.5
2013-09-26,1090.5
2013-09-27,1083.5
2013-09-30,1094.5
2013-10-01,1096.0
2013-10-02,1099.5
2013-10-03,1102.5
2013-10-04,1101.5
2013-10-07,1106.5
2013-10-08,1102.0
2013-10-09,1102.5
2013-10-10,1108.0
2013-10-11,1110.0
2013-10-14,1108.5
2013-10-15,1104.0
2013-10-16,1106.0
2013-10-17,1107.5
2013-10-18,1112.0
2013-10-21,1108.0
2013-10-22,1107.5
2013-10-23,1106.0
2013-10-24,1103.0
2013-10-25,1102.5
2013-10-28,1098.0
2013-10-29,1101.5
2013-10-30,1098.0
2013-10-31,1096.5
2013-11-01,1105.0
2013-11-04,1105.0
2013-11-05,1103.0
2013-11-06,1107.0
2013-11-07,1108.5
2013-11-08,1124.0
2013-11-11,1135.5
2013-11-12,1150.5
2013-11-13,1152.5
2013-11-14,1148.0
2013-11-18,1152.0
2013-11-19,1159.5
2013-11-21,1160.0
2013-11-22,1161.5
2013-11-25,1172.0
2013-11-26,1177.0
2013-11-27,1185.0
2013-11-28,1187.5
2013-11-29,1188.5
2013-12-02,1201.5
2013-12-03,1218.5
2013-12-04,1228.5
2013-12-05,1238.0
2013-12-09,1241.5
2013-12-10,1236.0
2013-12-11,1230.0
2013-12-12,1231.0
2013-12-13,1232.0
2013-12-16,1224.5
2013-12-17,1223.5
2013-12-18,1214.0
2013-12-19,1222.0
2013-12-20,1223.0
2013-12-23,1221.5
2013-12-26,1217.5
2013-12-27,1220.0
2013-12-30,1223.0
2014-01-02,1226.0
2014-01-03,1220.5
2014-01-06,1222.5
2014-01-07,1225.0
2014-01-08,1224.0
2014-01-09,1224.5
2014-01-10,1231.5
2014-01-13,1237.0
2014-01-14,1228.0
2014-01-15,1224.5
2014-01-16,1224.5
2014-01-17,1226.0
2014-01-20,1227.5
2014-01-21,1222.0
2014-01-22,1218.0
2014-01-23,1221.0
2014-01-24,1227.5
2014-01-27,1219.5
2014-01-28,1218.5
2014-01-29,1222.5
2014-01-30,1229.0
2014-01-31,1232.5
2014-02-03,1237.0
2014-02-04,1247.5
2014-02-05,1259.0
2014-02-06,1273.5
2014-02-07,1293.5
2014-02-10,1297.5
2014-02-11,1309.5
2014-02-12,1312.5
2014-02-13,1318.5
2014-02-14,1329.0
2014-02-17,1334.5
2014-02-18,1355.5
2014-02-19,1357.0
2014-02-20,1358.5
2014-02-21,1365.5
2014-02-24,1371.0
2014-02-25,1376.0
2014-02-26,1374.0
2014-02-27,1375.0
2014-02-28,1375.5
2014-03-05,1383.0
2014-03-06,1379.5
2014-03-07,1384.5
2014-03-10,1366.5
2014-03-11,1373.5
2014-03-12,1371.0
2014-03-13,1371.5
2014-03-14,1366.5
2014-03-17,1363.5
2014-03-18,1361.0
2014-03-19,1352.5
2014-03-20,1357.5
2014-03-21,1353.5
2014-03-24,1343.0
2014-03-25,1338.5
2014-03-26,1329.5
2014-03-27,1327.5
2014-03-28,1302.5
2014-03-31,1293.5
2014-04-01,1273.5
2014-04-02,1241.5
2014-04-03,1235.0
2014-04-04,1217.0
2014-04-07,1221.5
2014-04-08,1222.5
2014-04-09,1239.0
2014-04-10,1274.0
2014-04-11,1309.0
2014-04-14,1348.0
2014-04-15,1375.0
2014-04-16,1375.0
2014-04-17,1336.0
2014-04-22,1339.0
2014-04-23,1315.5
2014-04-24,1286.5
2014-04-25,1249.0
2014-04-28,1233.5
2014-04-29,1208.0
2014-04-30,1176.5
2014-05-02,1155.5
2014-05-05,1155.5
2014-05-06,1122.0
2014-05-07,1108.0
2014-05-08,1106.0
2014-05-09,1111.5
2014-05-12,1109.5
2014-05-13,1114.0
2014-05-14,1126.5
2014-05-15,1138.5
2014-05-16,1154.0
2014-05-19,1152.0
2014-05-20,1149.5
2014-05-21,1138.5
2014-05-22,1124.0
2014-05-23,1123.5
2014-05-26,1132.5
2014-05-27,1128.0
2014-05-28,1125.5
2014-05-29,1130.5
2014-05-30,1130.0
2014-06-02,1136.5
2014-06-03,1132.0
2014-06-04,1142.0
2014-06-05,1150.5
2014-06-06,1151.0
2014-06-09,1151.5
2014-06-10,1148.5
2014-06-11,1148.5
2014-06-13,1145.5
2014-06-16,1151.0
2014-06-17,1150.5
2014-06-18,1150.0
2014-06-20,1157.0
2014-06-23,1150.0
2014-06-24,1149.5
2014-06-25,1151.0
2014-06-26,1162.0
2014-06-27,1161.0
2014-06-30,1166.0
2014-07-01,1163.0
2014-07-02,1164.0
2014-07-03,1174.0
2014-07-04,1164.0
2014-07-07,1162.0
2014-07-08,1169.0
2014-07-10,1174.5
2014-07-11,1173.5
2014-07-14,1166.0
2014-07-15,1168.0
2014-07-16,1173.5
2014-07-17,1170.0
2014-07-18,1167.5
2014-07-21,1159.0
2014-07-22,1143.0
2014-07-23,1134.5
2014-07-24,1145.5
2014-07-25,1139.0
2014-07-28,1138.0
2014-07-29,1139.5
2014-07-30,1137.5
2014-07-31,1138.5
2014-08-04,1137.0
2014-08-05,1131.0
2014-08-06,1135.5
2014-08-07,1137.5
2014-08-08,1144.5
2014-08-11,1130.5
2014-08-12,1132.5
2014-08-13,1138.0
2014-08-14,1130.5
2014-08-15,1137.5
2014-08-18,1133.0
2014-08-19,1141.0
2014-08-20,1141.0
2014-08-21,1146.0
2014-08-22,1147.5
2014-08-25,1158.0
2014-08-26,1165.5
2014-08-27,1170.5
2014-08-28,1178.0
2014-08-29,1165.5
2014-09-01,1166.5
2014-09-02,1163.5
2014-09-03,1158.5
2014-09-04,1157.0
2014-09-05,1157.5
2014-09-08,1157.0
2014-09-09,1153.0
2014-09-10,1157.5
2014-09-11,1153.5
2014-09-12,1151.5
2014-09-15,1146.5
2014-09-16,1140.5
2014-09-17,1137.0
2014-09-18,1136.0
2014-09-19,1126.0
2014-09-22,1122.5
2014-09-23,1116.0
2014-09-24,1114.5
2014-09-25,1107.0
2014-09-26,1100.0
2014-09-29,1089.0
2014-09-30,1093.5
2014-10-01,1093.0
2014-10-02,1088.0
2014-10-03,1081.5
2014-10-06,1078.0
2014-10-07,1076.0
2014-10-08,1076.5
2014-10-09,1076.0
2014-10-10,1067.0
2014-10-13,1075.5
2014-10-14,1074.0
2014-10-15,1081.0
2014-10-16,1081.5
2014-10-17,1080.5
2014-10-20,1078.5
2014-10-21,1074.0
2014-10-22,1072.0
2014-10-23,1065.5
2014-10-24,1065.0
2014-10-27,1063.0
2014-10-28,1068.5
2014-10-29,1070.5
2014-10-30,1072.0
2014-10-31,1073.5
2014-11-03,1083.0
2014-11-04,1106.5
2014-11-05,1118.5
2014-11-06,1130.0
2014-11-07,1121.5
2014-11-10,1143.5
2014-11-11,1148.0
2014-11-12,1158.0
2014-11-13,1155.5
2014-11-14,1167.5
2014-11-17,1171.5
2014-11-18,1166.5
2014-11-19,1164.0
2014-11-21,1165.0
2014-11-24,1166.0
2014-11-25,1167.5
2014-11-26,1172.5
2014-11-27,1173.0
2014-11-28,1175.0
2014-12-01,1183.0
2014-12-02,1194.0
2014-12-03,1198.5
2014-12-04,1199.0
2014-12-05,1209.5
2014-12-08,1210.5
2014-12-09,1209.5
2014-12-10,1199.5
2014-12-11,1198.5
2014-12-12,1202.0
2014-12-15,1208.0
2014-12-16,1208.5
2014-12-17,1202.5
2014-12-18,1209.0
2014-12-19,1204.0
2014-12-22,1204.5
2014-12-23,1200.0
2014-12-26,1205.0
2014-12-29,1202.5
2014-12-30,1208.5
2015-01-02,1209.5
2015-01-05,1205.0
2015-01-06,1222.5
2015-01-07,1216.0
2015-01-08,1214.0
2015-01-09,1210.5
2015-01-12,1221.0
2015-01-13,1220.5
2015-01-14,1210.5
2015-01-15,1207.0
2015-01-16,1217.0
2015-01-19,1231.5
2015-01-20,1255.5
2015-01-21,1320.5
2015-01-22,1330.5
2015-01-23,1326.5
2015-01-26,1330.0
2015-01-27,1333.5
2015-01-28,1334.0
2015-01-29,1339.0
2015-01-30,1343.0
2015-02-02,1352.5
2015-02-03,1353.0
2015-02-04,1345.5
2015-02-05,1339.5
2015-02-06,1337.5
2015-02-09,1337.5
2015-02-10,1338.0
2015-02-11,1332.0
2015-02-12,1322.5
2015-02-13,1332.5
2015-02-18,1333.5
2015-02-19,1324.0
2015-02-20,1307.0
2015-02-23,1298.0
2015-02-24,1286.0
2015-02-25,1268.5
2015-02-26,1251.0
2015-02-27,1236.0
2015-03-02,1231.0
2015-03-03,1215.5
2015-03-04,1211.0
2015-03-05,1208.5
2015-03-06,1220.0
2015-03-09,1225.5
2015-03-10,1215.0
2015-03-11,1189.0
2015-03-12,1186.5
2015-03-13,1157.0
2015-03-16,1155.0
2015-03-17,1151.5
2015-03-18,1150.5
2015-03-19,1146.5
2015-03-20,1157.0
2015-03-23,1183.0
2015-03-24,1196.0
2015-03-25,1206.0
2015-03-26,1208.0
2015-03-27,1210.5
2015-03-30,1204.5
2015-03-31,1202.0
2015-04-01,1202.0
2015-04-02,1212.5
2015-04-06,1201.5
2015-04-07,1197.0
2015-04-08,1193.5
2015-04-09,1198.0
2015-04-10,1196.5
2015-04-13,1208.5
2015-04-14,1203.0
2015-04-15,1201.0
2015-04-16,1208.0
2015-04-17,1214.0
2015-04-20,1213.0
2015-04-22,1207.0
2015-04-23,1207.5
2015-04-24,1208.0
2015-04-27,1208.5
2015-04-28,1203.0
2015-04-29,1202.0
2015-04-30,1198.5
2015-05-04,1191.0
2015-05-05,1181.0
2015-05-06,1167.5
2015-05-07,1165.5
2015-05-08,1164.0
2015-05-11,1174.0
2015-05-12,1170.5
2015-05-13,1171.0
2015-05-14,1171.0
2015-05-15,1164.0
2015-05-18,1169.5
2015-05-19,1161.5
2015-05-20,1158.5
2015-05-21,1149.0
2015-05-22,1146.0
2015-05-25,1140.0
2015-05-26,1137.5
2015-05-27,1140.5
2015-05-28,1143.0
2015-05-29,1150.0
2015-06-01,1156.0
2015-06-02,1162.0
2015-06-03,1178.5
2015-06-05,1169.0
2015-06-08,1174.5
2015-06-09,1163.5
2015-06-10,1161.5
2015-06-11,1159.5
2015-06-12,1152.0
2015-06-15,1161.5
2015-06-16,1149.0
2015-06-17,1151.5
2015-06-18,1144.5
2015-06-19,1145.0
2015-06-22,1136.5
2015-06-23,1127.5
2015-06-24,1123.5
2015-06-25,1118.0
2015-06-26,1117.0
2015-06-29,1112.5
2015-06-30,1110.0
2015-07-01,1108.5
2015-07-02,1111.5
2015-07-03,1122.0
2015-07-06,1126.0
2015-07-07,1150.5
2015-07-08,1155.0
2015-07-10,1179.5
2015-07-13,1159.5
2015-07-14,1150.5
2015-07-15,1148.0
2015-07-16,1145.5
2015-07-17,1146.0
2015-07-20,1131.5
2015-07-21,1130.0
2015-07-22,1121.0
2015-07-23,1118.5
2015-07-24,1111.5
2015-07-27,1112.5
2015-07-28,1113.5
2015-07-29,1105.5
2015-07-30,1115.0
2015-07-31,1108.5
2015-08-03,1106.0
2015-08-04,1105.0
2015-08-05,1111.0
2015-08-06,1108.0
2015-08-07,1113.5
2015-08-10,1113.0
2015-08-11,1105.5
2015-08-12,1105.0
2015-08-13,1111.0
2015-08-14,1102.0
2015-08-17,1103.0
2015-08-18,1094.0
2015-08-19,1102.0
2015-08-20,1094.5
2015-08-21,1105.0
2015-08-24,1105.5
2015-08-25,1096.5
2015-08-26,1105.0
2015-08-27,1113.0
2015-08-28,1112.0
2015-08-31,1117.5
2015-09-01,1114.0
2015-09-02,1121.5
2015-09-03,1121.5
2015-09-04,1116.5
2015-09-08,1160.5
2015-09-09,1169.5
2015-09-10,1203.0
2015-09-11,1220.0
2015-09-14,1236.0
2015-09-15,1235.0
2015-09-16,1231.5
2015-09-17,1230.5
2015-09-18,1225.5
2015-09-21,1230.5
2015-09-22,1228.5
2015-09-23,1227.0
2015-09-24,1227.5
2015-09-25,1232.5
2015-09-28,1285.0
2015-09-29,1298.0
2015-09-30,1389.5
2015-10-01,1420.5
2015-10-02,1431.0
2015-10-05,1460.0
2015-10-06,1470.0
2015-10-07,1469.5
2015-10-08,1471.5
2015-10-09,1466.5
2015-10-13,1481.0
2015-10-14,1473.5
2015-10-15,1473.0
2015-10-16,1472.5
2015-10-19,1470.5
2015-10-20,1478.5
2015-10-21,1485.0
2015-10-22,1487.5
2015-10-23,1500.5
2015-10-26,1525.0
2015-10-27,1541.0
2015-10-28,1564.0
2015-10-29,1577.5
2015-10-30,1600.5
2015-11-03,1647.0
2015-11-04,1644.5
2015-11-05,1666.0
2015-11-06,1670.5
2015-11-09,1684.5
2015-11-10,1684.5
2015-11-11,1682.0
2015-11-12,1677.0
2015-11-13,1668.0
2015-11-16,1670.0
2015-11-17,1670.0
2015-11-18,1667.5
2015-11-19,1665.5
2015-11-23,1657.0
2015-11-24,1654.0
2015-11-25,1653.0
2015-11-26,1650.0
2015-11-27,1651.0
2015-11-30,1641.5
2015-12-01,1634.0
2015-12-02,1635.0
2015-12-03,1635.5
2015-12-04,1633.0
2015-12-07,1635.0
2015-12-08,1639.0
2015-12-09,1644.0
2015-12-10,1647.5
2015-12-11,1645.5
2015-12-14,1647.0
2015-12-15,1646.0
2015-12-16,1647.0
2015-12-17,1644.0
2015-12-18,1649.5
2015-12-21,1650.5
2015-12-22,1648.5
2015-12-23,1659.5
2015-12-28,1664.5
2015-12-29,1671.0
2015-12-30,1658.0
2016-01-04,1703.5
2016-01-05,1719.5
2016-01-06,1731.5
2016-01-07,1744.5
2016-01-08,1753.5
2016-01-11,1785.0
2016-01-12,1805.0
2016-01-13,1816.5
2016-01-14,1821.5
2016-01-15,1806.0
2016-01-18,1794.0
2016-01-19,1795.0
2016-01-20,1796.0
2016-01-21,1795.5
2016-01-22,1798.0
2016-01-26,1797.5
2016-01-27,1804.0
2016-01-28,1819.0
2016-01-29,1823.0
2016-02-01,1832.5
2016-02-02,1859.0
2016-02-03,1846.0
2016-02-04,1838.5
2016-02-05,1836.0
2016-02-10,1840.0
2016-02-11,1843.0
2016-02-12,1853.5
2016-02-15,1850.5
2016-02-16,1858.0
2016-02-17,1862.0
2016-02-18,1861.0
2016-02-19,1876.5
2016-02-22,1881.0
2016-02-23,1889.5
2016-02-24,1881.5
2016-02-25,1890.5
2016-02-26,1877.5
2016-02-29,1891.0
2016-03-01,1898.0
2016-03-02,1892.5
2016-03-03,1901.0
2016-03-04,1880.0
2016-03-07,1904.0
2016-03-08,1891.0
2016-03-09,1891.0
2016-03-10,1892.5
2016-03-11,1896.5
2016-03-14,1899.5
2016-03-15,1892.5
2016-03-16,1866.0
2016-03-17,1852.0
2016-03-18,1843.5
2016-03-21,1827.0
2016-03-22,1798.5
2016-03-23,1782.5
2016-03-24,1765.5
2016-03-28,1718.0
2016-03-29,1649.5
2016-03-30,1576.0
2016-03-31,1529.5
2016-04-01,1508.0
2016-04-04,1450.5
2016-04-05,1396.0
2016-04-06,1336.5
2016-04-07,1328.0
2016-04-08,1318.5
2016-04-11,1317.5
2016-04-12,1309.0
2016-04-13,1315.0
2016-04-14,1312.0
2016-04-15,1319.5
2016-04-18,1311.0
2016-04-19,1317.5
2016-04-20,1305.5
2016-04-22,1298.5
2016-04-25,1292.0
2016-04-26,1290.5
2016-04-27,1293.0
2016-04-28,1285.0
2016-04-29,1284.5
2016-05-02,1270.5
2016-05-03,1265.0
2016-05-04,1264.0
2016-05-05,1261.5
2016-05-06,1258.0
2016-05-09,1288.0
2016-05-10,1291.0
2016-05-11,1315.0
2016-05-12,1334.0
2016-05-13,1340.5
2016-05-16,1345.5
2016-05-17,1348.5
2016-05-18,1351.5
2016-05-19,1358.5
2016-05-20,1355.0
2016-05-23,1398.5
2016-05-24,1399.0
2016-05-25,1420.0
2016-05-27,1424.0
2016-05-30,1424.5
2016-05-31,1459.0
2016-06-01,1472.5
2016-06-02,1473.5
2016-06-03,1476.5
2016-06-06,1495.5
2016-06-07,1505.0
2016-06-08,1485.5
2016-06-09,1469.5
2016-06-10,1456.0
2016-06-13,1437.5
2016-06-14,1425.5
2016-06-15,1408.0
2016-06-16,1401.5
2016-06-17,1393.5
2016-06-20,1402.5
2016-06-21,1400.0
2016-06-22,1389.0
2016-06-23,1389.5
2016-06-24,1385.5
2016-06-27,1388.5
2016-06-28,1377.5
2016-06-29,1383.0
2016-06-30,1380.5
2016-07-01,1378.0
2016-07-04,1375.5
2016-07-05,1377.0
2016-07-06,1369.0
2016-07-07,1380.5
2016-07-08,1383.5
2016-07-11,1379.0
2016-07-12,1378.5
2016-07-13,1393.0
2016-07-14,1413.0
2016-07-15,1436.5
2016-07-18,1463.5
2016-07-19,1475.0
2016-07-20,1476.5
2016-07-21,1484.5
2016-07-22,1490.5
2016-07-25,1489.5
2016-07-26,1484.0
2016-07-27,1505.0
2016-07-28,1499.0
2016-07-29,1500.0
2016-08-01,1508.0
2016-08-02,1502.5
2016-08-03,1513.0
2016-08-04,1512.5
2016-08-05,1510.0
2016-08-08,1516.5
2016-08-09,1516.0
2016-08-10,1516.5
2016-08-11,1510.5
2016-08-12,1496.5
2016-08-15,1504.0
2016-08-16,1503.0
2016-08-17,1499.5
2016-08-18,1495.0
2016-08-19,1498.5
2016-08-22,1494.0
2016-08-23,1504.0
2016-08-24,1485.0
2016-08-25,1488.5
2016-08-26,1482.5
2016-08-29,1482.5
2016-08-30,1491.0
2016-08-31,1509.0
2016-09-01,1512.0
2016-09-02,1518.5
2016-09-05,1536.5
2016-09-06,1547.0
2016-09-08,1538.0
2016-09-09,1543.5
2016-09-12,1537.5
2016-09-13,1547.0
2016-09-14,1560.5
2016-09-15,1582.0
2016-09-16,1594.0
2016-09-19,1611.5
2016-09-20,1640.0
2016-09-21,1637.0
2016-09-22,1647.5
2016-09-23,1648.5
2016-09-26,1653.5
2016-09-27,1667.0
2016-09-28,1667.0
2016-09-29,1671.0
2016-09-30,1670.0
2016-10-03,1680.0
2016-10-04,1690.5
2016-10-05,1694.0
2016-10-06,1725.0
2016-10-07,1750.0
2016-10-10,1782.0
2016-10-11,1797.0
2016-10-13,1862.0
2016-10-14,1865.5
2016-10-17,1864.5
2016-10-18,1862.5
2016-10-19,1847.0
2016-10-20,1843.5
2016-10-21,1844.0
2016-10-24,1848.5
2016-10-25,1841.0
2016-10-26,1833.0
2016-10-27,1838.5
2016-10-28,1839.0
2016-10-31,1829.5
2016-11-01,1833.0
2016-11-03,1829.5
2016-11-04,1834.5
2016-11-07,1832.5
2016-11-08,1829.5
2016-11-09,1828.0
2016-11-10,1818.0
2016-11-11,1818.0
2016-11-14,1826.5
2016-11-16,1810.0
2016-11-17,1811.0
2016-11-18,1803.0
2016-11-21,1799.0
2016-11-22,1796.5
2016-11-23,1789.5
2016-11-24,1789.5
2016-11-25,1785.0
2016-11-28,1779.0
2016-11-29,1777.0
2016-11-30,1772.0
2016-12-01,1774.5
2016-12-02,1779.0
2016-12-05,1777.0
2016-12-06,1829.5
2016-12-07,1841.5
2016-12-08,1833.5
2016-12-09,1840.5
2016-12-12,1832.0
2016-12-13,1841.0
2016-12-14,1823.0
2016-12-15,1813.0
2016-12-16,1812.5
2016-12-19,1812.0
2016-12-20,1797.5
2016-12-21,1805.0
2016-12-22,1807.0
2016-12-23,1804.5
2016-12-26,1808.0
2016-12-27,1804.5
2016-12-28,1806.5
2016-12-29,1813.0
2017-01-02,1924.5
2017-01-03,1917.0
2017-01-04,1918.5
2017-01-05,1913.0
2017-01-06,1909.0
2017-01-09,1914.0
2017-01-10,1909.0
2017-01-11,1911.5
2017-01-12,1908.5
2017-01-13,1897.0
2017-01-16,1892.0
2017-01-17,1869.5
2017-01-18,1867.5
2017-01-19,1872.0
2017-01-20,1864.0
2017-01-23,1854.5
2017-01-24,1840.5
2017-01-26,1827.0
2017-01-27,1825.0
2017-01-30,1811.5
2017-01-31,1806.0
2017-02-01,1805.0
2017-02-02,1802.0
2017-02-03,1803.0
2017-02-06,1800.0
2017-02-07,1776.5
2017-02-08,1779.0
2017-02-09,1769.5
2017-02-10,1767.5
2017-02-13,1765.0
2017-02-14,1740.5
2017-02-15,1731.5
2017-02-16,1717.0
2017-02-17,1688.0
2017-02-20,1679.5
2017-02-21,1672.5
2017-02-22,1667.5
2017-02-23,1668.5
2017-02-24,1658.0
2017-03-01,1644.0
2017-03-02,1619.5
2017-03-03,1607.0
2017-03-06,1576.0
2017-03-07,1560.5
2017-03-08,1557.0
2017-03-09,1557.0
2017-03-10,1560.0
2017-03-13,1578.0
2017-03-14,1584.0
2017-03-15,1584.5
2017-03-16,1582.5
2017-03-17,1591.5
2017-03-20,1602.5
2017-03-21,1610.0
2017-03-22,1602.0
2017-03-23,1586.0
2017-03-24,1586.0
2017-03-27,1579.5
2017-03-28,1569.0
2017-03-29,1540.0
2017-03-30,1519.0
2017-03-31,1512.0
2017-04-03,1500.5
2017-04-04,1504.0
2017-04-05,1493.5
2017-04-06,1499.0
2017-04-07,1501.0
2017-04-10,1510.0
2017-04-11,1515.5
2017-04-12,1535.5
2017-04-13,1553.0
2017-04-17,1568.5
2017-04-18,1567.5
2017-04-19,1565.5
2017-04-20,1540.0
2017-04-24,1563.5
2017-04-25,1552.0
2017-04-26,1554.0
2017-04-27,1557.0
2017-04-28,1553.5
2017-05-02,1547.5
2017-05-03,1531.5
2017-05-04,1516.0
2017-05-05,1514.5
2017-05-08,1505.5
2017-05-09,1494.0
2017-05-10,1473.5
2017-05-11,1462.0
2017-05-12,1460.5
2017-05-15,1452.5
2017-05-16,1447.0
2017-05-17,1449.0
2017-05-18,1452.5
2017-05-19,1453.5
2017-05-22,1468.5
2017-05-23,1473.0
2017-05-24,1471.5
2017-05-25,1467.5
2017-05-26,1458.5
2017-05-29,1436.0
2017-05-30,1426.5
2017-05-31,1417.0
2017-06-01,1396.5
2017-06-02,1402.0
2017-06-05,1394.5
2017-06-06,1402.0
2017-06-07,1400.0
2017-06-08,1397.5
2017-06-09,1404.5
2017-06-12,1404.5
2017-06-13,1409.5
2017-06-14,1412.0
2017-06-16,1402.0
2017-06-19,1392.0
2017-06-20,1378.0
2017-06-21,1368.5
2017-06-22,1362.5
2017-06-23,1360.0
2017-06-26,1347.0
2017-06-27,1344.5
2017-06-28,1343.0
2017-06-29,1344.5
2017-06-30,1341.0
2017-07-03,1323.0
2017-07-04,1320.5
2017-07-05,1320.5
2017-07-06,1322.0
2017-07-07,1329.5
2017-07-10,1332.0
2017-07-11,1331.0
2017-07-12,1331.5
2017-07-13,1335.5
2017-07-14,1335.0
2017-07-17,1337.0
2017-07-18,1338.0
2017-07-19,1341.5
2017-07-20,1357.5
2017-07-21,1426.5
2017-07-24,1429.0
2017-07-25,1427.0
2017-07-26,1426.0
2017-07-27,1423.0
2017-07-28,1431.0
2017-07-31,1431.5
2017-08-01,1432.5
2017-08-02,1438.5
2017-08-03,1443.5
2017-08-04,1450.5
2017-08-07,1460.0
2017-08-08,1477.5
2017-08-09,1488.5
2017-08-10,1494.0
2017-08-11,1493.0
2017-08-14,1497.0
2017-08-15,1494.5
2017-08-16,1488.0
2017-08-17,1484.5
2017-08-18,1475.0
2017-08-21,1472.5
2017-08-22,1472.0
2017-08-23,1464.0
2017-08-24,1451.5
2017-08-25,1453.5
2017-08-28,1449.0
2017-08-29,1458.5
2017-08-30,1459.5
2017-08-31,1475.5
2017-09-01,1499.0
2017-09-04,1509.0
2017-09-05,1520.0
2017-09-06,1513.0
2017-09-08,1507.0
2017-09-11,1508.0
2017-09-12,1490.5
2017-09-13,1492.5
2017-09-14,1490.5
2017-09-15,1498.0
2017-09-18,1496.0
2017-09-19,1500.5
2017-09-20,1503.5
2017-09-21,1509.0
2017-09-22,1511.5
2017-09-25,1509.5
2017-09-26,1519.0
2017-09-27,1523.5
2017-09-28,1533.5
2017-09-29,1540.5
2017-10-02,1562.5
2017-10-03,1563.0
2017-10-04,1562.0
2017-10-05,1564.5
2017-10-06,1570.5
2017-10-09,1576.0
2017-10-10,1580.0
2017-10-11,1593.0
2017-10-13,1587.0
2017-10-16,1590.0
2017-10-17,1593.5
2017-10-18,1606.0
2017-10-19,1613.0
2017-10-20,1621.0
2017-10-23,1636.5
2017-10-24,1637.0
2017-10-25,1641.5
2017-10-26,1644.5
2017-10-27,1650.5
2017-10-30,1652.0
2017-10-31,1656.5
2017-11-01,1660.0
2017-11-03,1650.5
2017-11-06,1674.5
2017-11-07,1682.0
2017-11-08,1682.5
2017-11-09,1709.0
2017-11-10,1717.5
2017-11-13,1745.0
2017-11-14,1748.0
2017-11-16,1749.0
2017-11-17,1737.5
2017-11-21,1747.5
2017-11-22,1745.0
2017-11-23,1744.5
2017-11-24,1755.0
2017-11-27,1758.0
2017-11-28,1769.0
2017-11-29,1766.5
2017-11-30,1771.5
2017-12-01,1777.0
2017-12-04,1786.5
2017-12-05,1797.0
2017-12-06,1809.0
2017-12-07,1816.0
2017-12-08,1816.5
2017-12-11,1812.5
2017-12-12,1807.0
2017-12-13,1813.5
2017-12-14,1811.5
2017-12-15,1813.5
2017-12-18,1812.0
2017-12-19,1813.0
2017-12-20,1813.5
2017-12-21,1814.0
2017-12-22,1814.0
2017-12-26,1827.0
2017-12-27,1830.0
2017-12-28,1840.0
2018-01-02,1854.5
2018-01-03,1882.5
2018-01-04,1892.5
2018-01-05,1904.5
2018-01-08,1910.5
2018-01-09,1919.0
2018-01-10,1913.0
2018-01-11,1924.0
2018-01-12,1915.5
2018-01-15,1918.5
2018-01-16,1917.5
2018-01-17,1921.0
2018-01-18,1913.0
2018-01-19,1915.5
2018-01-22,1910.0
2018-01-23,1905.0
2018-01-24,1902.0
2018-01-26,1898.0
2018-01-29,1898.5
2018-01-30,1905.5
2018-01-31,1906.5
2018-02-01,1895.5
2018-02-02,1894.0
2018-02-05,1888.5
2018-02-06,1894.5
2018-02-07,1899.5
2018-02-08,1901.5
2018-02-09,1899.5
2018-02-14,1915.0
2018-02-15,1918.0
2018-02-16,1927.0
2018-02-19,1922.0
2018-02-20,1933.0
2018-02-21,1934.5
2018-02-22,1930.0
2018-02-23,1931.0
2018-02-26,1937.5
2018-02-27,1947.0
2018-02-28,1955.0
2018-03-01,1940.0
2018-03-02,1932.5
2018-03-05,1942.5
2018-03-06,1940.0
2018-03-07,1937.0
2018-03-08,1931.5
2018-03-09,1938.0
2018-03-12,1975.0
2018-03-13,1969.0
2018-03-14,1960.5
2018-03-15,1963.0
2018-03-16,1965.5
2018-03-19,1965.0
2018-03-20,1962.5
2018-03-21,1936.5
2018-03-22,1924.0
2018-03-23,1909.0
2018-03-26,1891.5
2018-03-27,1888.0
2018-03-28,1858.0
2018-03-29,1851.5
2018-04-02,1810.0
2018-04-03,1781.5
2018-04-04,1732.5
2018-04-05,1694.5
2018-04-06,1623.5
2018-04-09,1621.0
2018-04-10,1610.5
2018-04-11,1590.5
2018-04-12,1582.0
2018-04-13,1581.5
2018-04-16,1578.5
2018-04-17,1566.0
2018-04-18,1554.5
2018-04-19,1550.5
2018-04-20,1542.5
2018-04-23,1530.5
2018-04-24,1527.5
2018-04-25,1524.5
2018-04-26,1513.0
2018-04-27,1517.0
2018-04-30,1522.5
2018-05-02,1510.0
2018-05-03,1506.5
2018-05-04,1514.0
2018-05-07,1538.5
2018-05-08,1549.0
2018-05-09,1562.5
2018-05-10,1584.0
2018-05-11,1628.0
2018-05-14,1661.5
2018-05-15,1684.0
2018-05-16,1694.5
2018-05-17,1702.5
2018-05-18,1702.0
2018-05-21,1705.0
2018-05-22,1709.0
2018-05-23,1710.0
2018-05-24,1710.0
2018-05-25,1710.5
2018-05-28,1736.5
2018-05-29,1750.5
2018-05-30,1759.5
2018-06-01,1761.0
2018-06-04,1764.5
2018-06-05,1767.5
2018-06-06,1757.0
2018-06-07,1759.0
2018-06-08,1765.5
2018-06-11,1751.5
2018-06-12,1741.0
2018-06-13,1714.5
2018-06-14,1711.5
2018-06-15,1692.5
2018-06-18,1688.0
2018-06-19,1667.0
2018-06-20,1642.5
2018-06-21,1624.0
2018-06-22,1612.5
2018-06-25,1607.0
2018-06-26,1584.0
2018-06-27,1574.5
2018-06-28,1556.5
2018-06-29,1552.5
2018-07-02,1549.0
2018-07-03,1547.0
2018-07-04,1537.0
2018-07-05,1541.5
2018-07-06,1538.0
2018-07-10,1542.0
2018-07-11,1536.5
2018-07-12,1532.5
2018-07-13,1535.0
2018-07-16,1531.5
2018-07-17,1533.5
2018-07-18,1524.5
2018-07-19,1523.5
2018-07-20,1524.5
2018-07-23,1526.5
2018-07-24,1521.0
2018-07-25,1511.0
2018-07-26,1494.5
2018-07-27,1497.0
2018-07-30,1485.0
2018-07-31,1469.0
2018-08-01,1462.0
2018-08-02,1452.0
2018-08-03,1447.0
2018-08-06,1454.5
2018-08-07,1446.5
2018-08-08,1467.0
2018-08-09,1464.0
2018-08-10,1464.5
2018-08-13,1462.5
2018-08-14,1456.0
2018-08-15,1452.0
2018-08-16,1456.0
2018-08-17,1466.0
2018-08-20,1467.5
2018-08-21,1490.0
2018-08-22,1535.0
2018-08-23,1562.0
2018-08-24,1575.0
2018-08-27,1625.0
2018-08-28,1639.5
2018-08-29,1662.5
2018-08-30,1665.5
2018-08-31,1678.0
2018-09-03,1722.0
2018-09-04,1737.5
2018-09-05,1768.0
2018-09-06,1763.0
2018-09-10,1749.0
2018-09-11,1734.5
2018-09-12,1724.5
2018-09-13,1714.0
2018-09-14,1718.0
2018-09-17,1730.0
2018-09-18,1734.5
2018-09-19,1744.5
2018-09-20,1749.0
2018-09-21,1760.0
2018-09-24,1754.0
2018-09-25,1768.5
2018-09-26,1773.5
2018-09-27,1783.0
2018-09-28,1798.5
2018-10-01,1823.5
2018-10-02,1848.0
2018-10-03,1866.0
2018-10-04,1866.5
2018-10-05,1870.5
2018-10-08,1891.5
2018-10-09,1893.5
2018-10-10,1900.5
2018-10-11,1895.5
2018-10-15,1890.5
2018-10-16,1885.0
2018-10-17,1867.0
2018-10-18,1861.5
2018-10-19,1851.0
2018-10-22,1856.0
2018-10-23,1845.5
2018-10-24,1839.0
2018-10-25,1835.5
2018-10-26,1822.0
2018-10-29,1821.0
2018-10-30,1815.5
2018-10-31,1808.5
2018-11-01,1801.5
2018-11-05,1780.0
2018-11-06,1749.5
2018-11-07,1741.5
2018-11-08,1726.0
2018-11-09,1719.0
2018-11-12,1712.5
2018-11-13,1710.5
2018-11-14,1707.0
2018-11-16,1703.5
2018-11-19,1701.0
2018-11-21,1700.0
2018-11-22,1702.0
2018-11-23,1700.5
2018-11-26,1695.0
2018-11-27,1694.5
2018-11-28,1691.0
2018-11-29,1692.0
2018-11-30,1695.0
2018-12-03,1730.5
2018-12-04,1748.5
2018-12-05,1753.0
2018-12-06,1749.5
2018-12-07,1746.5
2018-12-10,1746.5
2018-12-11,1745.0
2018-12-12,1742.0
2018-12-13,1740.0
2018-12-14,1739.0
2018-12-17,1743.0
2018-12-18,1731.5
2018-12-19,1729.5
2018-12-20,1731.0
2018-12-21,1729.0
2018-12-26,1729.0
2018-12-27,1733.5
2018-12-28,1732.0
2019-01-02,1734.5
2019-01-03,1732.5
2019-01-04,1722.0
2019-01-07,1723.5
2019-01-08,1711.0
2019-01-09,1699.5
2019-01-10,1690.5
2019-01-11,1687.0
2019-01-14,1684.5
2019-01-15,1673.0
2019-01-16,1672.5
2019-01-17,1668.0
2019-01-18,1666.0
2019-01-21,1655.5
2019-01-22,1643.0
2019-01-23,1628.5
2019-01-24,1618.5
2019-01-28,1617.0
2019-01-29,1596.5
2019-01-30,1585.5
2019-01-31,1581.5
2019-02-01,1596.5
2019-02-04,1600.0
2019-02-05,1609.0
2019-02-06,1626.5
2019-02-07,1688.0
2019-02-08,1694.0
2019-02-11,1739.0
2019-02-12,1747.5
2019-02-13,1754.0
2019-02-14,1768.5
2019-02-15,1776.0
2019-02-18,1807.5
2019-02-19,1831.5
2019-02-20,1870.5
2019-02-21,1911.0
2019-02-22,1928.0
2019-02-25,1945.0
2019-02-26,1934.5
2019-02-27,1917.0
2019-02-28,1926.0
2019-03-01,1919.0
2019-03-06,1919.5
2019-03-07,1923.0
2019-03-08,1928.0
2019-03-11,1924.0
2019-03-12,1916.5
2019-03-13,1916.0
2019-03-14,1902.5
2019-03-15,1884.5
2019-03-18,1865.0
2019-03-19,1866.0
2019-03-20,1837.5
2019-03-21,1820.0
2019-03-22,1792.5
2019-03-25,1734.5
2019-03-26,1716.5
2019-03-27,1696.0
2019-03-28,1683.0
2019-03-29,1684.5
2019-04-01,1687.0
2019-04-02,1682.0
2019-04-03,1683.0
2019-04-04,1718.5
2019-04-05,1814.5
2019-04-08,1921.5
2019-04-09,1974.5
2019-04-10,1976.5
2019-04-11,1974.5
2019-04-12,1965.5
2019-04-15,1988.0
2019-04-16,2025.0
2019-04-17,2090.0
2019-04-18,2105.5
2019-04-22,2067.5
2019-04-23,2028.0
2019-04-24,1928.0
2019-04-25,1830.5
2019-04-26,1791.0
2019-04-29,1755.0
2019-04-30,1749.0
2019-05-02,1723.0
2019-05-03,1694.0
2019-05-06,1685.5
2019-05-07,1672.0
2019-05-08,1669.5
2019-05-09,1667.5
2019-05-10,1674.5
2019-05-13,1705.5
2019-05-14,1753.5
2019-05-15,1780.0
2019-05-16,1785.0
2019-05-17,1778.5
2019-05-20,1756.0
2019-05-21,1746.5
2019-05-22,1725.0
2019-05-23,1695.0
2019-05-24,1687.5
2019-05-27,1670.0
2019-05-28,1668.5
2019-05-29,1680.5
2019-05-30,1717.5
2019-05-31,1744.0
2019-06-03,1752.5
2019-06-04,1736.5
2019-06-05,1726.0
2019-06-06,1703.5
2019-06-07,1680.0
2019-06-10,1668.5
2019-06-11,1662.5
2019-06-12,1679.5
2019-06-13,1687.0
2019-06-14,1704.5
2019-06-17,1695.0
2019-06-18,1694.5
2019-06-19,1678.5
2019-06-21,1671.0
2019-06-25,1663.0
2019-06-26,1663.0
2019-06-27,1679.0
2019-06-28,1680.5
2019-07-01,1690.5
2019-07-02,1704.0
2019-07-03,1706.0
2019-07-04,1720.5
2019-07-05,1724.5
2019-07-08,1728.5
2019-07-10,1718.0
2019-07-11,1702.5
2019-07-12,1707.0
2019-07-15,1713.5
2019-07-16,1718.5
2019-07-17,1736.0
2019-07-18,1750.5
2019-07-19,1761.0
2019-07-22,1762.5
2019-07-23,1771.5
2019-07-24,1787.5
2019-07-25,1804.5
2019-07-26,1792.0
2019-07-29,1789.5
2019-07-30,1790.0
2019-07-31,1777.5
2019-08-01,1793.5
2019-08-02,1790.5
2019-08-05,1792.5
2019-08-06,1796.5
2019-08-07,1803.0
2019-08-08,1811.5
2019-08-09,1814.5
2019-08-12,1820.5
2019-08-13,1819.5
2019-08-14,1814.0
2019-08-15,1806.0
2019-08-16,1810.0
2019-08-19,1805.5
2019-08-20,1791.5
2019-08-21,1792.0
2019-08-22,1788.0
2019-08-23,1777.0
2019-08-26,1772.0
2019-08-27,1756.0
2019-08-28,1750.0
2019-08-29,1737.0
2019-08-30,1741.5
2019-09-02,1751.5
2019-09-03,1765.5
2019-09-04,1774.5
2019-09-05,1779.5
2019-09-06,1774.0
2019-09-09,1779.0
2019-09-10,1771.5
2019-09-11,1752.5
2019-09-12,1751.5
2019-09-13,1751.5
2019-09-16,1783.5
2019-09-17,1808.5
2019-09-18,1805.0
2019-09-19,1801.5
2019-09-20,1801.0
2019-09-23,1806.5
2019-09-24,1805.0
2019-09-25,1812.0
2019-09-26,1814.0
2019-09-27,1811.0
2019-09-30,1815.5
2019-10-01,1818.5
2019-10-02,1835.5
2019-10-03,1839.5
2019-10-04,1839.5
2019-10-07,1854.5
2019-10-08,1866.5
2019-10-09,1867.5
2019-10-10,1869.0
2019-10-11,1868.0
2019-10-14,1869.0
2019-10-15,1872.5
2019-10-16,1867.0
2019-10-17,1861.5
2019-10-18,1853.5
2019-10-21,1862.5
2019-10-22,1873.0
2019-10-23,1883.5
2019-10-24,1891.0
2019-10-25,1894.0
2019-10-28,1905.5
2019-10-29,1932.5
2019-10-30,1936.5
2019-10-31,1938.0
2019-11-01,1933.0
2019-11-05,1941.5
2019-11-06,1944.0
2019-11-07,1946.5
2019-11-08,1943.0
2019-11-11,1949.5
2019-11-12,1950.5
2019-11-13,1951.5
2019-11-14,1960.5
2019-11-19,1960.5
2019-11-21,1971.5
2019-11-22,1974.0
2019-11-25,1999.5
2019-11-26,2013.5
2019-11-27,2051.0
2019-11-28,2072.0
2019-11-29,2079.0
2019-12-02,2078.0
2019-12-03,2076.5
2019-12-04,2077.0
2019-12-05,2073.5
2019-12-06,2073.5
2019-12-09,2068.5
2019-12-10,2064.5
2019-12-11,2057.0
2019-12-12,2055.0
2019-12-13,2054.0
2019-12-16,2050.5
2019-12-17,2049.5
2019-12-18,2046.0
2019-12-19,2042.0
2019-12-20,2056.0
2019-12-23,2062.0
2019-12-26,2090.5
2019-12-27,2100.0
2019-12-30,2105.5
2020-01-02,2108.0
2020-01-03,2117.5
2020-01-06,2124.5
2020-01-07,2128.5
2020-01-08,2136.5
2020-01-09,2129.0
2020-01-10,2137.0
2020-01-13,2133.0
2020-01-14,2134.0
2020-01-15,2124.0
2020-01-16,2129.5
2020-01-17,2128.5
2020-01-20,2117.5
2020-01-21,2117.5
2020-01-22,2124.0
2020-01-23,2136.5
2020-01-24,2127.5
2020-01-27,2125.0
2020-01-28,2132.5
2020-01-29,2145.0
2020-01-30,2181.5
2020-01-31,2185.5
2020-02-03,2179.0
2020-02-04,2180.0
2020-02-05,2174.5
2020-02-06,2168.5
2020-02-07,2166.5
2020-02-10,2168.0
2020-02-11,2169.5
2020-02-12,2172.0
2020-02-13,2175.5
2020-02-14,2190.0
2020-02-17,2202.0
2020-02-18,2201.0
2020-02-19,2202.0
2020-02-20,2204.5
2020-02-21,2206.5
2020-02-26,2211.0
2020-02-27,2207.5
2020-02-28,2207.0
2020-03-02,2197.0
2020-03-03,2181.5
2020-03-04,2176.5
2020-03-05,2130.5
2020-03-06,2125.5
2020-03-09,2073.0
2020-03-10,2039.0
2020-03-11,2024.0
2020-03-12,1985.0
2020-03-13,1924.0
2020-03-16,1842.5
2020-03-17,1799.5
2020-03-18,1707.5
2020-03-19,1648.0
2020-03-20,1621.0
2020-03-23,1611.0
2020-03-24,1565.5
2020-03-25,1520.5
2020-03-26,1511.5
2020-03-27,1474.0
2020-03-30,1442.5
2020-03-31,1422.5
2020-04-01,1378.5
2020-04-02,1338.5
2020-04-03,1349.0
2020-04-06,1402.5
2020-04-07,1420.5
2020-04-08,1477.5
2020-04-09,1506.0
2020-04-13,1525.5
2020-04-14,1522.5
2020-04-15,1505.0
2020-04-16,1494.0
2020-04-17,1446.0
2020-04-20,1435.5
2020-04-22,1388.0
2020-04-23,1364.0
2020-04-24,1352.5
2020-04-27,1366.0
2020-04-28,1380.0
2020-04-29,1414.0
2020-04-30,1420.5
2020-05-04,1446.5
2020-05-05,1445.0
2020-05-06,1445.0
2020-05-07,1467.0
2020-05-08,1468.5
2020-05-11,1463.5
2020-05-12,1446.5
2020-05-13,1450.0
2020-05-14,1462.0
2020-05-15,1456.5
2020-05-18,1465.5
2020-05-19,1476.5
2020-05-20,1490.0
2020-05-21,1510.0
2020-05-22,1524.5
2020-05-25,1534.0
2020-05-26,1564.5
2020-05-27,1607.5
2020-05-28,1613.5
2020-05-29,1612.0
2020-06-01,1657.0
2020-06-02,1667.0
2020-06-03,1676.5
2020-06-04,1677.5
2020-06-05,1678.0
2020-06-08,1705.5
2020-06-09,1741.5
2020-06-10,1734.0
2020-06-12,1745.5
2020-06-15,1746.0
2020-06-16,1737.0
2020-06-17,1707.0
2020-06-18,1696.5
2020-06-19,1709.5
2020-06-22,1688.5
2020-06-23,1687.0
2020-06-24,1684.0
2020-06-25,1674.5
2020-06-26,1669.5
2020-06-29,1670.5
2020-06-30,1669.5
2020-07-01,1659.5
2020-07-02,1658.5
2020-07-03,1661.5
2020-07-06,1663.0
2020-07-07,1666.5
2020-07-08,1671.5
2020-07-09,1674.5
2020-07-10,1674.0
2020-07-13,1666.0
2020-07-14,1669.5
2020-07-15,1673.5
2020-07-16,1675.5
2020-07-17,1685.0
2020-07-20,1689.5
2020-07-21,1699.5
2020-07-22,1706.5
2020-07-23,1716.5
2020-07-24,1733.0
2020-07-27,1742.5
2020-07-28,1760.0
2020-07-29,1775.5
2020-07-30,1767.5
2020-07-31,1766.5
2020-08-03,1762.5
2020-08-04,1740.0
2020-08-05,1733.0
2020-08-06,1732.5
2020-08-07,1735.5
2020-08-10,1727.0
2020-08-11,1728.0
2020-08-12,1729.5
2020-08-13,1734.5
2020-08-14,1763.5
2020-08-17,1762.5
2020-08-18,1771.5
2020-08-19,1787.0
2020-08-20,1804.5
2020-08-21,1835.5
2020-08-24,1845.5
2020-08-25,1863.0
2020-08-26,1894.5
2020-08-27,1902.5
2020-08-28,1889.5
2020-08-31,1887.0
2020-09-01,1887.5
2020-09-02,1870.0
2020-09-03,1873.5
2020-09-04,1881.0
2020-09-08,1858.0
2020-09-09,1845.0
2020-09-10,1834.5
2020-09-11,1804.5
2020-09-14,1802.5
2020-09-15,1805.0
2020-09-16,1819.5
2020-09-17,1851.5
2020-09-18,1854.5
2020-09-21,1859.0
2020-09-22,1883.5
2020-09-23,1893.5
2020-09-24,1898.0
2020-09-25,1893.0
2020-09-28,1905.0
2020-09-29,1922.0
2020-09-30,1919.5
2020-10-01,1941.5
2020-10-02,1934.0
2020-10-05,1919.5
2020-10-06,1938.0
2020-10-07,1950.5
2020-10-08,1955.0
2020-10-09,2009.0
2020-10-13,2027.5
2020-10-14,2058.5
2020-10-15,2093.0
2020-10-16,2102.5
2020-10-19,2103.5
2020-10-20,2112.0
2020-10-21,2111.5
2020-10-22,2113.0
2020-10-23,2108.5
2020-10-26,2107.0
2020-10-27,2115.5
2020-10-28,2104.5
2020-10-29,2100.0
2020-10-30,2098.5
2020-11-03,2112.0
2020-11-04,2107.5
2020-11-05,2107.5
2020-11-06,2109.5
2020-11-09,2118.0
2020-11-10,2115.5
2020-11-11,2128.5
2020-11-12,2129.5
2020-11-13,2125.5
2020-11-16,2131.5
2020-11-17,2136.0
2020-11-18,2138.0
2020-11-19,2124.5
2020-11-20,2130.5
2020-11-23,2137.5
2020-11-24,2136.0
2020-11-25,2135.5
2020-11-26,2131.0
2020-11-27,2127.5
2020-11-30,2123.5
2020-12-01,2125.0
2020-12-02,2114.0
2020-12-03,2111.5
2020-12-04,2114.5
2020-12-07,2122.0
2020-12-08,2116.0
2020-12-09,2112.0
2020-12-10,2106.0
2020-12-11,2109.5
2020-12-14,2112.0
2020-12-15,2104.5
2020-12-16,2115.0
2020-12-17,2102.0
2020-12-18,2105.0
2020-12-21,2112.5
2020-12-22,2101.5
2020-12-23,2103.0
2020-12-28,2105.0
2020-12-29,2110.5
2020-12-30,2108.5
2021-01-04,2116.5
2021-01-05,2117.0
2021-01-06,2124.5
2021-01-07,2133.0
2021-01-08,2143.0
2021-01-11,2145.0
2021-01-12,2148.5
2021-01-13,2156.0
2021-01-14,2160.5
2021-01-15,2148.0
2021-01-18,2159.5
2021-01-19,2182.0
2021-01-20,2191.5
2021-01-21,2189.0
2021-01-22,2199.5
2021-01-26,2200.0
2021-01-27,2194.0
2021-01-28,2203.0
2021-01-29,2203.0
2021-02-01,2197.5
2021-02-02,2203.0
2021-02-03,2207.0
2021-02-04,2205.5
2021-02-05,2208.5
2021-02-08,2242.5
2021-02-09,2277.5
2021-02-10,2316.0
2021-02-11,2401.0
2021-02-12,2428.5
2021-02-17,2524.0
2021-02-18,2624.0
2021-02-19,2648.5
2021-02-22,2675.5
2021-02-23,2732.0
2021-02-24,2777.5
2021-02-25,2808.0
2021-02-26,2884.5
2021-03-01,2884.5
2021-03-02,2973.0
2021-03-03,2990.0
2021-03-04,2988.5
2021-03-05,2970.5
2021-03-08,2978.0
2021-03-09,2977.5
2021-03-10,2986.0
2021-03-11,2983.0
2021-03-12,2982.0
2021-03-15,2953.0
2021-03-16,2857.5
2021-03-17,2800.0
2021-03-18,2733.0
2021-03-19,2657.5
2021-03-22,2487.0
2021-03-23,2442.5
2021-03-24,2339.5
2021-03-25,2321.5
2021-03-26,2302.5
2021-03-29,2340.5
2021-03-30,2387.5
2021-03-31,2393.0
2021-04-01,2407.5
2021-04-05,2412.0
2021-04-06,2429.0
2021-04-07,2432.5
2021-04-08,2483.5
2021-04-09,2485.0
2021-04-12,2517.5
2021-04-13,2577.0
2021-04-14,2655.0
2021-04-15,2701.0
2021-04-16,2710.0
2021-04-19,2737.0
2021-04-20,2753.0
2021-04-22,2759.5
2021-04-23,2747.0
2021-04-26,2743.0
2021-04-27,2719.0
2021-04-28,2714.0
2021-04-29,2718.5
2021-04-30,2732.0
2021-05-03,2803.0
2021-05-04,2893.5
2021-05-05,3005.0
2021-05-06,3070.0
2021-05-07,3102.0
2021-05-10,3127.5
2021-05-11,3127.5
2021-05-12,3117.5
2021-05-13,3091.0
2021-05-14,3065.0
2021-05-17,3041.5
2021-05-18,2981.5
2021-05-19,2995.5
2021-05-20,2949.5
2021-05-21,2930.5
2021-05-24,2894.0
2021-05-25,2903.0
2021-05-26,2915.5
2021-05-27,2953.0
2021-05-28,3010.0
2021-05-31,3014.0
2021-06-01,3081.5
2021-06-02,3078.5
2021-06-04,3078.5
2021-06-07,3085.0
2021-06-08,3073.0
2021-06-09,3069.0
2021-06-10,3058.5
2021-06-11,3045.5
2021-06-14,3010.0
2021-06-15,2966.5
2021-06-16,2947.5
2021-06-17,2868.5
2021-06-18,2868.0
2021-06-21,2866.5
2021-06-22,2871.0
2021-06-23,2866.5
2021-06-24,2870.5
2021-06-25,2872.0
2021-06-28,2874.5
2021-06-29,2877.0
2021-06-30,2875.5
2021-07-01,2875.0
2021-07-02,2880.5
2021-07-05,2932.5
2021-07-06,2960.0
2021-07-07,2979.5
2021-07-08,2983.0
2021-07-12,3005.5
2021-07-13,3017.0
2021-07-14,3019.0
2021-07-15,3035.0
2021-07-16,3034.0
2021-07-19,3019.5
2021-07-20,3002.0
2021-07-21,2989.0
2021-07-22,2959.5
2021-07-23,2954.0
2021-07-26,2975.5
2021-07-27,3017.0
2021-07-28,3024.0
2021-07-30,3049.0
2021-08-02,3062.0
2021-08-03,3073.5
2021-08-04,3086.0
2021-08-05,3117.0
2021-08-06,3164.0
2021-08-09,3189.5
2021-08-10,3195.5
2021-08-11,3214.0
2021-08-12,3217.5
2021-08-13,3216.5
2021-08-16,3232.5
2021-08-17,3228.5
2021-08-18,3225.5
2021-08-19,3222.0
2021-08-20,3220.0
2021-08-23,3215.0
2021-08-24,3225.5
2021-08-25,3253.0
2021-08-26,3264.0
2021-08-27,3275.0
2021-08-30,3291.5
2021-08-31,3282.0
2021-09-01,3296.5
2021-09-02,3292.5
2021-09-03,3297.0
2021-09-06,3305.5
2021-09-08,3304.5
2021-09-09,3303.5
2021-09-10,3303.0
2021-09-13,3317.5
2021-09-14,3316.5
2021-09-15,3339.5
2021-09-16,3335.0
2021-09-17,3350.5
2021-09-20,3351.0
2021-09-21,3350.5
2021-09-22,3346.0
2021-09-23,3362.5
2021-09-24,3355.0
2021-09-27,3352.5
2021-09-28,3368.5
2021-09-29,3386.5
2021-09-30,3365.5
2021-10-01,3367.0
2021-10-04,3383.0
2021-10-05,3395.5
2021-10-06,3417.0
2021-10-07,3419.0
2021-10-08,3430.0
2021-10-11,3431.5
2021-10-13,3463.0
2021-10-14,3487.0
2021-10-15,3516.5
2021-10-18,3540.0
2021-10-19,3574.5
2021-10-20,3625.5
2021-10-21,3661.5
2021-10-22,3693.5
2021-10-25,3814.0
2021-10-26,3881.0
2021-10-27,3924.0
2021-10-28,3920.5
2021-10-29,3947.0
2021-11-01,3953.5
2021-11-03,3959.5
2021-11-04,3937.5
2021-11-05,3935.5
2021-11-08,3911.5
2021-11-09,3901.5
2021-11-10,3900.0
2021-11-11,3879.0
2021-11-12,3861.5
2021-11-16,3845.5
2021-11-17,3809.5
2021-11-18,3778.0
2021-11-19,3715.5
2021-11-22,3683.0
2021-11-23,3609.5
2021-11-24,3603.5
2021-11-25,3588.5
2021-11-26,3586.5
2021-11-29,3589.5
2021-11-30,3568.5
2021-12-01,3551.5
2021-12-02,3527.0
2021-12-03,3424.5
2021-12-06,3385.5
2021-12-07,3374.0
2021-12-08,3358.0
2021-12-09,3385.5
2021-12-10,3470.0
2021-12-13,3440.5
2021-12-14,3434.5
2021-12-15,3432.5
2021-12-16,3425.0
2021-12-17,3407.0
2021-12-20,3403.5
2021-12-21,3408.0
2021-12-22,3408.5
2021-12-23,3411.0
2021-12-27,3407.0
2021-12-28,3408.0
2021-12-29,3394.0
2021-12-30,3396.0
2022-01-03,3413.5
2022-01-04,3418.5
2022-01-05,3416.5
2022-01-06,3411.0
2022-01-07,3412.0
2022-01-10,3406.5
2022-01-11,3412.5
2022-01-12,3410.0
2022-01-13,3404.0
2022-01-14,3394.5
2022-01-17,3391.5
2022-01-18,3371.0
2022-01-19,3365.5
2022-01-20,3311.0
2022-01-21,3295.0
2022-01-24,3256.5
2022-01-25,3234.0
2022-01-26,3230.0
2022-01-27,3184.0
2022-01-28,3131.0
2022-01-31,3117.0
2022-02-01,3053.5
2022-02-02,2958.5
2022-02-03,2901.5
2022-02-04,2859.0
2022-02-07,2854.5
2022-02-08,2885.0
2022-02-09,2926.0
2022-02-10,2938.5
2022-02-11,2930.5
2022-02-14,2958.5
2022-02-15,2971.5
2022-02-16,2971.0
2022-02-17,2972.0
2022-02-18,2944.0
2022-02-21,2930.0
2022-02-22,2923.5
2022-02-23,2920.0
2022-02-24,2951.5
2022-02-25,2954.0
2022-03-02,2954.5
2022-03-03,2971.5
2022-03-04,3027.0
2022-03-07,3083.0
2022-03-08,3153.5
2022-03-09,3232.0
2022-03-10,3362.0
2022-03-11,3396.5
2022-03-14,3432.0
2022-03-15,3429.5
2022-03-16,3355.5
2022-03-17,3354.0
2022-03-18,3351.0
2022-03-21,3337.0
2022-03-22,3337.0
2022-03-23,3342.5
2022-03-24,3372.5
2022-03-25,3435.5
2022-03-28,3483.0
2022-03-29,3500.0
2022-03-30,3495.0
2022-03-31,3480.0
2022-04-01,3473.0
2022-04-04,3487.5
2022-04-05,3523.5
2022-04-06,3611.5
2022-04-07,3722.0
2022-04-08,3815.0
2022-04-11,3906.0
2022-04-12,3917.0
2022-04-13,3994.5
2022-04-14,3994.0
2022-04-18,3977.5
2022-04-19,3939.0
2022-04-20,3910.0
2022-04-22,3880.5
2022-04-25,3788.5
2022-04-26,3673.0
2022-04-27,3558.5
2022-04-28,3495.0
2022-04-29,3458.0
2022-05-02,3440.0
2022-05-03,3417.0
2022-05-04,3397.0
2022-05-05,3399.5
2022-05-06,3424.0
2022-05-09,3458.0
2022-05-10,3462.5
2022-05-11,3477.5
2022-05-12,3453.0
2022-05-13,3447.0
2022-05-16,3449.0
2022-05-17,3445.5
2022-05-18,3443.5
2022-05-19,3434.0
2022-05-20,3418.5
2022-05-23,3402.0
2022-05-24,3373.0
2022-05-25,3331.5
2022-05-26,3270.0
2022-05-27,3239.5
2022-05-30,3206.5
2022-05-31,3172.5
2022-06-01,3166.5
2022-06-02,3165.5
2022-06-03,3176.5
2022-06-06,3205.5
2022-06-07,3206.0
2022-06-08,3185.0
2022-06-09,3184.5
2022-06-10,3157.0
2022-06-13,3112.5
2022-06-14,3095.5
2022-06-15,3080.5
2022-06-17,3119.5
2022-06-20,3170.5
2022-06-21,3164.0
2022-06-22,3131.5
2022-06-23,3114.5
2022-06-24,3134.5
2022-06-27,3125.5
2022-06-28,3096.0
2022-06-29,3043.5
2022-06-30,3001.5
2022-07-01,2979.0
2022-07-04,2952.5
2022-07-05,2951.5
2022-07-06,2974.5
2022-07-07,3031.0
2022-07-08,3055.0
2022-07-11,3055.5
2022-07-12,3043.5
2022-07-13,3037.5
2022-07-14,3030.5
2022-07-15,3005.0
2022-07-18,3015.0
2022-07-19,3034.5
2022-07-20,3014.5
2022-07-21,3017.5
2022-07-22,3017.0
2022-07-25,3025.0
2022-07-26,3040.5
2022-07-27,3044.5
2022-07-28,3048.5
2022-07-29,3016.5
2022-08-01,3000.5
2022-08-02,2999.0
2022-08-03,2984.0
2022-08-04,2968.5
2022-08-05,2942.5
2022-08-08,2933.0
2022-08-09,2914.0
2022-08-10,2909.5
2022-08-11,2886.0
2022-08-12,2848.0
2022-08-15,2788.5
2022-08-16,2728.5
2022-08-17,2704.0
2022-08-18,2648.0
2022-08-19,2614.5
2022-08-23,2547.5
2022-08-24,2493.0
2022-08-25,2487.5
2022-08-26,2502.0
2022-08-29,2489.5
2022-08-30,2473.5
2022-08-31,2437.0
2022-09-01,2372.0
2022-09-02,2311.0
2022-09-05,2297.0
2022-09-06,2317.0
2022-09-08,2334.0
2022-09-09,2345.5
2022-09-12,2358.5
2022-09-13,2399.0
2022-09-14,2495.5
2022-09-15,2522.5
2022-09-16,2524.0
2022-09-19,2518.0
2022-09-20,2504.5
2022-09-21,2473.5
2022-09-22,2469.5
2022-09-23,2483.5
2022-09-26,2487.0
2022-09-27,2529.0
2022-09-28,2603.0
2022-09-30,2636.5
2022-10-03,2662.5
2022-10-04,2648.0
2022-10-05,2659.5
2022-10-06,2676.5
2022-10-07,2702.0
2022-10-10,2790.0
2022-10-11,2811.5
2022-10-13,2826.5
2022-10-14,2830.5
2022-10-17,2835.0
2022-10-18,2801.0
2022-10-19,2791.0
2022-10-20,2790.0
2022-10-21,2785.0
2022-10-24,2777.5
2022-10-25,2749.5
2022-10-26,2729.0
2022-10-27,2759.5
2022-10-28,2828.5
2022-10-31,2907.5
2022-11-01,2955.0
2022-11-03,2971.0
2022-11-04,2982.0
2022-11-07,3006.0
2022-11-08,2978.5
2022-11-09,2943.5
2022-11-10,2907.5
2022-11-11,2880.0
2022-11-14,2894.5
2022-11-16,2901.0
2022-11-17,2886.0
2022-11-18,2919.5
2022-11-21,2923.0
2022-11-22,2916.0
2022-11-23,2901.0
2022-11-24,2907.5
2022-11-25,2894.5
2022-11-28,2897.0
2022-11-29,2897.5
2022-11-30,2877.5
2022-12-01,2845.0
2022-12-02,2858.0
2022-12-05,2854.5
2022-12-06,2851.5
2022-12-07,2830.5
2022-12-08,2783.5
2022-12-09,2788.0
2022-12-12,2768.0
2022-12-13,2746.0
2022-12-14,2749.5
2022-12-15,2785.0
2022-12-16,2832.5
2022-12-19,2891.5
2022-12-20,2927.5
2022-12-21,2968.0
2022-12-22,2969.5
2022-12-23,2971.5
2022-12-26,2975.0
2022-12-27,2973.0
2022-12-28,2968.0
2022-12-29,2969.0
2023-01-02,2961.5
2023-01-03,2945.5
2023-01-04,2906.0
2023-01-05,2831.5
2023-01-06,2783.5
2023-01-09,2768.0
2023-01-10,2732.0
2023-01-11,2705.0
2023-01-12,2673.0
2023-01-13,2662.5
2023-01-16,2662.0
2023-01-17,2638.0
2023-01-18,2651.0
2023-01-19,2642.0
2023-01-20,2655.0
2023-01-23,2663.0
2023-01-24,2739.5
2023-01-25,2831.5
2023-01-26,2855.5
2023-01-27,2868.0
2023-01-30,2854.0
2023-01-31,2850.5
2023-02-01,2836.5
2023-02-02,2815.0
2023-02-03,2764.5
2023-02-06,2744.0
2023-02-07,2715.0
2023-02-08,2763.0
2023-02-09,2806.0
2023-02-10,2804.5
2023-02-13,2851.5
2023-02-14,2837.5
2023-02-15,2823.0
2023-02-16,2803.0
2023-02-17,2802.0
2023-02-22,2806.0
2023-02-23,2821.0
2023-02-24,2835.0
2023-02-27,2817.0
2023-02-28,2817.5
2023-03-01,2893.5
2023-03-02,2902.0
2023-03-06,2865.5
2023-03-07,2831.5
2023-03-08,2817.5
2023-03-09,2753.5
2023-03-10,2734.5
2023-03-13,2717.5
2023-03-14,2790.5
2023-03-15,2818.0
2023-03-16,2816.5
2023-03-17,2830.5
2023-03-20,2820.5
2023-03-21,2798.0
2023-03-22,2763.5
2023-03-23,2783.5
2023-03-24,2775.0
2023-03-27,2771.0
2023-03-28,2799.5
2023-03-29,2825.0
2023-03-30,2861.5
2023-03-31,2873.0
2023-04-03,2876.0
2023-04-04,2886.0
2023-04-05,2904.0
2023-04-06,2916.0
2023-04-10,2935.5
2023-04-11,2951.5
2023-04-12,3017.0
2023-04-13,3041.0
2023-04-14,3069.5
2023-04-17,3147.5
2023-04-18,3206.5
2023-04-19,3217.5
2023-04-20,3214.5
2023-04-24,3195.5
2023-04-25,3104.5
2023-04-26,3057.5
2023-04-27,3034.0
2023-04-28,3013.5
2023-05-02,2968.0
2023-05-03,2890.5
2023-05-04,2806.0
2023-05-05,2802.0
2023-05-08,2791.0
2023-05-09,2789.0
2023-05-10,2775.5
2023-05-11,2723.5
2023-05-12,2672.5
2023-05-15,2637.0
2023-05-16,2554.0
2023-05-17,2518.5
2023-05-18,2536.5
2023-05-19,2640.5
2023-05-22,2648.5
2023-05-23,2641.0
2023-05-24,2629.5
2023-05-25,2622.0
2023-05-26,2619.0
2023-05-29,2643.0
2023-05-30,2673.0
2023-05-31,2699.5
2023-06-01,2709.0
2023-06-02,2696.0
2023-06-05,2666.5
2023-06-06,2642.0
2023-06-07,2631.5
2023-06-09,2639.5
2023-06-12,2633.5
2023-06-13,2638.5
2023-06-14,2666.5
2023-06-15,2649.5
2023-06-16,2654.0
2023-06-19,2647.5
2023-06-20,2593.5
2023-06-21,2598.0
2023-06-22,2618.5
2023-06-23,2606.0
2023-06-26,2617.0
2023-06-27,2615.5
2023-06-28,2620.5
2023-06-29,2620.5
2023-06-30,2592.5
2023-07-03,2507.0
2023-07-04,2419.0
2023-07-05,2374.0
2023-07-06,2343.0
2023-07-07,2293.5
2023-07-10,2294.0
2023-07-11,2305.5
2023-07-12,2285.0
2023-07-13,2257.0
2023-07-14,2232.0
2023-07-17,2219.5
2023-07-18,2217.0
2023-07-19,2200.5
2023-07-20,2170.5
2023-07-21,2188.0
2023-07-24,2198.0
2023-07-25,2208.5
2023-07-26,2238.0
2023-07-27,2250.0
2023-07-28,2244.5
2023-07-31,2237.0
2023-08-01,2237.5
2023-08-02,2227.0
2023-08-03,2209.0
2023-08-04,2203.5
2023-08-07,2213.5
2023-08-08,2200.0
2023-08-09,2189.0
2023-08-10,2159.5
2023-08-11,2149.0
2023-08-14,2161.0
2023-08-15,2236.0
2023-08-16,2327.0
2023-08-17,2328.5
2023-08-18,2305.5
2023-08-21,2298.5
2023-08-22,2279.0
2023-08-23,2271.5
2023-08-24,2275.0
2023-08-25,2287.5
2023-08-28,2306.5
2023-08-29,2308.5
2023-08-30,2310.5
2023-08-31,2301.0
2023-09-01,2307.5
2023-09-04,2313.5
2023-09-05,2310.0
2023-09-06,2299.0
2023-09-08,2293.5
2023-09-11,2295.0
2023-09-12,2303.0
2023-09-13,2306.5
2023-09-14,2300.5
2023-09-15,2305.0
2023-09-18,2300.0
2023-09-19,2288.5
2023-09-20,2300.5
2023-09-21,2273.0
2023-09-22,2289.5
2023-09-25,2278.0
2023-09-26,2285.5
2023-09-27,2283.0
2023-09-28,2270.0
2023-09-29,2264.5
2023-10-02,2274.5
2023-10-03,2280.5
2023-10-04,2290.0
2023-10-05,2288.5
2023-10-06,2287.0
2023-10-09,2290.0
2023-10-10,2294.5
2023-10-11,2300.5
2023-10-13,2301.5
2023-10-16,2308.5
2023-10-17,2322.0
2023-10-18,2331.5
2023-10-19,2333.5
2023-10-20,2332.0
2023-10-23,2333.0
2023-10-24,2328.0
2023-10-25,2322.0
2023-10-26,2322.5
2023-10-27,2308.5
2023-10-30,2304.5
2023-10-31,2329.0
2023-11-01,2311.5
2023-11-03,2310.5
2023-11-06,2315.5
2023-11-07,2300.5
2023-11-08,2274.0
2023-11-09,2281.5
2023-11-10,2262.5
2023-11-13,2260.5
2023-11-14,2244.5
2023-11-16,2240.5
2023-11-17,2225.5
2023-11-20,2213.5
2023-11-21,2217.5
2023-11-22,2222.5
2023-11-23,2218.0
2023-11-24,2202.0
2023-11-27,2205.0
2023-11-28,2184.5
2023-11-29,2157.5
2023-11-30,2135.5
2023-12-01,2119.0
2023-12-04,2112.5
2023-12-05,2100.5
2023-12-06,2071.5
2023-12-07,2068.5
2023-12-08,2049.5
2023-12-11,2043.5
2023-12-12,2023.5
2023-12-13,1952.5
2023-12-14,1935.5
2023-12-15,1939.0
2023-12-18,1948.5
2023-12-19,1983.5
2023-12-20,2004.5
2023-12-21,2016.5
2023-12-22,2003.0
2023-12-26,2000.0
2023-12-27,2000.5
2023-12-28,1999.5
2024-01-02,1990.5
2024-01-03,1971.5
2024-01-04,1972.5
2024-01-05,1971.0
2024-01-08,1962.0
2024-01-09,1951.5
2024-01-10,1945.0
2024-01-11,1942.0
2024-01-12,1952.0
2024-01-15,1966.0
2024-01-16,1998.5
2024-01-17,2031.5
2024-01-18,2053.5
2024-01-19,2061.5
2024-01-22,2077.0
2024-01-23,2112.5
2024-01-24,2178.0
2024-01-25,2186.5
2024-01-26,2234.0
2024-01-29,2250.5
2024-01-30,2280.5
2024-01-31,2287.0
2024-02-01,2297.0
2024-02-02,2292.0
2024-02-05,2284.5
2024-02-06,2278.0
2024-02-07,2254.5
2024-02-08,2247.0
2024-02-09,2223.5
2024-02-14,2229.5
2024-02-15,2222.0
2024-02-16,2227.0
2024-02-19,2242.5
2024-02-20,2253.5
2024-02-21,2263.5
2024-02-22,2258.5
2024-02-23,2243.0
2024-02-26,2239.5
2024-02-27,2238.5
2024-02-28,2232.0
2024-02-29,2222.0
2024-03-01,2185.5
2024-03-04,2192.5
2024-03-05,2183.5
2024-03-06,2182.0
2024-03-07,2174.5
2024-03-08,2138.5
2024-03-11,2149.0
2024-03-12,2157.0
2024-03-13,2168.0
2024-03-14,2193.0
2024-03-15,2208.5
2024-03-18,2240.5
2024-03-19,2246.5
2024-03-20,2275.5
2024-03-21,2299.0
2024-03-22,2334.5
2024-03-25,2367.5
2024-03-26,2381.0
2024-03-27,2406.5
2024-03-28,2411.5
2024-04-01,2435.5
2024-04-02,2454.0
2024-04-03,2468.5
2024-04-04,2436.0
2024-04-05,2420.5
2024-04-08,2402.5
2024-04-09,2444.5
2024-04-10,2482.0
2024-04-11,2571.5
2024-04-12,2620.0
2024-04-15,2628.0
2024-04-16,2625.0
2024-04-17,2576.0
2024-04-18,2546.0
2024-04-19,2490.0
2024-04-22,2429.0
2024-04-23,2405.0
2024-04-24,2401.5
2024-04-25,2420.0
2024-04-26,2429.5
2024-04-29,2435.5
2024-04-30,2451.5
2024-05-02,2457.0
2024-05-03,2462.0
2024-05-06,2465.0
2024-05-07,2458.5
2024-05-08,2461.5
2024-05-09,2448.5
2024-05-10,2441.0
2024-05-13,2426.5
2024-05-14,2414.5
2024-05-15,2411.0
2024-05-16,2400.5
2024-05-17,2387.0
2024-05-20,2381.5
2024-05-21,2371.5
2024-05-22,2361.5
2024-05-23,2345.5
2024-05-24,2346.5
2024-05-27,2381.0
2024-05-28,2430.0
2024-05-29,2451.0
2024-05-31,2424.5
2024-06-03,2428.0
2024-06-04,2420.0
2024-06-05,2419.5
2024-06-06,2411.0
2024-06-07,2406.0
2024-06-10,2427.0
2024-06-11,2467.5
2024-06-12,2468.0
2024-06-13,2454.0
2024-06-14,2467.5
2024-06-17,2469.0
2024-06-18,2495.0
2024-06-19,2521.0
2024-06-20,2546.5
2024-06-21,2556.5
2024-06-24,2555.0
2024-06-25,2556.5
2024-06-26,2551.0
2024-06-27,2570.0
2024-06-28,2587.5
2024-07-01,2596.5
2024-07-02,2620.0
2024-07-03,2645.5
2024-07-04,2652.0
2024-07-05,2668.0
2024-07-08,2716.0
2024-07-09,2716.0
2024-07-10,2783.0
2024-07-11,2798.5
2024-07-12,2795.0
2024-07-15,2811.0
2024-07-16,2789.5
2024-07-17,2746.5
2024-07-18,2725.5
2024-07-19,2719.0
2024-07-22,2690.0
2024-07-23,2663.5
2024-07-24,2660.5
2024-07-25,2662.5
2024-07-26,2679.0
2024-07-29,2689.0
2024-07-30,2705.0
2024-07-31,2728.0
2024-08-01,2747.0
2024-08-02,2751.0
2024-08-05,2750.0
2024-08-06,2742.5
2024-08-07,2733.0
2024-08-08,2729.0
2024-08-09,2714.0
2024-08-12,2725.0
2024-08-13,2707.0
2024-08-14,2707.0
2024-08-15,2690.0
2024-08-16,2688.0
2024-08-19,2678.0
2024-08-20,2656.0
2024-08-21,2633.5
2024-08-22,2615.5
2024-08-23,2622.0
2024-08-26,2640.5
2024-08-27,2663.5
2024-08-28,2695.5
2024-08-29,2692.0
2024-08-30,2694.0
2024-09-02,2687.0
2024-09-03,2631.0
2024-09-04,2607.0
2024-09-05,2594.5
2024-09-06,2592.0
2024-09-09,2579.0
2024-09-10,2572.0
2024-09-11,2521.0
2024-09-12,2488.0
2024-09-13,2484.5
2024-09-16,2488.0
2024-09-17,2507.5
2024-09-18,2561.0
2024-09-19,2588.0
2024-09-20,2602.5
2024-09-23,2611.5
2024-09-24,2624.5
2024-09-25,2616.5
2024-09-26,2595.5
2024-09-27,2589.5
2024-09-30,2575.5
2024-10-01,2562.0
2024-10-02,2560.5
2024-10-03,2574.5
2024-10-04,2601.5
2024-10-07,2606.5
2024-10-08,2608.0
2024-10-09,2635.0
2024-10-10,2644.0
2024-10-11,2662.0
2024-10-14,2684.5
2024-10-15,2686.5
2024-10-16,2688.5
2024-10-17,2662.5
2024-10-18,2669.0
2024-10-21,2665.0
2024-10-22,2672.0
2024-10-23,2682.5
2024-10-24,2690.0
2024-10-25,2703.5
2024-10-28,2708.0
2024-10-29,2704.0
2024-10-30,2706.5
2024-10-31,2706.0
2024-11-01,2715.5
2024-11-04,2702.5
2024-11-05,2698.0
2024-11-06,2703.5
2024-11-07,2714.5
2024-11-08,2720.5
2024-11-11,2730.5
2024-11-12,2737.5
2024-11-13,2758.0
2024-11-14,2751.0
2024-11-18,2746.5
2024-11-19,2742.5
2024-11-21,2734.0
2024-11-22,2738.0
2024-11-25,2736.5
2024-11-26,2718.5
2024-11-27,2721.5
2024-11-28,2727.0
2024-11-29,2728.5
2024-12-02,2730.5
2024-12-03,2734.0
2024-12-04,2729.0
2024-12-05,2733.0
2024-12-06,2741.0
2024-12-09,2734.0
2024-12-10,2737.5
2024-12-11,2731.5
2024-12-12,2735.0
2024-12-13,2741.0
2024-12-16,2752.5
2024-12-17,2750.0
2024-12-18,2740.0
2024-12-19,2749.0
2024-12-20,2733.0
2024-12-23,2736.5
2024-12-26,2740.5
2024-12-27,2755.5
2024-12-30,2761.0
2025-01-02,2767.5
2025-01-03,2800.5
2025-01-06,2817.0
2025-01-07,2837.5
2025-01-08,2844.0
2025-01-09,2860.5
2025-01-10,2862.5
2025-01-13,2886.0
2025-01-14,2895.0
2025-01-15,2914.5
2025-01-16,2933.5
2025-01-17,2920.5
2025-01-20,2923.0
2025-01-21,2927.0
2025-01-22,2919.0
2025-01-23,2922.5
2025-01-24,2927.5
2025-01-27,2907.0
2025-01-28,2930.0
2025-01-29,2928.0
2025-01-30,2945.0
2025-01-31,2937.5
2025-02-03,2953.0
2025-02-04,2954.5
2025-02-05,2959.0
2025-02-06,2952.5
2025-02-07,2937.5
2025-02-10,2944.5
2025-02-11,2952.5
2025-02-12,2942.5
2025-02-13,2955.5
2025-02-14,2946.0
2025-02-17,2948.0
2025-02-18,2952.0
2025-02-19,2942.0
2025-02-20,2950.0
2025-02-21,2951.0
2025-02-24,2948.0
2025-02-25,2944.0
2025-02-26,2949.0
2025-02-27,2938.5
2025-02-28,2945.5
2025-03-05,2926.0
2025-03-06,2939.0
2025-03-07,2935.0
2025-03-10,2913.0
2025-03-11,2922.5
2025-03-12,2921.5
2025-03-13,2899.0
2025-03-14,2892.5
2025-03-17,2876.5
2025-03-18,2871.0
2025-03-19,2872.5
2025-03-20,2884.0
2025-03-21,2855.5
2025-03-24,2844.5
2025-03-25,2843.5
2025-03-26,2828.0
2025-03-27,2824.5
2025-03-28,2829.0
2025-03-31,2846.0
2025-04-01,2858.0
2025-04-02,2858.5
2025-04-03,2857.0
2025-04-04,2871.0
2025-04-07,2852.5
2025-04-08,2865.5
2025-04-09,2850.5
