DATE,BR_SOY_MEAL_EXPORT_PRICE
2015-06-01,325.0
2015-06-02,326.0
2015-06-03,321.75
2015-06-04,322.75
2015-06-05,326.0
2015-06-06,325.0
2015-06-08,337.0
2015-06-09,342.25
2015-06-10,350.0
2015-06-11,347.5
2015-06-12,346.5
2015-06-13,351.0
2015-06-15,350.5
2015-06-16,355.0
2015-06-17,358.5
2015-06-18,361.75
2015-06-19,365.0
2015-06-20,365.0
2015-06-22,365.0
2015-06-23,372.75
2015-06-24,370.75
2015-06-25,366.5
2015-06-26,366.25
2015-06-27,366.25
2015-06-29,369.25
2015-06-30,370.0
2015-07-01,359.25
2015-07-02,359.5
2015-07-03,357.0
2015-07-04,357.0
2015-07-06,357.0
2015-07-07,350.75
2015-07-08,355.75
2015-07-09,356.75
2015-07-10,351.25
2015-07-11,351.25
2015-07-13,358.5
2015-07-14,358.5
2015-07-15,358.75
2015-07-16,364.25
2015-07-17,365.75
2015-07-18,363.0
2015-07-20,354.0
2015-07-21,348.5
2015-07-22,352.75
2015-07-23,356.75
2015-07-24,351.75
2015-07-25,351.75
2015-07-27,345.0
2015-07-28,333.5
2015-07-29,333.5
2015-07-30,334.5
2015-07-31,339.75
2015-08-01,339.75
2015-08-03,345.0
2015-08-04,345.0
2015-08-05,352.5
2015-08-06,357.5
2015-08-07,352.0
2015-08-08,352.0
2015-08-10,349.25
2015-08-11,350.0
2015-08-12,344.0
2015-08-13,330.75
2015-08-14,330.75
2015-08-15,330.75
2015-08-17,323.0
2015-08-18,323.25
2015-08-19,322.25
2015-08-20,321.75
2015-08-21,324.75
2015-08-22,334.75
2015-08-24,339.75
2015-08-25,324.75
2015-08-26,326.0
2015-08-27,322.5
2015-08-28,321.0
2015-08-29,321.0
2015-08-31,332.0
2015-09-01,339.75
2015-09-02,336.5
2015-09-03,336.75
2015-09-04,335.0
2015-09-05,335.0
2015-09-07,335.5
2015-09-08,335.5
2015-09-09,333.5
2015-09-10,334.0
2015-09-11,332.75
2015-09-12,332.75
2015-09-14,338.75
2015-09-15,336.5
2015-09-16,343.5
2015-09-17,341.25
2015-09-18,337.75
2015-09-19,337.75
2015-09-21,336.25
2015-09-22,340.75
2015-09-23,335.25
2015-09-24,334.0
2015-09-25,333.75
2015-09-26,333.75
2015-09-28,333.75
2015-09-29,321.75
2015-09-30,325.75
2015-10-01,329.5
2015-10-02,324.0
2015-10-03,324.0
2015-10-05,319.5
2015-10-06,319.5
2015-10-07,322.25
2015-10-08,325.25
2015-10-09,323.0
2015-10-10,323.0
2015-10-12,336.25
2015-10-13,338.25
2015-10-14,347.25
2015-10-15,344.0
2015-10-16,341.75
2015-10-17,341.75
2015-10-19,338.25
2015-10-20,337.25
2015-10-21,334.75
2015-10-22,336.0
2015-10-23,332.75
2015-10-24,329.75
2015-10-26,327.25
2015-10-27,327.25
2015-10-28,327.25
2015-10-29,322.25
2015-10-30,323.25
2015-10-31,323.25
2015-11-02,325.0
2015-11-03,323.5
2015-11-04,322.0
2015-11-05,322.0
2015-11-06,322.75
2015-11-07,316.5
2015-11-09,319.0
2015-11-10,318.75
2015-11-11,316.0
2015-11-12,318.25
2015-11-13,315.75
2015-11-14,315.75
2015-11-16,313.0
2015-11-17,307.25
2015-11-18,307.0
2015-11-19,304.0
2015-11-23,301.0
2015-11-24,295.75
2015-11-25,293.5
2015-11-26,295.25
2015-11-27,295.25
2015-11-28,295.25
2015-11-30,290.25
2015-12-01,295.25
2015-12-02,294.75
2015-12-03,292.75
2015-12-04,293.0
2015-12-05,293.0
2015-12-07,290.25
2015-12-08,283.5
2015-12-09,282.0
2015-12-10,284.0
2015-12-11,289.25
2015-12-12,289.25
2015-12-14,291.75
2015-12-15,295.5
2015-12-16,290.75
2015-12-17,286.5
2015-12-18,295.75
2015-12-19,300.25
2015-12-21,301.0
2015-12-22,299.75
2015-12-23,296.75
2015-12-24,291.5
2015-12-25,291.5
2015-12-26,291.5
2015-12-28,285.75
2015-12-29,286.75
2015-12-30,286.75
2015-12-31,284.0
2016-01-01,284.0
2016-01-02,284.0
2016-01-04,281.25
2016-01-05,292.25
2016-01-06,290.75
2016-01-07,293.75
2016-01-08,295.0
2016-01-09,294.25
2016-01-11,286.75
2016-01-12,290.5
2016-01-13,296.0
2016-01-14,295.25
2016-01-15,293.25
2016-01-16,293.25
2016-01-18,299.5
2016-01-19,301.75
2016-01-20,299.0
2016-01-21,298.0
2016-01-22,301.5
2016-01-23,301.5
2016-01-25,296.25
2016-01-26,293.75
2016-01-27,293.0
2016-01-28,290.0
2016-01-29,290.0
2016-01-30,295.5
2016-02-01,293.5
2016-02-02,292.5
2016-02-03,296.75
2016-02-04,294.0
2016-02-05,291.75
2016-02-06,287.5
2016-02-08,288.25
2016-02-09,288.75
2016-02-10,286.0
2016-02-11,285.75
2016-02-12,288.25
2016-02-15,285.5
2016-02-16,288.5
2016-02-17,288.5
2016-02-18,288.25
2016-02-19,287.25
2016-02-20,288.0
2016-02-22,289.25
2016-02-23,279.75
2016-02-24,279.25
2016-02-25,280.5
2016-02-26,278.0
2016-02-27,275.25
2016-02-29,275.0
2016-03-01,278.0
2016-03-02,277.5
2016-03-03,280.0
2016-03-04,281.5
2016-03-05,286.5
2016-03-07,287.75
2016-03-08,284.5
2016-03-09,287.0
2016-03-10,286.5
2016-03-11,288.25
2016-03-12,289.0
2016-03-14,284.25
2016-03-15,277.25
2016-03-16,272.25
2016-03-17,268.5
2016-03-18,267.0
2016-03-19,267.0
2016-03-21,264.5
2016-03-22,269.25
2016-03-23,270.25
2016-03-24,270.75
2016-03-25,276.5
2016-03-26,276.5
2016-03-29,271.5
2016-03-30,275.25
2016-03-31,265.0
2016-04-01,261.0
2016-04-02,263.75
2016-04-04,264.0
2016-04-05,260.5
2016-04-06,259.25
2016-04-07,264.25
2016-04-08,263.0
2016-04-09,270.5
2016-04-11,274.75
2016-04-12,281.75
2016-04-13,285.25
2016-04-14,284.75
2016-04-15,279.0
2016-04-16,286.0
2016-04-18,289.5
2016-04-19,287.25
2016-04-20,299.25
2016-04-21,322.0
2016-04-22,309.5
2016-04-23,303.0
2016-04-25,299.5
2016-04-26,302.75
2016-04-27,312.75
2016-04-28,318.25
2016-04-29,321.25
2016-04-30,329.25
2016-05-02,332.75
2016-05-03,340.75
2016-05-04,329.5
2016-05-05,345.0
2016-05-06,339.5
2016-05-07,346.75
2016-05-09,344.75
2016-05-10,344.25
2016-05-11,366.5
2016-05-12,370.75
2016-05-13,373.5
2016-05-14,367.5
2016-05-16,366.5
2016-05-17,371.25
2016-05-18,381.0
2016-05-19,386.0
2016-05-20,395.5
2016-05-21,411.5
2016-05-23,406.5
2016-05-24,401.75
2016-05-25,411.75
2016-05-26,432.5
2016-05-27,425.5
2016-05-28,420.75
2016-05-30,421.0
2016-05-31,421.0
2016-06-01,408.25
2016-06-02,423.5
2016-06-03,452.0
2016-06-04,431.25
2016-06-06,436.25
2016-06-07,427.75
2016-06-08,427.0
2016-06-09,432.0
2016-06-10,432.75
2016-06-11,434.5
2016-06-13,436.0
2016-06-14,423.0
2016-06-15,432.5
2016-06-16,425.75
2016-06-17,429.25
2016-06-18,436.75
2016-06-20,435.0
2016-06-21,440.0
2016-06-22,428.25
2016-06-23,421.75
2016-06-24,411.5
2016-06-25,410.0
2016-06-27,413.0
2016-06-28,426.5
2016-06-29,425.25
2016-06-30,435.5
2016-07-01,441.75
2016-07-02,444.75
2016-07-04,441.25
2016-07-05,446.75
2016-07-06,421.0
2016-07-07,419.75
2016-07-08,410.75
2016-07-09,417.25
2016-07-11,425.5
2016-07-12,418.25
2016-07-13,429.25
2016-07-14,443.5
2016-07-15,425.75
2016-07-18,416.0
2016-07-19,420.25
2016-07-20,396.25
2016-07-21,397.5
2016-07-22,393.75
2016-07-23,390.25
2016-07-25,384.25
2016-07-26,382.5
2016-07-27,384.75
2016-07-28,391.0
2016-07-29,380.75
2016-07-30,392.5
2016-08-01,375.75
2016-08-02,375.0
2016-08-03,370.0
2016-08-04,373.0
2016-08-05,372.25
2016-08-06,382.0
2016-08-08,379.5
2016-08-09,382.25
2016-08-10,376.0
2016-08-11,383.75
2016-08-12,379.25
2016-08-13,380.5
2016-08-15,385.25
2016-08-16,382.5
2016-08-17,384.0
2016-08-18,375.75
2016-08-19,376.0
2016-08-20,375.75
2016-08-22,381.0
2016-08-23,374.25
2016-08-24,374.0
2016-08-25,374.5
2016-08-26,366.75
2016-08-27,361.5
2016-08-29,355.75
2016-08-30,356.75
2016-08-31,353.0
2016-09-01,353.25
2016-09-02,353.25
2016-09-03,353.0
2016-09-05,352.0
2016-09-06,347.25
2016-09-07,348.5
2016-09-08,355.75
2016-09-09,350.5
2016-09-10,354.5
2016-09-12,347.0
2016-09-13,349.75
2016-09-14,341.0
2016-09-15,332.25
2016-09-16,334.5
2016-09-17,344.0
2016-09-19,346.25
2016-09-20,345.25
2016-09-21,341.5
2016-09-22,335.0
2016-09-23,332.75
2016-09-24,332.75
2016-09-26,327.5
2016-09-27,327.25
2016-09-28,330.75
2016-09-29,332.75
2016-09-30,327.5
2016-10-01,328.0
2016-10-03,333.5
2016-10-04,339.75
2016-10-05,339.5
2016-10-06,326.0
2016-10-07,326.5
2016-10-08,323.75
2016-10-10,323.25
2016-10-11,320.75
2016-10-12,325.5
2016-10-13,321.0
2016-10-14,329.75
2016-10-15,328.25
2016-10-17,330.25
2016-10-18,332.75
2016-10-19,334.5
2016-10-20,333.0
2016-10-21,335.0
2016-10-22,335.25
2016-10-24,338.25
2016-10-25,339.5
2016-10-26,347.75
2016-10-27,352.25
2016-10-28,350.25
2016-10-29,343.0
2016-10-31,341.75
2016-11-01,333.5
2016-11-02,328.75
2016-11-03,329.5
2016-11-04,331.0
2016-11-05,331.75
2016-11-07,335.0
2016-11-08,338.5
2016-11-09,329.5
2016-11-10,330.5
2016-11-11,330.75
2016-11-12,324.75
2016-11-14,321.0
2016-11-15,323.5
2016-11-16,326.0
2016-11-17,323.75
2016-11-18,325.5
2016-11-19,325.25
2016-11-21,327.75
2016-11-22,336.5
2016-11-23,324.0
2016-11-24,325.5
2016-11-25,325.5
2016-11-26,330.75
2016-11-28,331.75
2016-11-29,331.75
2016-11-30,325.0
2016-12-01,329.0
2016-12-02,325.75
2016-12-03,324.75
2016-12-05,325.25
2016-12-06,335.75
2016-12-07,332.75
2016-12-08,317.0
2016-12-09,313.0
2016-12-10,332.5
2016-12-12,329.25
2016-12-13,317.0
2016-12-14,326.75
2016-12-15,325.75
2016-12-16,317.25
2016-12-17,322.5
2016-12-19,328.75
2016-12-20,316.25
2016-12-21,315.75
2016-12-22,320.0
2016-12-23,314.5
2016-12-24,315.25
2016-12-26,322.0
2016-12-27,327.0
2016-12-28,326.75
2016-12-29,323.75
2016-12-30,319.75
2016-12-31,319.0
2017-01-02,318.5
2017-01-03,314.5
2017-01-04,325.25
2017-01-05,318.5
2017-01-06,324.0
2017-01-07,319.25
2017-01-09,313.0
2017-01-10,314.25
2017-01-11,313.75
2017-01-12,318.0
2017-01-13,327.5
2017-01-14,340.0
2017-01-16,340.5
2017-01-17,348.25
2017-01-18,348.5
2017-01-19,353.75
2017-01-20,351.25
2017-01-21,352.75
2017-01-23,347.25
2017-01-24,345.75
2017-01-25,353.25
2017-01-26,346.25
2017-01-27,345.25
2017-01-28,353.5
2017-01-30,337.5
2017-01-31,344.75
2017-02-01,337.5
2017-02-02,338.75
2017-02-03,337.5
2017-02-04,336.0
2017-02-06,341.75
2017-02-07,339.5
2017-02-08,341.0
2017-02-09,347.0
2017-02-10,349.0
2017-02-11,344.0
2017-02-13,348.0
2017-02-14,343.5
2017-02-15,345.0
2017-02-16,352.75
2017-02-17,346.75
2017-02-20,345.25
2017-02-21,342.0
2017-02-22,342.5
2017-02-23,337.0
2017-02-24,332.25
2017-02-25,332.75
2017-02-27,338.0
2017-02-28,334.0
2017-03-01,339.75
2017-03-02,340.0
2017-03-03,329.5
2017-03-04,329.0
2017-03-06,330.25
2017-03-07,335.0
2017-03-08,326.0
2017-03-09,323.75
2017-03-10,327.25
2017-03-11,332.5
2017-03-13,327.75
2017-03-14,324.75
2017-03-15,325.75
2017-03-16,335.75
2017-03-17,324.25
2017-03-18,325.5
2017-03-20,335.75
2017-03-21,340.5
2017-03-22,321.5
2017-03-23,313.5
2017-03-24,310.75
2017-03-25,319.25
2017-03-27,309.25
2017-03-28,317.5
2017-03-29,305.25
2017-03-30,305.75
2017-03-31,308.25
2017-04-01,300.0
2017-04-03,300.0
2017-04-04,300.5
2017-04-05,302.25
2017-04-06,302.5
2017-04-07,301.25
2017-04-08,299.25
2017-04-10,300.0
2017-04-11,300.75
2017-04-12,305.0
2017-04-13,309.5
2017-04-14,310.25
2017-04-15,321.5
2017-04-17,319.75
2017-04-18,314.0
2017-04-19,314.75
2017-04-20,304.5
2017-04-21,300.75
2017-04-22,301.75
2017-04-24,305.25
2017-04-25,319.5
2017-04-26,315.75
2017-04-27,302.75
2017-04-28,301.5
2017-04-29,314.5
2017-05-01,325.5
2017-05-02,319.75
2017-05-03,323.5
2017-05-04,305.5
2017-05-05,316.5
2017-05-06,305.75
2017-05-08,303.75
2017-05-09,316.25
2017-05-10,318.5
2017-05-11,316.5
2017-05-12,313.25
2017-05-13,315.75
2017-05-15,324.75
2017-05-16,354.5
2017-05-17,319.0
2017-05-18,311.5
2017-05-19,309.25
2017-05-20,306.75
2017-05-22,304.5
2017-05-23,304.5
2017-05-24,302.75
2017-05-25,306.5
2017-05-26,303.25
2017-05-27,300.25
2017-05-29,303.0
2017-05-30,303.25
2017-05-31,299.75
2017-06-01,303.5
2017-06-02,300.0
2017-06-03,308.0
2017-06-05,306.25
2017-06-06,304.75
2017-06-07,296.75
2017-06-08,303.25
2017-06-09,307.0
2017-06-13,301.0
2017-06-14,301.25
2017-06-15,292.0
2017-06-16,293.0
2017-06-17,299.0
2017-06-19,294.0
2017-06-20,298.75
2017-06-21,293.25
2017-06-22,295.25
2017-06-23,292.75
2017-06-24,285.25
2017-06-26,290.0
2017-06-27,290.75
2017-06-28,290.0
2017-06-29,295.5
2017-06-30,295.0
2017-07-01,304.5
2017-07-03,312.25
2017-07-04,314.75
2017-07-05,314.75
2017-07-06,322.25
2017-07-07,328.75
2017-07-08,330.25
2017-07-10,310.5
2017-07-11,305.25
2017-07-12,307.0
2017-07-13,317.5
2017-07-15,309.75
2017-07-17,315.25
2017-07-18,312.0
2017-07-19,314.5
2017-07-20,325.5
2017-07-21,317.75
2017-07-24,315.0
2017-07-25,310.5
2017-07-26,303.75
2017-07-27,315.0
2017-07-28,308.5
2017-07-29,316.75
2017-07-31,315.75
2017-08-01,301.0
2017-08-02,314.25
2017-08-03,310.0
2017-08-04,296.0
2017-08-05,307.25
2017-08-07,321.25
2017-08-08,324.0
2017-08-09,304.0
2017-08-10,306.5
2017-08-11,293.0
2017-08-12,302.25
2017-08-14,308.25
2017-08-15,299.5
2017-08-16,303.0
2017-08-17,303.25
2017-08-18,305.0
2017-08-19,298.5
2017-08-21,294.25
2017-08-22,295.75
2017-08-23,303.25
2017-08-24,294.5
2017-08-25,299.0
2017-08-26,298.5
2017-08-28,295.0
2017-08-29,295.75
2017-08-30,294.0
2017-08-31,291.5
2017-09-01,298.0
2017-09-04,291.25
2017-09-05,309.75
2017-09-06,304.0
2017-09-07,302.75
2017-09-08,310.0
2017-09-09,297.5
2017-09-11,298.5
2017-09-12,295.25
2017-09-13,302.25
2017-09-14,302.25
2017-09-15,319.5
2017-09-16,318.75
2017-09-18,314.5
2017-09-19,313.25
2017-09-20,310.5
2017-09-21,310.5
2017-09-22,319.0
2017-09-25,318.0
2017-09-26,310.5
2017-09-27,311.25
2017-09-28,311.75
2017-09-29,313.75
2017-09-30,309.75
2017-10-02,319.5
2017-10-03,321.0
2017-10-04,317.0
2017-10-05,320.5
2017-10-06,323.75
2017-10-07,326.25
2017-10-09,318.25
2017-10-10,320.0
2017-10-11,316.0
2017-10-12,315.5
2017-10-13,328.25
2017-10-14,334.25
2017-10-16,330.75
2017-10-17,326.75
2017-10-18,325.5
2017-10-19,325.75
2017-10-20,326.25
2017-10-21,320.5
2017-10-23,311.0
2017-10-24,309.25
2017-10-25,312.0
2017-10-26,308.0
2017-10-27,307.75
2017-10-28,307.0
2017-10-30,313.0
2017-10-31,311.75
2017-11-01,311.5
2017-11-02,316.5
2017-11-03,315.0
2017-11-04,313.0
2017-11-06,311.75
2017-11-07,313.75
2017-11-08,313.25
2017-11-09,314.75
2017-11-10,309.75
2017-11-11,311.75
2017-11-13,313.25
2017-11-14,310.25
2017-11-15,310.25
2017-11-16,309.75
2017-11-17,310.0
2017-11-18,318.25
2017-11-20,315.5
2017-11-21,316.0
2017-11-22,320.5
2017-11-23,322.25
2017-11-24,322.75
2017-11-25,321.25
2017-11-27,319.75
2017-11-28,318.5
2017-11-29,318.5
2017-11-30,317.25
2017-12-01,322.75
2017-12-02,323.25
2017-12-04,347.25
2017-12-05,352.75
2017-12-06,357.25
2017-12-07,347.25
2017-12-08,346.25
2017-12-09,341.0
2017-12-11,340.5
2017-12-12,332.25
2017-12-13,335.25
2017-12-14,329.75
2017-12-15,330.75
2017-12-16,329.25
2017-12-18,326.5
2017-12-19,321.0
2017-12-20,321.5
2017-12-21,319.5
2017-12-22,320.5
2017-12-26,320.5
2017-12-27,318.25
2017-12-28,316.0
2017-12-29,317.75
2018-01-02,318.25
2018-01-03,319.5
2018-01-04,322.75
2018-01-05,326.25
2018-01-06,316.25
2018-01-08,315.75
2018-01-09,312.5
2018-01-10,310.75
2018-01-11,307.0
2018-01-12,307.25
2018-01-13,316.0
2018-01-15,325.25
2018-01-16,328.75
2018-01-17,331.5
2018-01-18,332.75
2018-01-19,340.0
2018-01-20,346.0
2018-01-22,359.0
2018-01-23,360.0
2018-01-24,362.75
2018-01-25,372.63
2018-01-26,363.13
2018-01-29,364.5
2018-01-30,361.75
2018-01-31,360.88
2018-02-01,358.13
2018-02-05,349.38
2018-02-06,352.5
2018-02-07,356.88
2018-02-08,360.0
2018-02-09,364.13
2018-02-10,368.38
2018-02-12,382.13
2018-02-13,387.88
2018-02-14,394.13
2018-02-15,402.63
2018-02-16,409.0
2018-02-17,406.88
2018-02-19,406.5
2018-02-20,416.25
2018-02-21,408.88
2018-02-23,406.13
2018-02-24,402.75
2018-02-26,409.75
2018-02-27,414.25
2018-02-28,423.75
2018-03-02,427.13
2018-03-03,415.63
2018-03-05,416.5
2018-03-06,412.13
2018-03-07,413.88
2018-03-08,410.0
2018-03-09,406.88
2018-03-10,401.13
2018-03-12,397.13
2018-03-13,400.63
2018-03-14,403.5
2018-03-15,398.38
2018-03-16,399.5
2018-03-17,398.5
2018-03-19,390.25
2018-03-20,390.0
2018-03-21,397.63
2018-03-22,400.88
2018-03-23,403.13
2018-03-24,414.13
2018-03-26,456.63
2018-03-27,455.25
2018-03-28,452.63
2018-03-29,449.13
2018-03-30,464.63
2018-04-02,414.13
2018-04-03,415.5
2018-04-04,404.63
2018-04-05,415.63
2018-04-06,415.38
2018-04-07,418.88
2018-04-09,422.0
2018-04-10,419.13
2018-04-11,419.13
2018-04-12,418.13
2018-04-13,423.75
2018-04-16,427.63
2018-04-24,421.38
2018-04-25,423.63
2018-04-26,428.88
2018-04-27,435.13
2018-04-28,441.63
2018-04-30,451.0
2018-05-02,458.13
2018-05-03,451.5
2018-05-04,442.13
2018-05-05,444.88
2018-05-07,434.0
2018-05-08,432.13
2018-05-09,428.75
2018-05-10,430.63
2018-05-11,424.88
2018-05-12,424.63
2018-05-14,420.13
2018-05-15,423.0
2018-05-16,420.63
2018-05-17,416.38
2018-05-18,417.13
2018-05-19,415.88
2018-05-21,419.5
2018-05-22,420.5
2018-05-23,423.38
2018-05-24,419.5
2018-05-25,420.5
2018-05-28,418.38
2018-05-29,416.38
2018-05-30,411.38
2018-05-31,415.13
2018-06-01,411.63
2018-06-02,412.38
2018-06-04,407.13
2018-06-05,405.0
2018-06-06,405.63
2018-06-07,400.75
2018-06-08,398.13
2018-06-09,396.5
2018-06-11,388.25
2018-06-12,389.75
2018-06-13,386.0
2018-06-14,382.13
2018-06-15,376.38
2018-06-16,376.38
2018-06-18,379.25
2018-06-19,372.63
2018-06-20,376.38
2018-06-21,374.25
2018-06-22,378.88
2018-06-23,382.38
2018-06-25,376.0
2018-06-26,377.63
2018-06-27,381.75
2018-06-28,378.25
2018-06-29,376.75
2018-06-30,375.75
2018-07-02,375.0
2018-07-03,373.88
2018-07-04,373.25
2018-07-05,375.0
2018-07-06,378.38
2018-07-07,385.75
2018-07-09,379.75
2018-07-10,382.5
2018-07-11,377.25
2018-07-12,377.75
2018-07-13,382.0
2018-07-14,373.63
2018-07-16,380.75
2018-07-17,376.0
2018-07-18,375.5
2018-07-19,375.75
2018-07-20,374.5
2018-07-21,372.25
2018-07-23,374.38
2018-07-24,375.5
2018-07-25,375.0
2018-07-26,378.75
2018-07-27,379.75
2018-07-28,380.0
2018-07-30,379.75
2018-07-31,388.63
2018-08-01,385.13
2018-08-02,378.0
2018-08-03,377.13
2018-08-04,378.5
2018-08-06,376.0
2018-08-07,378.0
2018-08-08,377.5
2018-08-09,380.75
2018-08-10,365.25
2018-08-11,369.0
2018-08-13,360.0
2018-08-14,362.0
2018-08-15,370.75
2018-08-16,369.13
2018-08-17,364.13
2018-08-18,363.75
2018-08-20,359.88
2018-08-21,353.75
2018-08-22,347.5
2018-08-23,344.75
2018-08-24,339.0
2018-08-25,337.75
2018-08-27,335.75
2018-08-28,329.38
2018-08-29,329.25
2018-08-30,328.5
2018-08-31,331.25
2018-09-01,331.5
2018-09-03,331.88
2018-09-04,339.0
2018-09-05,334.75
2018-09-06,338.0
2018-09-07,339.75
2018-09-08,347.25
2018-09-10,349.88
2018-09-11,357.13
2018-09-12,354.5
2018-09-13,359.13
2018-09-14,352.5
2018-09-15,349.88
2018-09-17,343.63
2018-09-18,339.5
2018-09-19,344.75
2018-09-20,344.0
2018-09-21,348.0
2018-09-22,347.5
2018-09-24,346.63
2018-09-25,347.0
2018-09-26,346.25
2018-09-27,348.25
2018-09-28,347.88
2018-09-29,341.25
2018-10-01,342.25
2018-10-02,346.75
2018-10-03,346.75
2018-10-04,346.75
2018-10-05,336.75
2018-10-06,349.25
2018-10-08,350.25
2018-10-09,343.25
2018-10-10,347.0
2018-10-11,343.25
2018-10-12,346.0
2018-10-13,350.0
2018-10-15,359.63
2018-10-16,363.25
2018-10-17,365.5
2018-10-18,359.13
2018-10-19,351.75
2018-10-20,351.0
2018-10-22,350.38
2018-10-23,345.13
2018-10-24,339.38
2018-10-26,344.13
2018-10-27,348.13
2018-10-29,338.0
2018-10-30,338.75
2018-10-31,339.5
2018-11-01,356.25
2018-11-02,350.75
2018-11-03,341.38
2018-11-05,344.75
2018-11-06,341.25
2018-11-07,339.25
2018-11-08,337.5
2018-11-09,334.38
2018-11-10,336.0
2018-11-12,341.5
2018-11-13,340.38
2018-11-14,336.0
2018-11-15,336.5
2018-11-16,342.75
2018-11-17,340.5
2018-11-19,329.5
2018-11-20,329.75
2018-11-21,329.0
2018-11-22,328.13
2018-11-23,326.5
2018-11-24,337.25
2018-11-26,324.63
2018-11-27,333.38
2018-11-28,332.5
2018-11-29,332.13
2018-11-30,331.25
2018-12-01,331.25
2018-12-03,338.5
2018-12-04,334.88
2018-12-05,333.5
2018-12-06,330.75
2018-12-07,330.5
2018-12-08,330.5
2018-12-10,329.0
2018-12-11,330.0
2018-12-12,329.38
2018-12-13,324.25
2018-12-14,325.0
2018-12-15,325.0
2018-12-17,326.75
2018-12-18,329.0
2018-12-19,328.38
2018-12-20,329.75
2018-12-21,328.75
2018-12-22,327.63
2018-12-24,328.13
2018-12-25,328.75
2018-12-26,325.13
2018-12-27,324.75
2018-12-28,327.88
2018-12-29,330.38
2018-12-31,332.63
2019-01-02,330.38
2019-01-03,331.25
2019-01-04,333.38
2019-01-05,336.0
2019-01-07,338.75
2019-01-08,338.38
2019-01-09,339.0
2019-01-10,333.0
2019-01-11,330.5
2019-01-12,329.5
2019-01-14,327.38
2019-01-15,331.5
2019-01-16,332.25
2019-01-17,332.25
2019-01-18,336.63
2019-01-19,335.88
2019-01-21,335.75
2019-01-22,333.75
2019-01-23,331.5
2019-01-24,334.63
2019-01-25,333.25
2019-01-26,334.63
2019-01-28,328.63
2019-01-29,327.75
2019-01-30,332.88
2019-01-31,332.75
2019-02-01,332.88
2019-02-02,328.75
2019-02-04,329.63
2019-02-05,325.75
2019-02-06,326.13
2019-02-07,322.63
2019-02-08,322.88
2019-02-09,322.75
2019-02-11,320.75
2019-02-12,324.75
2019-02-13,326.25
2019-02-14,323.0
2019-02-15,325.5
2019-02-16,325.5
2019-02-18,325.5
2019-02-19,325.75
2019-02-20,322.25
2019-02-21,329.0
2019-02-22,328.25
2019-02-23,324.25
2019-02-25,327.0
2019-02-26,323.63
2019-02-27,324.75
2019-02-28,325.38
2019-03-01,320.0
2019-03-02,322.0
2019-03-04,326.5
2019-03-05,323.25
2019-03-06,322.25
2019-03-07,314.25
2019-03-08,314.0
2019-03-09,311.0
2019-03-11,307.25
2019-03-12,309.75
2019-03-13,310.25
2019-03-14,313.25
2019-03-15,321.0
2019-03-16,323.75
2019-03-18,322.5
2019-03-19,323.0
2019-03-20,323.75
2019-03-21,326.25
2019-03-22,329.75
2019-03-23,328.5
2019-03-25,328.5
2019-03-26,326.0
2019-03-27,318.25
2019-03-28,319.75
2019-03-29,321.0
2019-03-30,317.75
2019-04-01,321.25
2019-04-02,321.13
2019-04-03,323.75
2019-04-04,324.5
2019-04-05,317.75
2019-04-06,321.25
2019-04-08,320.0
2019-04-09,322.75
2019-04-10,320.0
2019-04-11,316.0
2019-04-12,314.0
2019-04-13,315.25
2019-04-15,318.5
2019-04-16,318.75
2019-04-17,312.5
2019-04-18,313.0
2019-04-19,312.75
2019-04-20,312.75
2019-04-22,312.0
2019-04-23,310.5
2019-04-24,310.38
2019-04-25,311.13
2019-04-26,314.38
2019-04-27,309.13
2019-04-29,308.88
2019-04-30,303.38
2019-05-01,303.25
2019-05-02,299.63
2019-05-03,300.5
2019-05-04,299.5
2019-05-06,299.63
2019-05-07,298.25
2019-05-08,298.25
2019-05-09,298.0
2019-05-10,297.5
2019-05-11,294.75
2019-05-13,297.25
2019-05-14,312.25
2019-05-15,317.88
2019-05-16,312.63
2019-05-17,307.38
2019-05-18,301.88
2019-05-20,307.63
2019-05-21,309.75
2019-05-22,308.25
2019-05-23,306.5
2019-05-24,311.75
2019-05-25,314.75
2019-05-27,315.25
2019-05-28,325.88
2019-05-29,336.0
2019-05-30,341.25
2019-05-31,343.0
2019-06-01,338.75
2019-06-03,339.75
2019-06-04,338.25
2019-06-05,337.25
2019-06-06,331.0
2019-06-07,330.25
2019-06-08,327.25
2019-06-10,325.75
2019-06-11,330.0
2019-06-12,332.25
2019-06-13,340.25
2019-06-14,341.0
2019-06-15,339.5
2019-06-17,339.0
2019-06-18,335.0
2019-06-19,331.5
2019-06-20,335.0
2019-06-21,334.0
2019-06-22,328.5
2019-06-24,330.5
2019-06-25,329.25
2019-06-26,326.5
2019-06-27,322.5
2019-06-28,319.75
2019-06-29,321.88
2019-07-01,318.75
2019-07-02,310.25
2019-07-03,312.25
2019-07-04,312.0
2019-07-05,310.25
2019-07-06,309.5
2019-07-08,311.88
2019-07-09,316.25
2019-07-10,314.5
2019-07-11,317.38
2019-07-12,322.25
2019-07-15,320.5
2019-07-17,309.5
2019-07-18,309.75
2019-07-20,312.0
2019-07-22,310.25
2019-07-23,307.5
2019-07-24,307.5
2019-07-25,305.0
2019-07-26,304.5
2019-07-27,303.25
2019-07-29,305.0
2019-07-30,301.0
2019-07-31,299.25
2019-08-01,302.0
2019-08-02,299.0
2019-08-03,299.0
2019-08-05,298.5
2019-08-06,301.25
2019-08-07,300.5
2019-08-08,302.5
2019-08-09,301.25
2019-08-10,310.0
2019-08-12,303.5
2019-08-13,304.5
2019-08-14,306.75
2019-08-15,303.25
2019-08-16,301.5
2019-08-17,302.75
2019-08-19,323.75
2019-08-20,303.75
2019-08-21,301.75
2019-08-22,304.25
2019-08-23,299.25
2019-08-24,297.5
2019-08-26,299.25
2019-08-27,298.75
2019-08-28,301.25
2019-08-29,296.75
2019-08-30,296.0
2019-08-31,293.0
2019-09-02,293.0
2019-09-03,291.75
2019-09-04,292.75
2019-09-05,298.75
2019-09-06,298.75
2019-09-07,297.75
2019-09-09,291.5
2019-09-10,295.0
2019-09-11,294.0
2019-09-12,294.75
2019-09-13,303.75
2019-09-14,302.5
2019-09-16,300.5
2019-09-17,295.38
2019-09-18,295.13
2019-09-19,297.25
2019-09-20,300.25
2019-09-21,298.5
2019-09-23,302.5
2019-09-24,306.0
2019-09-25,303.0
2019-09-26,300.0
2019-09-27,297.0
2019-09-28,296.75
2019-09-30,302.0
2019-10-01,315.88
2019-10-02,317.75
2019-10-03,318.25
2019-10-04,319.75
2019-10-05,319.0
2019-10-07,317.25
2019-10-08,322.13
2019-10-09,328.25
2019-10-10,327.0
2019-10-11,328.75
2019-10-12,317.5
2019-10-14,315.25
2019-10-15,313.5
2019-10-16,307.0
2019-10-17,305.25
2019-10-18,305.0
2019-10-19,304.0
2019-10-21,316.5
2019-10-22,302.75
2019-10-23,302.0
2019-10-24,320.75
2019-10-25,313.5
2019-10-26,323.75
2019-10-28,312.5
2019-10-29,309.75
2019-10-30,310.5
2019-10-31,326.75
2019-11-01,316.88
2019-11-02,326.0
2019-11-04,314.5
2019-11-05,321.0
2019-11-06,321.38
2019-11-07,329.88
2019-11-08,316.25
2019-11-09,316.88
2019-11-11,324.13
2019-11-12,325.38
2019-11-13,338.75
2019-11-14,325.63
2019-11-15,330.0
2019-11-16,330.75
2019-11-18,326.75
2019-11-19,325.0
2019-11-20,325.5
2019-11-21,324.5
2019-11-22,322.0
2019-11-23,321.25
2019-11-25,322.25
2019-11-26,322.0
2019-11-27,322.0
2019-11-28,321.0
2019-11-29,318.38
2019-11-30,316.25
2019-12-02,319.88
2019-12-03,319.63
2019-12-04,318.5
2019-12-05,327.0
2019-12-06,324.0
2019-12-07,326.25
2019-12-09,327.75
2019-12-10,330.0
2019-12-11,326.75
2019-12-12,326.25
2019-12-13,326.25
2019-12-14,327.5
2019-12-16,329.75
2019-12-17,335.0
2019-12-18,335.75
2019-12-19,331.0
2019-12-20,331.63
2019-12-21,330.0
2019-12-23,334.13
2019-12-24,334.0
2019-12-25,334.5
2019-12-26,334.5
2019-12-27,330.38
2019-12-28,327.5
2019-12-30,329.63
2019-12-31,332.0
2020-01-01,332.38
2020-01-02,333.0
2020-01-03,331.0
2020-01-04,329.75
2020-01-06,332.38
2020-01-07,329.25
2020-01-08,326.5
2020-01-09,323.75
2020-01-10,325.5
2020-01-11,328.63
2020-01-13,328.25
2020-01-14,325.75
2020-01-15,329.5
2020-01-16,326.88
2020-01-17,328.0
2020-01-18,328.0
2020-01-20,329.25
2020-01-21,328.25
2020-01-22,326.5
2020-01-23,327.25
2020-01-24,328.25
2020-01-25,328.0
2020-01-27,326.5
2020-01-28,329.25
2020-01-29,325.25
2020-01-30,320.5
2020-01-31,313.5
2020-02-01,317.25
2020-02-03,313.5
2020-02-04,314.5
2020-02-05,318.5
2020-02-06,314.5
2020-02-07,317.5
2020-02-08,320.25
2020-02-10,322.0
2020-02-11,317.75
2020-02-12,323.75
2020-02-13,325.88
2020-02-14,325.0
2020-02-15,325.75
2020-02-17,328.75
2020-02-18,330.5
2020-02-19,330.38
2020-02-20,330.63
2020-02-21,329.25
2020-02-22,328.0
2020-02-24,322.5
2020-02-25,325.25
2020-02-26,330.0
2020-02-27,330.63
2020-02-28,336.63
2020-02-29,338.0
2020-03-02,340.88
2020-03-03,341.13
2020-03-04,337.25
2020-03-05,332.25
2020-03-06,332.0
2020-03-07,332.0
2020-03-09,328.5
2020-03-10,330.38
2020-03-11,332.88
2020-03-12,331.63
2020-03-13,327.88
2020-03-14,323.75
2020-03-16,325.25
2020-03-17,324.63
2020-03-18,330.25
2020-03-19,346.13
2020-03-20,346.25
2020-03-21,352.25
2020-03-23,363.5
2020-03-24,361.5
2020-03-25,354.63
2020-03-26,356.88
2020-03-27,354.5
2020-03-28,356.63
2020-03-30,361.0
2020-03-31,354.13
2020-04-01,349.5
2020-04-02,344.25
2020-04-03,337.38
2020-04-04,336.38
2020-04-06,336.0
2020-04-07,327.0
2020-04-08,324.25
2020-04-09,325.0
2020-04-10,322.75
2020-04-11,322.5
2020-04-13,318.13
2020-04-14,315.75
2020-04-15,322.75
2020-04-16,323.13
2020-04-17,321.0
2020-04-18,318.0
2020-04-20,316.0
2020-04-21,318.0
2020-04-22,318.0
2020-04-23,319.0
2020-04-24,318.0
2020-04-25,318.0
2020-04-27,311.0
2020-04-28,308.63
2020-04-29,305.75
2020-04-30,314.63
2020-05-01,316.13
2020-05-02,314.13
2020-05-04,310.0
2020-05-05,310.13
2020-05-06,312.75
2020-05-07,309.5
2020-05-08,314.38
2020-05-09,316.38
2020-05-11,318.38
2020-05-12,318.5
2020-05-13,319.75
2020-05-14,316.13
2020-05-15,315.38
2020-05-16,315.13
2020-05-18,316.25
2020-05-19,314.38
2020-05-20,317.75
2020-05-21,317.5
2020-05-22,314.63
2020-05-23,316.25
2020-05-25,315.63
2020-05-26,317.88
2020-05-27,316.75
2020-05-28,314.13
2020-05-29,315.75
2020-05-30,315.25
2020-06-01,318.88
2020-06-02,315.13
2020-06-03,316.25
2020-06-04,322.75
2020-06-05,320.63
2020-06-06,322.63
2020-06-08,323.13
2020-06-09,321.75
2020-06-10,322.25
2020-06-11,325.5
2020-06-12,327.25
2020-06-13,323.38
2020-06-15,323.38
2020-06-16,321.25
2020-06-17,321.13
2020-06-18,323.13
2020-06-19,322.5
2020-06-20,319.13
2020-06-22,319.63
2020-06-23,319.75
2020-06-24,319.75
2020-06-25,316.0
2020-06-26,318.25
2020-06-27,315.75
2020-06-29,316.63
2020-06-30,316.75
2020-07-01,328.63
2020-07-02,326.0
2020-07-03,327.63
2020-07-04,327.75
2020-07-06,330.38
2020-07-07,326.88
2020-07-08,326.13
2020-07-09,328.75
2020-07-10,329.75
2020-07-11,325.0
2020-07-13,320.38
2020-07-14,317.88
2020-07-15,318.25
2020-07-16,321.5
2020-07-17,318.75
2020-07-18,319.75
2020-07-20,319.0
2020-07-21,318.75
2020-07-22,319.0
2020-07-23,321.25
2020-07-24,329.0
2020-07-25,329.25
2020-07-27,330.5
2020-07-28,330.25
2020-07-29,329.38
2020-07-30,329.38
2020-07-31,335.25
2020-08-01,330.88
2020-08-03,329.75
2020-08-04,328.5
2020-08-05,328.5
2020-08-06,325.63
2020-08-07,324.63
2020-08-08,324.0
2020-08-10,330.0
2020-08-11,329.0
2020-08-12,327.75
2020-08-13,335.25
2020-08-14,335.63
2020-08-15,333.38
2020-08-17,340.25
2020-08-18,341.0
2020-08-19,342.0
2020-08-20,341.25
2020-08-21,343.75
2020-08-22,336.25
2020-08-24,338.75
2020-08-25,341.0
2020-08-26,341.5
2020-08-27,342.25
2020-08-28,344.13
2020-08-29,350.75
2020-08-31,353.0
2020-09-01,351.63
2020-09-02,347.0
2020-09-03,348.5
2020-09-04,360.0
2020-09-05,361.0
2020-09-07,358.25
2020-09-08,355.0
2020-09-09,358.63
2020-09-10,364.0
2020-09-11,368.5
2020-09-12,369.5
2020-09-14,365.5
2020-09-15,364.5
2020-09-16,368.25
2020-09-17,366.38
2020-09-18,384.5
2020-09-19,386.75
2020-09-21,383.0
2020-09-22,386.75
2020-09-23,394.0
2020-09-24,392.25
2020-09-25,389.13
2020-09-26,390.0
2020-09-28,383.75
2020-09-29,382.38
2020-09-30,383.5
2020-10-01,404.25
2020-10-02,408.75
2020-10-03,405.25
2020-10-05,401.38
2020-10-06,414.63
2020-10-07,415.0
2020-10-08,423.25
2020-10-09,424.13
2020-10-10,421.38
2020-10-12,415.38
2020-10-13,420.0
2020-10-14,432.88
2020-10-15,437.5
2020-10-16,444.13
2020-10-17,439.0
2020-10-19,443.88
2020-10-20,448.63
2020-10-21,453.5
2020-10-22,461.75
2020-10-23,462.88
2020-10-24,464.5
2020-10-26,460.0
2020-10-27,463.0
2020-10-28,451.0
2020-10-29,447.63
2020-10-30,447.5
2020-10-31,451.13
2020-11-02,453.25
2020-11-03,450.25
2020-11-04,455.88
2020-11-05,462.13
2020-11-06,455.5
2020-11-07,456.25
2020-11-09,467.25
2020-11-10,454.5
2020-11-11,463.88
2020-11-12,457.5
2020-11-13,451.88
2020-11-14,454.25
2020-11-16,453.25
2020-11-17,458.75
2020-11-18,457.38
2020-11-19,454.0
2020-11-20,459.5
2020-11-21,458.25
2020-11-23,459.5
2020-11-24,456.13
2020-11-25,461.13
2020-11-26,459.5
2020-11-27,456.88
2020-11-28,461.0
2020-11-30,456.0
2020-12-01,456.13
2020-12-02,453.0
2020-12-03,452.5
2020-12-04,453.0
2020-12-05,450.0
2020-12-07,444.38
2020-12-08,435.38
2020-12-09,440.0
2020-12-10,439.5
2020-12-11,433.75
2020-12-12,440.25
2020-12-14,438.75
2020-12-15,446.25
2020-12-16,462.0
2020-12-17,465.25
2020-12-18,470.5
2020-12-19,467.5
2020-12-21,470.38
2020-12-22,479.5
2020-12-23,485.25
2020-12-24,486.0
2020-12-25,482.0
2020-12-28,486.75
2020-12-29,474.63
2020-12-30,486.0
2020-12-31,494.75
2021-01-02,501.0
2021-01-04,512.0
2021-01-05,504.75
2021-01-06,513.25
2021-01-07,500.38
2021-01-08,505.63
2021-01-09,511.5
2021-01-11,515.0
2021-01-12,519.88
2021-01-13,527.25
2021-01-14,526.25
2021-01-15,529.25
2021-01-16,534.5
2021-01-18,536.0
2021-01-19,526.25
2021-01-20,511.75
2021-01-21,511.0
2021-01-22,499.13
2021-01-23,492.25
2021-01-25,503.75
2021-01-26,503.13
2021-01-27,513.75
2021-01-28,512.25
2021-01-29,495.38
2021-01-30,502.25
2021-02-01,482.13
2021-02-02,479.25
2021-02-03,486.0
2021-02-04,492.75
2021-02-05,494.5
2021-02-06,490.0
2021-02-08,485.5
2021-02-09,493.75
2021-02-10,485.25
2021-02-11,478.25
2021-02-12,479.38
2021-02-13,479.25
2021-02-15,478.5
2021-02-16,483.0
2021-02-17,478.88
2021-02-18,481.13
2021-02-19,476.38
2021-02-20,474.25
2021-02-22,471.13
2021-02-23,478.13
2021-02-24,473.75
2021-02-25,469.0
2021-02-26,457.88
2021-02-27,463.25
2021-03-01,462.75
2021-03-02,454.25
2021-03-03,447.75
2021-03-04,449.75
2021-03-05,447.38
2021-03-06,447.25
2021-03-08,450.13
2021-03-09,441.75
2021-03-10,440.5
2021-03-11,438.88
2021-03-12,433.63
2021-03-13,429.5
2021-03-15,441.38
2021-03-16,438.25
2021-03-17,436.13
2021-03-18,434.75
2021-03-19,438.25
2021-03-20,442.0
2021-03-22,435.25
2021-03-23,425.88
2021-03-24,433.0
2021-03-25,427.5
2021-03-26,431.38
2021-03-27,431.5
2021-03-29,429.25
2021-03-30,427.0
2021-03-31,422.75
2021-04-01,451.0
2021-04-02,433.75
2021-04-03,433.75
2021-04-05,442.63
2021-04-06,438.25
2021-04-07,436.5
2021-04-08,437.88
2021-04-09,440.13
2021-04-10,427.25
2021-04-12,430.75
2021-04-13,427.5
2021-04-14,425.88
2021-04-15,428.0
2021-04-16,431.75
2021-04-17,431.0
2021-04-19,436.25
2021-04-20,448.88
2021-04-21,444.0
2021-04-22,450.25
2021-04-23,456.38
2021-04-24,453.0
2021-04-26,461.75
2021-04-27,463.5
2021-04-28,457.38
2021-04-29,453.63
2021-04-30,450.63
2021-05-01,458.5
2021-05-03,446.0
2021-05-04,451.63
2021-05-05,452.5
2021-05-06,456.75
2021-05-07,461.5
2021-05-08,474.0
2021-05-10,473.25
2021-05-11,478.0
2021-05-12,485.5
2021-05-13,481.5
2021-05-14,452.25
2021-05-15,450.75
2021-05-17,448.63
2021-05-18,443.25
2021-05-19,441.5
2021-05-20,432.75
2021-05-21,433.5
2021-05-22,430.0
2021-05-24,431.0
2021-05-25,427.13
2021-05-26,415.88
2021-05-27,415.0
2021-05-28,419.5
2021-05-29,428.5
2021-05-31,428.5
2021-06-01,430.0
2021-06-02,431.5
2021-06-03,424.5
2021-06-04,424.25
2021-06-05,426.5
2021-06-07,421.5
2021-06-08,422.0
2021-06-09,416.0
2021-06-10,417.25
2021-06-11,410.75
2021-06-12,417.25
2021-06-14,407.25
2021-06-15,406.75
2021-06-16,407.25
2021-06-17,413.88
2021-06-18,406.13
2021-06-19,415.0
2021-06-21,413.63
2021-06-22,405.25
2021-06-23,399.38
2021-06-24,383.5
2021-06-25,383.38
2021-06-26,389.75
2021-06-28,388.88
2021-06-29,390.13
2021-06-30,387.25
2021-07-01,424.75
2021-07-02,427.38
2021-07-03,424.75
2021-07-05,423.38
2021-07-06,408.0
2021-07-07,402.25
2021-07-08,399.63
2021-07-09,399.5
2021-07-10,401.25
2021-07-12,402.0
2021-07-13,403.63
2021-07-14,401.0
2021-07-15,410.38
2021-07-16,410.88
2021-07-17,409.75
2021-07-19,413.5
2021-07-20,413.0
2021-07-21,416.5
2021-07-22,409.88
2021-07-23,404.63
2021-07-24,397.75
2021-07-26,402.25
2021-07-27,404.63
2021-07-28,408.5
2021-07-29,411.75
2021-07-30,405.0
2021-07-31,404.75
2021-08-02,408.5
2021-08-03,400.75
2021-08-04,404.25
2021-08-05,408.75
2021-08-06,413.25
2021-08-07,413.25
2021-08-09,420.5
2021-08-10,418.0
2021-08-11,415.75
2021-08-12,385.0
2021-08-13,386.5
2021-08-14,389.0
2021-08-16,388.25
2021-08-17,427.0
2021-08-18,419.0
2021-08-19,414.0
2021-08-20,410.0
2021-08-21,409.5
2021-08-23,402.25
2021-08-24,409.25
2021-08-25,408.25
2021-08-26,408.25
2021-08-27,411.5
2021-08-28,408.75
2021-08-30,403.25
2021-08-31,406.75
2021-09-01,403.75
2021-09-02,399.5
2021-09-03,402.0
2021-09-04,403.25
2021-09-06,408.25
2021-09-07,406.0
2021-09-08,404.25
2021-09-09,408.25
2021-09-10,410.25
2021-09-11,416.5
2021-09-13,421.75
2021-09-14,424.5
2021-09-15,418.0
2021-09-16,425.25
2021-09-17,424.25
2021-09-18,423.5
2021-09-20,425.25
2021-09-21,424.5
2021-09-22,427.25
2021-09-23,426.88
2021-09-24,415.88
2021-09-25,417.0
2021-09-27,418.25
2021-09-28,412.5
2021-09-29,411.5
2021-09-30,409.0
2021-10-01,396.75
2021-10-04,395.75
2021-10-05,390.63
2021-10-06,391.25
2021-10-07,391.38
2021-10-08,391.25
2021-10-09,388.25
2021-10-11,389.75
2021-10-12,387.25
2021-10-13,382.63
2021-10-14,390.88
2021-10-15,393.88
2021-10-16,391.75
2021-10-18,394.88
2021-10-19,404.5
2021-10-20,403.5
2021-10-21,394.75
2021-10-22,391.5
2021-10-23,393.0
2021-10-25,386.25
2021-10-26,388.25
2021-10-27,381.88
2021-10-28,383.25
2021-10-29,382.0
2021-10-30,385.25
2021-11-01,382.5
2021-11-02,381.13
2021-11-03,386.5
2021-11-04,381.5
2021-11-05,378.13
2021-11-06,375.0
2021-11-08,373.75
2021-11-09,372.75
2021-11-10,380.75
2021-11-11,383.0
2021-11-12,396.5
2021-11-13,403.0
2021-11-15,409.5
2021-11-16,415.0
2021-11-17,415.63
2021-11-18,416.5
2021-11-19,409.0
2021-11-20,405.5
2021-11-22,406.0
2021-11-23,390.38
2021-11-24,376.13
2021-11-25,380.5
2021-11-26,376.0
2021-11-27,377.25
2021-11-29,373.25
2021-11-30,371.63
2021-12-01,372.13
2021-12-02,385.5
2021-12-03,398.25
2021-12-04,397.5
2021-12-06,406.5
2021-12-07,397.25
2021-12-08,400.25
2021-12-09,405.75
2021-12-10,411.75
2021-12-11,410.75
2021-12-13,405.13
2021-12-14,422.25
2021-12-15,419.88
2021-12-16,412.25
2021-12-17,418.25
2021-12-18,419.0
2021-12-20,422.25
2021-12-21,429.0
2021-12-22,444.5
2021-12-23,444.75
2021-12-24,448.5
2021-12-27,456.5
2021-12-28,460.5
2021-12-29,454.5
2021-12-30,458.5
2021-12-31,459.5
2022-01-01,452.5
2022-01-03,461.5
2022-01-04,464.75
2022-01-05,469.5
2022-01-06,459.0
2022-01-07,462.25
2022-01-08,477.75
2022-01-10,481.25
2022-01-11,472.0
2022-01-12,476.0
2022-01-13,478.75
2022-01-14,485.75
2022-01-17,465.75
2022-01-18,447.75
2022-01-19,470.75
2022-01-20,472.25
2022-01-21,463.25
2022-01-22,463.25
2022-01-24,457.5
2022-01-25,455.13
2022-01-26,464.0
2022-01-27,466.5
2022-01-28,480.25
2022-01-29,480.25
2022-01-31,487.0
2022-02-01,508.0
2022-02-02,509.5
2022-02-03,515.0
2022-02-04,511.0
2022-02-07,517.0
2022-02-08,522.63
2022-02-09,527.38
2022-02-10,548.5
2022-02-11,536.5
2022-02-14,520.5
2022-02-15,526.0
2022-02-16,526.75
2022-02-17,542.0
2022-02-18,539.5
2022-02-19,538.5
2022-02-21,536.0
2022-02-22,540.75
2022-02-23,562.25
2022-02-24,567.5
2022-02-25,546.5
2022-02-26,545.25
2022-02-28,538.25
2022-03-01,539.25
2022-03-02,534.25
2022-03-03,545.5
2022-03-04,558.0
2022-03-05,549.75
2022-03-07,552.25
2022-03-08,574.75
2022-03-09,590.25
2022-03-10,615.25
2022-03-11,612.0
2022-03-12,598.0
2022-03-14,626.25
2022-03-15,580.75
2022-03-16,576.25
2022-03-17,571.0
2022-03-18,565.75
2022-03-19,568.25
2022-03-21,574.75
2022-03-22,567.75
2022-03-23,570.38
2022-03-24,574.75
2022-03-25,571.88
2022-03-26,572.0
2022-03-28,556.5
2022-03-29,539.0
2022-03-30,547.75
2022-03-31,553.25
2022-04-01,540.25
2022-04-02,516.75
2022-04-04,524.75
2022-04-05,529.5
2022-04-06,532.13
2022-04-07,523.88
2022-04-08,523.25
2022-04-09,528.63
2022-04-11,517.63
2022-04-12,524.63
2022-04-13,517.75
2022-04-14,524.88
2022-04-15,528.5
2022-04-16,528.0
2022-04-18,530.5
2022-04-19,538.38
2022-04-20,543.5
2022-04-21,542.38
2022-04-22,532.5
2022-04-23,530.75
2022-04-25,518.88
2022-04-26,521.38
2022-04-27,504.25
2022-04-28,507.0
2022-04-29,498.0
2022-04-30,496.75
2022-05-02,493.75
2022-05-03,495.75
2022-05-04,481.0
2022-05-05,483.0
2022-05-06,477.0
2022-05-07,473.75
2022-05-09,451.5
2022-05-10,447.75
2022-05-11,451.13
2022-05-12,448.13
2022-05-13,455.25
2022-05-14,464.5
2022-05-16,470.88
2022-05-17,473.5
2022-05-18,476.88
2022-05-19,479.63
2022-05-20,494.0
2022-05-21,492.0
2022-05-23,484.25
2022-05-24,484.0
2022-05-25,485.0
2022-05-26,491.75
2022-05-27,499.25
2022-05-28,499.5
2022-05-30,498.63
2022-05-31,494.25
2022-06-01,482.25
2022-06-02,480.25
2022-06-03,481.13
2022-06-04,476.0
2022-06-06,478.38
2022-06-07,485.25
2022-06-08,485.75
2022-06-09,487.0
2022-06-10,499.38
2022-06-11,499.38
2022-06-13,479.0
2022-06-14,472.75
2022-06-15,475.75
2022-06-16,487.0
2022-06-17,487.13
2022-06-18,492.13
2022-06-20,486.88
2022-06-21,483.88
2022-06-22,479.88
2022-06-23,470.63
2022-06-24,475.75
2022-06-25,479.25
2022-06-27,488.5
2022-06-28,505.25
2022-06-29,522.5
2022-06-30,525.5
2022-07-01,481.75
2022-07-02,479.63
2022-07-04,479.13
2022-07-05,467.38
2022-07-06,471.88
2022-07-07,478.75
2022-07-08,480.25
2022-07-09,489.0
2022-07-11,492.75
2022-07-12,485.25
2022-07-13,490.63
2022-07-14,491.0
2022-07-15,495.88
2022-07-16,485.25
2022-07-18,489.75
2022-07-19,478.0
2022-07-20,492.0
2022-07-21,478.0
2022-07-22,476.25
2022-07-23,470.25
2022-07-25,481.25
2022-07-26,505.75
2022-07-27,534.75
2022-07-28,538.75
2022-07-29,559.5
2022-07-30,542.88
2022-08-01,529.0
2022-08-02,559.5
2022-08-03,549.5
2022-08-04,624.5
2022-08-05,575.13
2022-08-06,558.0
2022-08-08,537.5
2022-08-09,544.13
2022-08-10,562.13
2022-08-11,553.5
2022-08-12,545.63
2022-08-13,485.5
2022-08-15,467.38
2022-08-16,443.63
2022-08-17,440.88
2022-08-18,457.75
2022-08-19,448.0
2022-08-20,454.75
2022-08-22,490.75
2022-08-23,490.0
2022-08-24,495.63
2022-08-25,482.25
2022-08-26,500.5
2022-08-27,504.5
2022-08-29,504.88
2022-08-30,480.13
2022-08-31,469.63
2022-09-01,500.13
2022-09-02,493.63
2022-09-03,487.5
2022-09-05,490.13
2022-09-06,486.5
2022-09-07,493.88
2022-09-08,486.75
2022-09-09,472.13
2022-09-10,489.75
2022-09-12,489.75
2022-09-13,534.5
2022-09-14,530.0
2022-09-15,505.25
2022-09-16,498.25
2022-09-17,499.63
2022-09-19,509.25
2022-09-20,517.75
2022-09-21,520.25
2022-09-22,517.75
2022-09-23,506.0
2022-09-24,503.75
2022-09-26,497.25
2022-09-27,490.0
2022-09-28,483.0
2022-09-29,466.75
2022-09-30,469.63
2022-10-01,459.0
2022-10-03,459.63
2022-10-04,466.0
2022-10-05,468.25
2022-10-11,494.0
2022-10-12,493.75
2022-10-13,500.0
2022-10-14,498.0
2022-10-15,491.0
2022-10-17,487.75
2022-10-18,481.75
2022-10-19,480.25
2022-10-21,496.5
2022-10-22,502.25
2022-10-24,493.5
2022-10-25,505.5
2022-10-26,499.0
2022-10-27,505.0
2022-10-28,507.0
2022-10-29,516.5
2022-10-31,513.25
2022-11-01,517.0
2022-11-02,516.25
2022-11-03,491.5
2022-11-04,492.25
2022-11-05,493.75
2022-11-07,488.5
2022-11-08,492.5
2022-11-09,491.25
2022-11-10,479.25
2022-11-11,482.5
2022-11-12,478.5
2022-11-14,475.5
2022-11-15,478.25
2022-11-16,477.75
2022-11-17,474.0
2022-11-18,481.75
2022-11-19,475.75
2022-11-21,480.75
2022-11-22,480.0
2022-11-23,477.75
2022-11-24,477.5
2022-11-25,476.75
2022-11-26,477.0
2022-11-28,481.38
2022-11-29,470.0
2022-11-30,475.5
2022-12-01,477.25
2022-12-02,481.25
2022-12-03,485.63
2022-12-05,497.5
2022-12-06,519.88
2022-12-07,530.38
2022-12-08,541.88
2022-12-09,544.25
2022-12-10,542.25
2022-12-12,531.75
2022-12-13,531.5
2022-12-14,530.25
2022-12-15,537.5
2022-12-16,549.0
2022-12-17,544.5
2022-12-19,546.75
2022-12-20,549.0
2022-12-21,550.5
2022-12-22,547.75
2022-12-23,553.25
2022-12-24,551.0
2022-12-26,551.5
2022-12-27,549.0
2022-12-28,537.0
2022-12-29,539.75
2022-12-30,555.25
2023-01-10,555.5
2023-01-11,563.0
2023-01-12,564.5
2023-01-13,577.25
2023-01-14,532.0
2023-01-16,532.75
2023-01-17,525.25
2023-01-18,546.5
2023-01-19,535.0
2023-01-20,569.5
2023-01-21,567.0
2023-01-23,562.0
2023-01-24,562.0
2023-01-25,563.0
2023-01-26,577.5
2023-01-27,577.5
2023-01-28,577.5
2023-01-30,589.75
2023-01-31,566.88
2023-02-01,553.25
2023-02-02,558.88
2023-02-03,562.63
2023-02-04,561.63
2023-02-06,557.75
2023-02-07,555.13
2023-02-08,564.0
2023-02-09,567.25
2023-02-10,563.5
2023-02-11,562.25
2023-02-13,562.75
2023-02-14,561.75
2023-02-15,560.5
2023-02-16,564.0
2023-02-17,563.0
2023-02-18,563.0
2023-02-20,563.0
2023-02-21,562.25
2023-02-22,562.5
2023-02-23,562.75
2023-02-24,563.5
2023-02-25,566.0
2023-02-27,568.5
2023-02-28,563.25
2023-03-01,562.75
2023-03-02,562.5
2023-03-03,563.25
2023-03-04,562.25
2023-03-06,554.5
2023-03-07,553.75
2023-03-08,562.75
2023-03-09,565.25
2023-03-10,563.5
2023-03-11,563.25
2023-03-13,563.25
2023-03-14,564.5
2023-03-15,564.75
2023-03-16,565.25
2023-03-17,564.5
2023-03-18,567.0
2023-03-20,566.75
2023-03-21,568.0
2023-03-22,569.75
2023-03-23,557.25
2023-03-24,571.0
2023-03-25,569.25
2023-03-27,570.75
2023-03-28,568.5
2023-03-29,569.0
2023-03-30,569.25
2023-03-31,566.75
2023-04-01,567.0
2023-04-03,513.5
2023-04-04,510.88
2023-04-05,506.38
2023-04-06,506.13
2023-04-07,508.13
2023-04-08,508.13
2023-04-10,508.5
2023-04-11,510.88
2023-04-12,509.5
2023-04-13,515.38
2023-04-14,511.38
2023-04-15,510.75
2023-04-17,513.13
2023-04-18,510.63
2023-04-19,509.38
2023-04-20,506.13
2023-04-21,504.63
2023-04-22,503.63
2023-04-24,517.5
2023-04-25,516.0
2023-04-26,507.5
2023-04-27,516.5
2023-04-28,515.5
2023-04-29,515.25
2023-05-01,472.5
2023-05-02,473.75
2023-05-03,468.75
2023-05-04,467.63
2023-05-05,470.5
2023-05-06,471.25
2023-05-08,469.75
2023-05-09,466.75
2023-05-10,464.38
2023-05-11,466.88
2023-05-12,470.13
2023-05-13,474.25
2023-05-15,476.75
2023-05-16,470.13
2023-05-17,470.25
2023-05-18,478.0
2023-05-20,478.5
2023-05-22,484.25
2023-05-23,476.5
2023-05-24,479.75
2023-05-25,478.0
2023-05-26,479.25
2023-05-27,479.25
2023-05-29,479.25
2023-05-30,456.0
2023-05-31,460.0
2023-06-01,455.88
2023-06-02,457.5
2023-06-03,448.5
2023-06-05,455.63
2023-06-06,455.13
2023-06-07,453.13
2023-06-08,454.88
2023-06-09,452.0
2023-06-10,452.13
2023-06-12,452.88
2023-06-13,452.38
2023-06-14,452.0
2023-06-15,449.75
2023-06-16,455.25
2023-06-17,461.75
2023-06-19,461.75
2023-06-20,463.13
2023-06-21,472.13
2023-06-22,467.38
2023-06-23,462.25
2023-06-24,458.25
2023-06-26,463.63
2023-06-27,459.0
2023-06-28,457.75
2023-06-29,457.25
2023-06-30,457.75
2023-07-01,468.75
2023-07-03,465.75
2023-07-04,456.5
2023-07-05,470.25
2023-07-06,468.75
2023-07-07,468.25
2023-07-08,465.25
2023-07-10,465.25
2023-07-11,465.0
2023-07-12,463.5
2023-07-13,464.0
2023-07-14,462.75
2023-07-15,463.75
2023-07-17,464.75
2023-07-18,464.5
2023-07-19,459.5
2023-07-20,461.75
2023-07-21,462.25
2023-07-22,461.5
2023-07-24,460.75
2023-07-25,459.25
2023-07-26,459.75
2023-07-27,457.5
2023-07-28,461.0
2023-07-29,459.75
2023-07-31,491.88
2023-08-01,501.88
2023-08-02,495.88
2023-08-03,502.0
2023-08-04,485.63
2023-08-05,494.63
2023-08-07,476.75
2023-08-08,497.13
2023-08-09,485.63
2023-08-10,481.63
2023-08-11,477.25
2023-08-12,484.38
2023-08-14,502.63
2023-08-15,466.38
2023-08-16,466.0
2023-08-17,460.63
2023-08-18,454.63
2023-08-19,464.13
2023-08-21,465.88
2023-08-22,468.75
2023-08-23,466.75
2023-08-24,471.63
2023-08-25,474.38
2023-08-26,473.13
2023-08-28,475.0
2023-08-29,472.25
2023-08-30,471.88
2023-08-31,471.25
2023-09-01,477.25
2023-09-02,473.13
2023-09-04,472.63
2023-09-05,471.88
2023-09-06,471.75
2023-09-07,469.0
2023-09-08,468.38
2023-09-09,472.25
2023-09-11,473.5
2023-09-12,472.38
2023-09-13,469.0
2023-09-14,467.25
2023-09-15,465.25
2023-09-16,463.13
2023-09-18,478.75
2023-09-19,480.0
2023-09-20,478.25
2023-09-21,477.5
2023-09-22,480.0
2023-09-23,479.75
2023-09-25,480.75
2023-09-26,477.25
2023-09-27,475.75
2023-09-28,479.5
2023-09-29,482.5
2023-09-30,481.25
2023-10-02,470.0
2023-10-03,471.5
2023-10-04,470.5
2023-10-05,470.5
2023-10-06,469.5
2023-10-07,470.0
2023-10-09,477.0
2023-10-10,469.75
2023-10-11,469.0
2023-10-12,469.25
2023-10-13,467.75
2023-10-14,467.75
2023-10-16,467.5
2023-10-17,467.5
2023-10-18,466.25
2023-10-19,465.0
2023-10-20,466.5
2023-10-21,463.5
2023-10-23,463.5
2023-10-24,466.0
2023-10-25,460.5
2023-10-26,464.0
2023-10-27,462.0
2023-10-28,461.75
2023-10-30,456.0
2023-10-31,464.0
2023-11-01,510.75
2023-11-02,509.75
2023-11-03,510.0
2023-11-04,521.63
2023-11-06,520.0
2023-11-07,525.13
2023-11-08,527.13
2023-11-09,523.75
2023-11-10,523.75
2023-11-11,523.63
2023-11-13,530.5
2023-11-14,529.63
2023-11-15,538.13
2023-11-16,496.25
2023-11-17,508.25
2023-11-18,508.75
2023-11-20,509.0
2023-11-21,509.0
2023-11-22,508.5
2023-11-23,508.25
2023-11-24,508.25
2023-11-25,508.25
2023-11-27,508.0
2023-11-28,509.75
2023-11-29,510.75
2023-11-30,510.5
2023-12-01,506.38
2023-12-02,499.5
2023-12-04,499.63
2023-12-05,495.38
2023-12-06,494.0
2023-12-07,485.13
2023-12-08,481.75
2023-12-09,481.5
2023-12-11,480.5
2023-12-12,484.63
2023-12-13,479.13
2023-12-14,479.0
2023-12-15,468.0
2023-12-16,469.75
2023-12-18,469.0
2023-12-19,473.5
2023-12-20,468.63
2023-12-21,466.13
2023-12-22,464.38
2023-12-23,466.0
2023-12-26,459.38
2023-12-27,466.63
2023-12-28,465.88
2023-12-29,460.0
2023-12-30,459.25
2024-01-01,455.0
2024-01-02,455.0
2024-01-03,445.63
2024-01-04,445.63
2024-01-05,441.0
2024-01-06,439.13
2024-01-08,438.88
2024-01-09,436.88
2024-01-10,438.0
2024-01-11,438.5
2024-01-12,435.75
2024-01-15,436.0
2024-01-16,439.13
2024-01-17,437.5
2024-01-18,434.38
2024-01-19,425.13
2024-01-20,421.0
2024-01-22,420.88
2024-01-23,433.13
2024-01-24,437.63
2024-01-25,434.88
2024-01-26,432.88
2024-01-27,429.5
2024-01-29,429.38
2024-01-30,435.13
2024-01-31,422.5
2024-02-01,422.13
2024-02-02,422.63
2024-02-03,414.38
2024-02-05,411.5
2024-02-06,412.75
2024-02-07,406.25
2024-02-08,404.88
2024-02-09,395.13
2024-02-10,399.0
2024-02-12,402.5
2024-02-13,400.88
2024-02-14,396.75
2024-02-15,396.5
2024-02-16,398.25
2024-02-17,397.25
2024-02-19,397.0
2024-02-20,404.0
2024-02-21,412.75
2024-02-22,415.5
2024-02-23,410.0
2024-02-24,411.25
2024-02-26,410.75
2024-02-27,410.5
2024-02-28,412.0
2024-02-29,411.5
2024-03-01,404.5
2024-03-02,403.75
2024-03-04,405.75
2024-03-05,404.25
2024-03-06,402.0
2024-03-07,406.0
2024-03-08,403.63
2024-03-09,407.0
2024-03-11,404.25
2024-03-12,404.88
2024-03-13,400.25
2024-03-14,401.88
2024-03-15,403.75
2024-03-16,403.5
2024-03-18,401.88
2024-03-19,401.63
2024-03-20,404.38
2024-03-21,408.13
2024-03-22,406.0
2024-03-23,405.75
2024-03-25,403.75
2024-03-26,405.25
2024-03-27,405.5
2024-03-28,404.63
2024-03-29,405.13
2024-03-30,405.13
2024-04-01,366.38
2024-04-02,361.25
2024-04-03,360.25
2024-04-04,365.25
2024-04-05,367.0
2024-04-06,366.63
2024-04-08,368.13
2024-04-09,366.88
2024-04-10,367.13
2024-04-11,366.0
2024-04-12,373.25
2024-04-13,371.88
2024-04-15,370.0
2024-04-16,369.5
2024-04-17,367.75
2024-04-18,368.38
2024-04-19,370.0
2024-04-20,371.63
2024-04-22,372.0
2024-04-23,371.63
2024-04-24,393.75
2024-04-25,393.25
2024-04-26,374.75
2024-04-27,374.0
2024-04-29,390.25
2024-04-30,383.5
2024-05-01,384.75
2024-05-02,393.5
2024-05-03,395.75
2024-05-04,402.0
2024-05-06,397.25
2024-05-07,378.0
2024-05-08,380.75
2024-05-09,381.0
2024-05-10,381.75
2024-05-11,382.0
2024-05-13,382.0
2024-05-14,382.25
2024-05-15,380.5
2024-05-16,382.0
2024-05-17,382.0
2024-05-18,381.75
2024-05-20,387.5
2024-05-21,381.5
2024-05-22,379.75
2024-05-23,380.0
2024-05-24,379.25
2024-05-25,379.5
2024-05-27,379.75
2024-05-28,376.75
2024-05-29,381.0
2024-05-30,380.75
2024-05-31,381.75
2024-06-01,441.75
2024-06-03,425.25
2024-06-04,423.38
2024-06-05,426.5
2024-06-06,424.25
2024-06-07,423.5
2024-06-08,425.38
2024-06-10,428.75
2024-06-11,425.25
2024-06-12,426.0
2024-06-13,428.88
2024-06-14,430.13
2024-06-15,428.75
2024-06-17,426.25
2024-06-18,427.63
2024-06-19,427.38
2024-06-20,424.5
2024-06-21,428.0
2024-06-24,425.5
2024-06-25,430.25
2024-06-26,441.0
2024-06-27,440.25
2024-06-28,442.25
2024-06-29,442.0
2024-07-01,396.75
2024-07-02,397.38
2024-07-03,441.75
2024-07-04,441.0
2024-07-05,439.75
2024-07-06,439.25
2024-07-08,439.75
2024-07-09,441.0
2024-07-10,440.0
2024-07-11,441.5
2024-07-12,440.75
2024-07-13,444.75
2024-07-15,445.5
2024-07-16,402.5
2024-07-17,402.75
2024-07-18,402.75
2024-07-19,402.25
2024-07-20,403.0
2024-07-22,402.5
2024-07-23,401.25
2024-07-24,401.25
2024-07-25,401.5
2024-07-26,401.5
2024-07-27,401.25
2024-07-29,404.0
2024-07-30,401.75
2024-07-31,401.0
2024-08-01,373.5
2024-08-02,376.0
2024-08-03,377.13
2024-08-05,374.5
2024-08-06,377.25
2024-08-07,366.0
2024-08-08,366.5
2024-08-09,359.13
2024-08-10,357.13
2024-08-12,356.0
2024-08-13,353.25
2024-08-14,354.0
2024-08-15,347.38
2024-08-16,347.75
2024-08-17,345.63
2024-08-19,348.13
2024-08-20,348.88
2024-08-21,352.25
2024-08-22,347.38
2024-08-23,347.0
2024-08-24,347.38
2024-08-26,370.25
2024-08-27,369.0
2024-08-28,369.0
2024-08-29,369.5
2024-08-30,369.5
2024-08-31,369.25
2024-09-02,369.5
2024-09-03,360.0
2024-09-04,361.25
2024-09-05,358.75
2024-09-06,359.5
2024-09-07,359.75
2024-09-09,359.75
2024-09-10,360.5
2024-09-11,360.75
2024-09-12,360.0
2024-09-13,360.0
2024-09-14,359.75
2024-09-16,361.75
2024-09-17,394.0
2024-09-18,397.5
2024-09-19,396.25
2024-09-20,407.25
2024-09-21,405.0
2024-09-23,404.75
2024-09-24,382.75
2024-09-25,395.0
2024-09-26,386.25
2024-09-27,391.5
2024-09-28,357.0
2024-09-30,356.75
2024-10-01,410.75
2024-10-02,412.25
2024-10-03,411.0
2024-10-04,414.75
2024-10-05,402.5
2024-10-07,403.0
2024-10-08,388.75
2024-10-09,378.0
2024-10-10,377.5
2024-10-11,377.0
2024-10-12,365.5
2024-10-14,365.5
2024-10-15,361.25
2024-10-16,365.25
2024-10-17,390.0
2024-10-18,366.5
2024-10-19,374.5
2024-10-21,374.5
2024-10-22,375.75
2024-10-23,386.5
2024-10-24,368.25
2024-10-25,391.0
2024-10-26,362.25
2024-10-28,356.0
2024-10-29,352.0
2024-10-30,351.25
2024-10-31,351.75
2024-11-01,354.63
2024-11-02,341.38
2024-11-04,354.5
2024-11-05,376.25
2024-11-06,376.0
2024-11-07,376.0
2024-11-08,377.5
2024-11-09,376.5
2024-11-11,347.5
2024-11-12,345.5
2024-11-13,377.75
2024-11-14,345.75
2024-11-15,377.5
2024-11-16,377.5
2024-11-18,377.25
2024-11-19,329.0
2024-11-20,329.0
2024-11-21,326.5
2024-11-22,327.25
2024-11-23,326.75
2024-11-25,326.5
2024-11-26,332.0
2024-11-27,337.5
2024-11-28,331.0
2024-11-29,326.75
2024-11-30,337.75
2024-12-02,326.75
2024-12-03,326.5
2024-12-04,327.0
2024-12-05,337.0
2024-12-06,332.5
2024-12-07,332.75
2024-12-09,332.75
2024-12-10,329.0
2024-12-11,327.0
2024-12-12,332.5
2024-12-13,332.75
2024-12-14,330.5
2024-12-16,330.5
2024-12-17,332.75
2024-12-18,333.25
2024-12-19,325.0
2024-12-20,325.25
2024-12-21,325.0
2024-12-23,332.5
2024-12-24,332.25
2024-12-26,317.5
2024-12-27,317.75
2024-12-28,316.5
2024-12-30,322.5
2025-01-01,334.5
2025-01-02,334.5
2025-01-03,332.5
2025-01-04,335.5
2025-01-06,340.5
2025-01-07,340.75
2025-01-08,329.75
2025-01-09,329.75
2025-01-10,326.5
2025-01-11,326.5
2025-01-13,326.5
2025-01-14,323.25
2025-01-15,322.25
2025-01-16,328.25
2025-01-17,325.75
2025-01-18,322.5
2025-01-20,324.75
2025-01-21,311.0
2025-01-22,314.0
2025-01-23,322.5
2025-01-24,328.5
2025-01-25,324.0
2025-01-27,337.5
2025-01-28,324.5
2025-01-29,324.25
2025-01-30,328.75
2025-01-31,329.75
2025-02-01,326.25
2025-02-03,334.25
2025-02-04,337.5
2025-02-05,342.25
2025-02-06,321.5
2025-02-07,318.0
2025-02-08,323.5
2025-02-10,323.75
2025-02-11,330.25
2025-02-12,320.25
2025-02-13,319.25
2025-02-14,322.0
2025-02-15,320.75
2025-02-17,314.5
2025-02-18,317.75
2025-02-19,314.5
2025-02-20,322.75
2025-02-21,325.75
2025-02-22,323.75
2025-02-24,325.5
2025-02-25,329.25
2025-02-26,321.0
2025-02-27,328.0
2025-02-28,324.0
2025-03-01,319.25
2025-03-03,317.13
2025-03-04,314.0
2025-03-05,316.13
2025-03-06,322.0
2025-03-07,324.13
2025-03-08,323.25
2025-03-10,325.5
2025-03-11,325.38
2025-03-12,326.0
2025-03-13,325.0
2025-03-14,325.5
2025-03-15,334.0
2025-03-17,335.5
2025-03-18,334.5
2025-03-19,327.0
2025-03-20,324.75
2025-03-21,325.0
2025-03-22,327.88
2025-03-24,327.63
2025-03-25,325.0
2025-03-26,326.75
2025-03-27,321.75
2025-03-28,317.88
2025-03-29,319.25
2025-03-31,325.38
2025-04-01,325.0
2025-04-02,324.13
2025-04-03,322.0
2025-04-04,321.75
2025-04-05,317.63
2025-04-07,319.88
2025-04-08,325.63
2025-04-09,326.75
