DATE,BR_SOY_PRIMAVERA_DO_LESTE_PRICE
2013-07-04,54.0
2013-07-05,54.5
2013-07-08,54.5
2013-07-09,55.0
2013-07-10,55.25
2013-07-11,55.5
2013-07-12,55.5
2013-07-15,55.0
2013-07-16,55.0
2013-07-17,55.0
2013-07-18,54.0
2013-07-19,54.0
2013-07-22,54.0
2013-07-23,53.51
2013-07-24,53.25
2013-07-25,52.59
2013-07-26,51.5
2013-07-29,51.5
2013-07-30,52.18
2013-07-31,52.18
2013-08-01,51.58
2013-08-02,50.95
2013-08-05,48.9
2013-08-06,48.9
2013-08-07,50.0
2013-08-08,50.1
2013-08-09,50.1
2013-08-12,50.1
2013-08-13,51.25
2013-08-14,52.25
2013-08-15,52.6
2013-08-16,53.31
2013-08-19,54.54
2013-08-20,56.34
2013-08-21,57.25
2013-08-22,58.5
2013-08-23,58.84
2013-08-26,60.13
2013-08-27,59.92
2013-08-28,59.89
2013-08-29,60.17
2013-08-30,61.1
2013-09-02,61.13
2013-09-03,61.75
2013-09-04,62.0
2013-09-05,60.5
2013-09-06,59.59
2013-09-09,59.5
2013-09-10,58.34
2013-09-11,58.34
2013-09-12,58.25
2013-09-13,58.5
2013-09-16,58.5
2013-09-17,58.84
2013-09-18,58.78
2013-09-19,58.67
2013-09-20,58.67
2013-09-23,58.67
2013-09-24,58.5
2013-09-25,58.5
2013-09-26,59.17
2013-09-27,59.17
2013-09-30,59.22
2013-10-01,57.63
2013-10-02,58.47
2013-10-03,58.83
2013-10-04,58.78
2013-10-07,58.75
2013-10-08,58.67
2013-10-09,58.84
2013-10-10,59.76
2013-10-11,59.94
2013-10-14,59.59
2013-10-15,58.67
2013-10-16,58.89
2013-10-17,58.67
2013-10-18,58.67
2013-10-21,58.5
2013-10-22,58.67
2013-10-23,58.72
2013-10-24,58.5
2013-10-25,58.5
2013-10-28,58.67
2013-10-29,58.89
2013-10-30,58.97
2013-10-31,58.67
2013-11-01,58.89
2013-11-04,58.67
2013-11-05,58.67
2013-11-06,59.0
2013-11-07,60.5
2013-11-08,60.67
2013-11-11,60.5
2013-11-12,59.92
2013-11-13,60.06
2013-11-14,60.19
2013-11-18,60.23
2013-11-19,60.5
2013-11-20,60.67
2013-11-21,60.89
2013-11-22,60.96
2013-11-25,60.67
2013-11-26,59.56
2013-11-27,59.78
2013-11-28,59.89
2013-11-29,59.95
2013-12-02,59.97
2013-12-03,62.99
2013-12-04,62.94
2013-12-05,63.05
2013-12-06,63.57
2013-12-09,63.41
2013-12-10,63.73
2013-12-11,63.91
2013-12-12,62.05
2013-12-13,60.96
2013-12-16,60.48
2013-12-17,60.24
2013-12-18,60.12
2013-12-19,60.06
2013-12-20,60.03
2013-12-23,60.02
2013-12-26,60.01
2013-12-30,60.01
2014-01-02,60.01
2014-01-03,60.01
2014-01-06,57.18
2014-01-07,54.13
2014-01-08,53.82
2014-01-09,55.43
2014-01-10,55.72
2014-01-13,55.66
2014-01-14,56.25
2014-01-15,56.42
2014-01-16,55.5
2014-01-17,55.0
2014-01-20,54.75
2014-01-21,53.86
2014-01-22,53.01
2014-01-23,54.51
2014-01-24,54.75
2014-01-27,54.84
2014-01-28,53.45
2014-01-29,51.25
2014-01-30,51.75
2014-01-31,52.0
2014-02-03,52.0
2014-02-04,52.5
2014-02-05,52.67
2014-02-06,53.34
2014-02-07,53.5
2014-02-10,54.17
2014-02-11,54.56
2014-02-12,54.69
2014-02-13,54.46
2014-02-14,54.23
2014-02-17,54.12
2014-02-18,54.56
2014-02-19,55.6
2014-02-20,54.9
2014-02-21,55.43
2014-02-24,55.81
2014-02-25,56.11
2014-02-26,56.59
2014-02-27,56.67
2014-02-28,56.72
2014-03-05,56.41
2014-03-06,56.39
2014-03-07,57.55
2014-03-10,56.9
2014-03-11,56.47
2014-03-12,55.91
2014-03-13,56.35
2014-03-14,56.68
2014-03-17,56.23
2014-03-18,56.25
2014-03-19,56.59
2014-03-20,56.86
2014-03-21,56.57
2014-03-24,56.67
2014-03-25,56.34
2014-03-26,56.34
2014-03-27,55.28
2014-03-28,54.57
2014-03-31,54.86
2014-04-01,56.57
2014-04-02,56.5
2014-04-03,56.44
2014-04-04,56.75
2014-04-07,56.44
2014-04-08,54.09
2014-04-09,55.25
2014-04-11,55.19
2014-04-14,54.88
2014-04-15,56.88
2014-04-16,57.63
2014-04-17,57.88
2014-04-22,56.0
2014-04-23,55.75
2014-04-24,55.67
2014-04-25,55.82
2014-04-28,56.25
2014-04-29,57.5
2014-04-30,57.63
2014-05-02,56.0
2014-05-05,55.63
2014-05-06,56.32
2014-05-07,56.25
2014-05-08,56.42
2014-05-09,56.34
2014-05-12,56.17
2014-05-13,55.25
2014-05-14,57.17
2014-05-15,57.39
2014-05-16,57.0
2014-05-19,57.09
2014-05-20,58.17
2014-05-21,58.39
2014-05-22,59.22
2014-05-23,59.25
2014-05-26,59.23
2014-05-27,58.67
2014-05-28,58.56
2014-05-29,57.67
2014-05-30,58.84
2014-06-02,58.85
2014-06-03,57.92
2014-06-04,57.89
2014-06-05,57.61
2014-06-06,57.0
2014-06-09,56.75
2014-06-10,56.94
2014-06-11,57.0
2014-06-12,56.94
2014-06-13,56.3
2014-06-16,57.45
2014-06-17,57.02
2014-06-18,55.67
2014-06-20,57.38
2014-06-23,57.17
2014-06-24,56.25
2014-06-25,56.38
2014-06-26,58.17
2014-06-27,58.13
2014-06-30,57.34
2014-07-01,56.46
2014-07-02,55.68
2014-07-03,55.34
2014-07-04,55.17
2014-07-07,54.72
2014-07-08,54.36
2014-07-09,53.39
2014-07-10,52.6
2014-07-11,52.8
2014-07-14,52.5
2014-07-15,52.5
2014-07-16,52.5
2014-07-17,53.13
2014-07-18,53.17
2014-07-21,52.33
2014-07-22,52.75
2014-07-23,52.75
2014-07-24,53.67
2014-07-25,53.33
2014-07-28,53.67
2014-07-29,54.39
2014-08-04,54.67
2014-08-05,54.17
2014-08-06,54.17
2014-08-07,55.34
2014-08-08,55.5
2014-08-11,55.25
2014-08-12,54.37
2014-08-13,54.7
2014-08-14,54.83
2014-08-15,55.17
2014-08-18,55.13
2014-08-19,55.17
2014-08-20,55.38
2014-08-21,55.0
2014-08-22,55.0
2014-08-25,55.0
2014-08-26,54.33
2014-08-27,54.33
2014-08-28,54.25
2014-08-29,53.75
2014-09-01,54.0
2014-09-02,54.33
2014-09-03,53.67
2014-09-04,52.67
2014-09-05,51.56
2014-09-08,51.69
2014-09-09,52.85
2014-09-10,52.78
2014-09-11,50.93
2014-09-12,50.47
2014-09-15,51.0
2014-09-16,51.77
2014-09-17,52.02
2014-09-18,52.26
2014-09-19,52.42
2014-09-22,52.64
2014-09-23,52.88
2014-09-24,53.0
2014-09-25,53.0
2014-09-26,52.0
2014-09-29,52.0
2014-09-30,52.0
2014-10-01,51.67
2014-10-02,52.06
2014-10-03,52.19
2014-10-06,52.4
2014-10-07,52.3
2014-10-08,52.43
2014-10-09,51.81
2014-10-10,50.0
2014-10-13,50.0
2014-10-14,51.0
2014-10-15,51.33
2014-10-16,52.11
2014-10-17,53.04
2014-10-20,52.77
2014-10-21,52.76
2014-10-22,52.59
2014-10-23,52.67
2014-10-24,53.0
2014-10-27,53.67
2014-10-28,54.72
2014-10-29,54.67
2014-10-30,54.17
2014-10-31,54.56
2014-11-03,54.28
2014-11-04,53.76
2014-11-05,53.59
2014-11-06,53.53
2014-11-07,53.84
2014-11-10,52.45
2014-11-11,52.32
2014-11-12,53.77
2014-11-13,55.33
2014-11-14,55.0
2014-11-17,54.67
2014-11-18,54.34
2014-11-19,54.17
2014-11-20,54.17
2014-11-21,53.59
2014-11-24,53.3
2014-11-25,53.25
2014-11-26,53.4
2014-11-27,53.45
2014-11-28,53.48
2014-12-01,51.25
2014-12-02,51.13
2014-12-03,51.25
2014-12-04,51.5
2014-12-05,52.5
2014-12-08,52.67
2014-12-09,52.89
2014-12-10,52.96
2014-12-11,52.99
2014-12-12,53.0
2014-12-15,53.0
2014-12-16,54.0
2014-12-17,52.0
2014-12-18,50.93
2014-12-19,52.37
2014-12-22,52.94
2014-12-23,53.97
2014-12-26,54.49
2014-12-29,54.74
2014-12-30,53.87
2015-01-02,53.44
2015-01-05,53.15
2015-01-06,52.83
2015-01-07,53.44
2015-01-08,53.81
2015-01-09,52.94
2015-01-12,52.65
2015-01-13,51.33
2015-01-14,50.67
2015-01-15,47.33
2015-01-16,47.44
2015-01-19,47.48
2015-01-20,48.33
2015-01-21,48.61
2015-01-22,47.87
2015-01-23,48.0
2015-01-26,48.67
2015-01-27,47.84
2015-01-28,46.61
2015-01-29,46.37
2015-01-30,46.83
2015-02-02,46.67
2015-02-03,47.5
2015-02-04,48.75
2015-02-05,48.2
2015-02-06,47.73
2015-02-09,48.87
2015-02-10,49.46
2015-02-11,50.5
2015-02-12,50.67
2015-02-13,50.57
2015-02-18,51.19
2015-02-19,51.4
2015-02-20,52.3
2015-02-23,52.65
2015-02-24,52.55
2015-02-25,52.85
2015-02-26,53.28
2015-02-27,53.59
2015-03-02,53.8
2015-03-03,52.9
2015-03-04,52.83
2015-03-05,53.5
2015-03-06,54.0
2015-03-09,54.5
2015-03-10,55.5
2015-03-11,56.33
2015-03-12,57.0
2015-03-13,57.17
2015-03-16,57.17
2015-03-17,57.33
2015-03-18,57.67
2015-03-19,57.89
2015-03-20,57.83
2015-03-23,57.67
2015-03-24,55.83
2015-03-25,56.61
2015-03-26,57.83
2015-03-27,57.83
2015-03-30,57.25
2015-03-31,57.25
2015-04-01,57.25
2015-04-02,57.08
2015-04-06,56.03
2015-04-07,55.75
2015-04-08,55.67
2015-04-09,54.0
2015-04-10,53.25
2015-04-13,53.88
2015-04-14,54.5
2015-04-15,55.17
2015-04-16,54.25
2015-04-17,54.17
2015-04-20,54.17
2015-04-22,54.16
2015-04-23,54.73
2015-04-24,54.41
2015-04-27,52.8
2015-04-28,52.43
2015-04-29,52.64
2015-04-30,53.67
2015-05-04,54.63
2015-05-05,55.25
2015-05-06,55.17
2015-05-07,54.55
2015-05-08,54.58
2015-05-11,54.9
2015-05-12,54.17
2015-05-13,53.33
2015-05-14,53.63
2015-05-15,53.33
2015-05-18,53.5
2015-05-19,53.83
2015-05-20,52.94
2015-05-21,52.83
2015-05-22,52.83
2015-05-25,52.83
2015-05-26,53.17
2015-05-27,53.17
2015-05-28,53.88
2015-05-29,53.83
2015-06-01,54.17
2015-06-02,54.39
2015-06-03,54.13
2015-06-05,54.04
2015-06-08,53.35
2015-06-09,52.67
2015-06-10,52.83
2015-06-11,52.78
2015-06-12,53.27
2015-06-15,52.95
2015-06-16,53.0
2015-06-17,53.5
2015-06-18,53.44
2015-06-19,53.69
2015-06-22,53.69
2015-06-23,53.88
2015-06-24,53.75
2015-06-25,53.75
2015-06-26,53.5
2015-06-29,54.17
2015-06-30,55.0
2015-07-01,56.0
2015-07-02,56.0
2015-07-03,56.0
2015-07-06,55.73
2015-07-07,56.33
2015-07-08,56.11
2015-07-09,56.04
2015-07-10,57.35
2015-07-13,57.78
2015-07-14,57.17
2015-07-15,55.33
2015-07-16,56.0
2015-07-17,56.0
2015-07-20,57.67
2015-07-21,58.0
2015-07-22,58.33
2015-07-23,58.28
2015-07-24,58.09
2015-07-27,57.2
2015-07-28,57.17
2015-07-29,57.89
2015-07-30,58.3
2015-07-31,58.83
2015-08-03,58.33
2015-08-04,58.3
2015-08-05,58.4
2015-08-06,60.0
2015-08-07,59.33
2015-08-10,60.88
2015-08-11,61.17
2015-08-12,56.33
2015-08-13,57.33
2015-08-14,57.11
2015-08-17,57.37
2015-08-18,57.83
2015-08-19,57.83
2015-08-20,58.11
2015-08-21,57.31
2015-08-24,57.93
2015-08-25,58.64
2015-08-26,58.33
2015-08-27,58.33
2015-08-28,59.44
2015-08-31,60.0
2015-09-01,61.36
2015-09-02,62.17
2015-09-03,62.5
2015-09-04,62.33
2015-09-08,63.33
2015-09-09,63.78
2015-09-10,63.78
2015-09-11,63.89
2015-09-14,63.95
2015-09-18,65.0
2015-09-21,70.0
2015-09-22,70.0
2015-09-23,68.67
2015-09-24,67.67
2015-09-25,64.56
2015-09-28,66.33
2015-09-29,66.44
2015-09-30,67.15
2015-10-01,66.9
2015-10-02,66.17
2015-10-05,65.56
2015-10-06,64.25
2015-10-07,64.58
2015-10-08,63.79
2015-10-09,63.79
2015-10-15,69.0
2015-10-16,69.0
2015-10-19,68.5
2015-10-20,68.5
2015-10-21,69.67
2015-10-22,70.17
2015-10-23,69.33
2015-10-26,67.33
2015-10-27,67.44
2015-10-28,68.48
2015-10-29,66.87
2015-10-30,66.29
2015-11-03,66.1
2015-11-04,65.7
2015-11-05,65.57
2015-11-06,66.29
2015-11-09,65.76
2015-11-10,65.25
2015-11-11,64.08
2015-11-12,63.03
2015-11-13,63.52
2015-11-16,63.76
2015-11-17,63.75
2015-11-18,62.75
2015-11-19,62.25
2015-11-20,64.13
2015-11-23,65.07
2015-11-24,61.02
2015-11-25,60.01
2015-11-26,59.67
2015-11-27,60.0
2015-11-30,60.67
2015-12-01,61.72
2015-12-02,63.41
2015-12-03,63.97
2015-12-04,63.24
2015-12-07,62.87
2015-12-08,61.79
2015-12-09,62.15
2015-12-10,62.23
2015-12-11,62.27
2015-12-14,62.29
2015-12-15,62.65
2015-12-16,62.83
2015-12-17,62.42
2015-12-18,62.21
2015-12-21,62.11
2015-12-22,62.06
2015-12-23,62.03
2015-12-28,62.02
2015-12-29,62.33
2015-12-30,62.67
2016-01-04,62.67
2016-01-05,64.34
2016-01-06,64.78
2016-01-07,65.59
2016-01-08,66.8
2016-01-11,67.4
2016-01-12,68.2
2016-01-13,69.0
2016-01-14,67.0
2016-01-15,65.32
2016-01-18,65.32
2016-01-22,64.0
2016-01-25,65.3
2016-01-26,65.43
2016-01-27,65.22
2016-02-01,66.25
2016-02-02,65.58
2016-02-03,65.36
2016-02-04,63.29
2016-02-05,62.6
2016-02-10,61.3
2016-02-11,61.43
2016-02-12,61.48
2016-02-15,61.49
2016-02-16,61.49
2016-03-22,61.33
2016-03-30,59.56
2016-03-31,58.85
2016-04-11,58.77
2016-04-12,59.7
2016-04-13,59.1
2016-04-14,60.2
2016-04-15,60.5
2016-04-18,61.1
2016-04-19,61.6
2016-04-20,63.0
2016-04-22,63.0
2016-04-25,64.83
2016-04-26,66.38
2016-04-27,66.38
2016-04-28,67.5
2016-04-29,66.07
2016-05-02,66.69
2016-05-03,67.9
2016-05-04,68.97
2016-05-05,69.67
2016-05-06,69.67
2016-05-09,69.67
2016-05-10,71.5
2016-05-11,71.75
2016-05-12,72.03
2016-05-13,72.38
2016-05-16,72.25
2016-05-17,72.84
2016-05-18,74.5
2016-05-19,75.67
2016-05-20,75.89
2016-05-23,75.0
2016-05-24,76.47
2016-05-25,78.75
2016-05-27,79.0
2016-05-30,79.0
2016-05-31,78.25
2016-06-01,78.5
2016-06-02,83.0
2016-06-03,82.55
2016-06-06,82.73
2016-06-07,79.83
2016-06-08,81.42
2016-06-09,80.61
2016-06-10,82.84
2016-06-13,83.37
2016-06-14,82.76
2016-06-15,82.19
2016-06-16,81.73
2016-06-17,83.63
2016-06-20,81.17
2016-06-21,80.5
2016-06-22,79.95
2016-06-23,79.58
2016-06-24,79.58
2016-06-27,79.9
2016-06-28,80.0
2016-06-29,77.67
2016-06-30,77.33
2016-07-01,77.33
2016-07-04,76.92
2016-07-05,76.4
2016-07-06,73.57
2016-07-07,74.5
2016-07-08,75.41
2016-07-11,76.47
2016-07-12,74.93
2016-07-13,78.27
2016-07-14,77.76
2016-07-15,77.63
2016-07-18,77.32
2016-07-19,75.97
2016-07-20,74.19
2016-07-21,73.5
2016-07-22,73.0
2016-07-25,72.17
2016-07-26,71.72
2016-07-27,69.5
2016-07-28,68.0
2016-07-29,68.0
2016-08-01,66.4
2016-08-02,67.18
2016-08-03,68.9
2016-08-04,67.62
2016-08-05,66.48
2016-08-08,66.92
2016-08-09,65.81
2016-08-10,67.65
2016-08-11,67.75
2016-08-12,68.13
2016-08-15,67.7
2016-08-16,68.56
2016-08-17,68.7
2016-08-18,69.16
2016-08-19,69.06
2016-08-22,69.86
2016-08-23,71.93
2016-08-24,72.28
2016-08-25,68.25
2016-08-26,67.63
2016-08-29,67.88
2016-08-30,68.13
2016-08-31,66.7
2016-09-01,65.78
2016-09-02,66.33
2016-09-05,66.04
2016-09-06,65.6
2016-09-08,67.03
2016-09-09,68.11
2016-09-12,67.94
2016-09-13,69.7
2016-09-14,70.17
2016-09-15,67.83
2016-09-16,69.18
2016-09-19,68.78
2016-09-20,68.2
2016-09-21,68.8
2016-09-22,70.0
2016-09-23,68.75
2016-09-26,67.7
2016-09-27,67.6
2016-09-28,67.0
2016-09-29,67.65
2016-09-30,68.15
2016-10-03,67.37
2016-10-04,68.6
2016-10-05,68.58
2016-10-06,69.23
2016-10-07,68.48
2016-10-10,68.18
2016-10-11,67.4
2016-10-13,67.87
2016-10-14,67.87
2016-10-17,68.2
2016-10-18,69.08
2016-10-19,68.98
2016-10-20,68.5
2016-10-21,69.0
2016-10-24,68.43
2016-10-25,69.37
2016-10-26,67.86
2016-10-27,66.6
2016-10-28,67.32
2016-10-31,67.6
2016-11-01,66.53
2016-11-03,64.67
2016-11-04,64.0
2016-11-07,64.83
2016-11-08,63.33
2016-11-09,63.94
2016-11-10,63.48
2016-11-11,61.83
2016-11-14,61.44
2016-11-16,62.48
2016-11-17,62.83
2016-11-18,63.23
2016-11-21,62.67
2016-11-22,62.89
2016-11-23,63.95
2016-11-25,63.98
2016-11-28,63.33
2016-11-29,64.67
2016-11-30,63.0
2016-12-01,63.67
2016-12-02,64.34
2016-12-05,65.0
2016-12-06,64.83
2016-12-07,65.67
2016-12-09,64.84
2016-12-12,64.42
2016-12-13,64.71
2016-12-14,64.86
2016-12-15,64.86
2016-12-16,64.93
2016-12-19,64.97
2017-01-03,58.5
2017-01-04,59.75
2017-01-05,60.6
2017-01-06,60.75
2017-01-09,60.4
2017-01-10,59.6
2017-01-11,59.2
2017-01-12,58.0
2017-01-13,59.83
2017-01-16,59.88
2017-01-17,58.67
2017-01-18,61.0
2017-01-19,61.72
2017-01-20,61.26
2017-01-23,58.27
2017-01-24,57.67
2017-01-26,61.4
2017-01-27,60.0
2017-01-30,59.07
2017-01-31,58.14
2017-02-01,58.67
2017-02-02,58.0
2017-02-03,59.25
2017-02-06,58.89
2017-02-07,57.67
2017-02-08,60.15
2017-02-09,59.69
2017-02-10,60.75
2017-02-13,61.0
2017-02-14,60.25
2017-02-15,59.0
2017-02-16,58.5
2017-02-17,59.75
2017-02-20,59.5
2017-02-21,59.83
2017-02-22,58.46
2017-02-23,56.88
2017-02-24,56.46
2017-03-01,56.22
2017-03-02,57.34
2017-03-03,57.42
2017-03-06,57.81
2017-03-07,56.85
2017-03-08,57.03
2017-03-09,56.6
2017-03-10,55.5
2017-03-14,56.06
2017-03-15,56.64
2017-03-16,56.09
2017-03-17,55.65
2017-03-20,56.12
2017-03-21,55.19
2017-03-22,54.55
2017-03-23,54.4
2017-03-24,54.73
2017-03-27,52.83
2017-03-28,51.7
2017-03-29,52.25
2017-03-30,52.0
2017-03-31,52.13
2017-04-03,51.22
2017-04-04,50.2
2017-04-05,51.0
2017-04-06,50.82
2017-04-07,51.0
2017-04-10,49.67
2017-04-11,49.5
2017-04-12,50.5
2017-04-13,51.14
2017-04-17,51.33
2017-04-18,49.57
2017-04-19,50.89
2017-04-20,51.75
2017-04-24,51.22
2017-04-25,51.6
2017-04-26,53.5
2017-04-27,50.88
2017-04-28,52.13
2017-05-02,52.33
2017-05-03,53.56
2017-05-04,53.44
2017-05-05,54.02
2017-05-08,55.0
2017-05-09,55.33
2017-05-10,55.83
2017-05-11,54.5
2017-05-12,54.83
2017-05-15,53.22
2017-05-16,52.98
2017-05-17,52.98
2017-05-18,54.89
2017-05-19,54.67
2017-05-22,55.57
2017-05-23,54.44
2017-05-24,53.67
2017-05-25,54.0
2017-05-26,54.14
2017-05-29,54.33
2017-05-30,53.57
2017-05-31,51.98
2017-06-01,51.43
2017-06-02,51.83
2017-06-05,52.57
2017-06-06,53.75
2017-06-07,53.57
2017-06-08,53.5
2017-06-09,54.25
2017-06-12,54.93
2017-06-13,55.19
2017-06-14,54.38
2017-06-16,54.33
2017-06-19,54.77
2017-06-20,53.93
2017-06-21,54.29
2017-06-22,54.33
2017-06-23,53.86
2017-06-26,53.43
2017-06-27,53.4
2017-06-28,55.33
2017-06-29,55.5
2017-06-30,56.11
2017-07-03,56.86
2017-07-04,57.72
2017-07-05,58.45
2017-07-06,57.17
2017-07-07,57.07
2017-07-10,58.06
2017-07-11,58.4
2017-07-12,56.61
2017-07-13,55.46
2017-07-14,55.39
2017-07-17,54.35
2017-07-18,53.49
2017-07-19,54.52
2017-07-20,55.09
2017-07-21,54.54
2017-07-24,54.05
2017-07-25,53.59
2017-07-26,53.17
2017-07-27,54.86
2017-07-28,55.85
2017-07-31,54.97
2017-08-01,54.39
2017-08-02,54.36
2017-08-03,53.55
2017-08-04,53.23
2017-08-07,53.73
2017-08-08,54.47
2017-08-09,54.54
2017-08-10,53.07
2017-08-11,53.31
2017-08-14,53.76
2017-08-15,53.64
2017-08-16,53.14
2017-08-17,52.79
2017-08-18,53.02
2017-08-21,53.14
2017-08-22,53.6
2017-08-23,53.89
2017-08-24,53.59
2017-08-25,53.83
2017-08-28,53.99
2017-08-29,54.13
2017-08-30,53.54
2017-08-31,53.83
2017-09-01,53.83
2017-09-04,53.66
2017-09-05,54.99
2017-09-06,54.83
2017-09-08,54.91
2017-09-11,54.39
2017-09-12,53.49
2017-09-13,53.82
2017-09-14,55.22
2017-09-15,56.09
2017-09-18,55.93
2017-09-19,56.08
2017-09-20,55.62
2017-09-21,55.62
2017-09-22,55.51
2017-09-25,55.87
2017-09-26,56.29
2017-09-27,56.44
2017-09-28,56.2
2017-09-29,55.04
2017-10-02,55.04
2017-10-03,54.52
2017-10-04,54.67
2017-10-05,54.3
2017-10-06,53.92
2017-10-09,53.92
2017-10-10,55.05
2017-10-11,55.06
2017-10-13,55.07
2017-10-16,56.31
2017-10-17,56.31
2017-10-18,56.06
2017-10-19,56.06
2017-10-20,55.07
2017-10-23,55.04
2017-10-24,56.02
2017-10-25,56.44
2017-10-26,55.82
2017-10-27,56.02
2017-10-30,55.87
2017-10-31,56.2
2017-11-01,57.21
2017-11-03,56.92
2017-11-06,56.94
2017-11-07,57.25
2017-11-08,58.54
2017-11-09,58.46
2017-11-10,57.58
2017-11-13,57.5
2017-11-14,57.64
2017-11-16,57.41
2017-11-17,57.3
2017-11-20,57.9
2017-11-21,58.17
2017-11-22,57.96
2017-11-23,58.56
2017-11-24,57.68
2017-11-27,57.77
2017-11-28,57.04
2017-11-29,57.53
2017-11-30,58.63
2017-12-01,57.85
2017-12-04,58.19
2017-12-05,59.06
2017-12-06,58.83
2017-12-07,59.43
2017-12-08,58.38
2017-12-11,58.48
2017-12-12,58.47
2017-12-13,58.34
2017-12-14,58.5
2017-12-15,58.22
2017-12-18,57.74
2017-12-19,57.82
2017-12-20,57.47
2017-12-21,56.98
2017-12-22,56.21
2017-12-26,56.39
2017-12-27,56.63
2017-12-28,56.71
2018-01-02,56.83
2018-01-03,56.86
2018-01-04,56.3
2018-01-05,56.0
2018-01-08,55.71
2018-01-09,55.86
2018-01-10,55.57
2018-01-11,55.71
2018-01-12,54.28
2018-01-15,54.75
2018-01-16,55.25
2018-01-17,55.25
2018-01-18,55.0
2018-01-19,54.0
2018-01-23,57.18
2018-01-24,55.5
2018-01-25,56.35
2018-01-26,56.26
2018-01-29,56.84
2018-01-30,55.8
2018-01-31,55.8
2018-02-01,54.48
2018-02-02,54.81
2018-02-05,56.14
2018-02-06,56.05
2018-02-07,56.13
2018-02-08,56.78
2018-02-09,56.47
2018-02-14,58.07
2018-02-15,59.4
2018-02-16,59.28
2018-02-19,59.85
2018-02-20,59.08
2018-02-21,59.15
2018-02-22,59.15
2018-02-23,60.07
2018-02-26,59.88
2018-02-27,59.68
2018-02-28,59.88
2018-03-01,63.6
2018-03-02,64.0
2018-03-05,63.83
2018-03-06,64.25
2018-03-07,64.25
2018-03-08,64.33
2018-03-09,64.0
2018-03-12,64.88
2018-03-13,64.2
2018-03-14,63.83
2018-03-15,64.0
2018-03-16,63.83
2018-03-19,63.0
2018-03-20,62.4
2018-03-21,62.27
2018-03-22,62.17
2018-03-23,62.17
2018-03-26,63.5
2018-03-27,64.5
2018-03-28,64.29
2018-03-29,65.29
2018-04-02,66.5
2018-04-03,66.14
2018-04-04,67.29
2018-04-05,68.5
2018-04-06,68.5
2018-04-09,70.0
2018-04-10,71.22
2018-04-11,70.5
2018-04-12,70.48
2018-04-13,68.59
2018-04-16,69.26
2018-04-17,68.72
2018-04-18,67.53
2018-04-19,67.58
2018-04-20,69.0
2018-04-23,69.0
2018-04-24,69.47
2018-04-25,69.79
2018-04-26,69.66
2018-04-27,69.66
2018-04-30,70.41
2018-05-02,70.57
2018-05-03,70.94
2018-05-04,70.72
2018-05-07,70.0
2018-05-08,69.44
2018-05-09,71.61
2018-05-10,70.65
2018-05-11,70.23
2018-05-14,71.28
2018-05-15,71.04
2018-05-16,68.08
2018-05-17,68.01
2018-05-18,71.67
2018-05-21,71.87
2018-05-22,71.58
2018-05-23,71.54
2018-05-24,71.55
2018-05-25,70.91
2018-05-28,71.74
2018-05-29,72.25
2018-05-30,72.25
2018-07-09,68.83
2018-07-10,70.03
2018-07-11,70.08
2018-07-12,70.52
2018-07-13,69.92
2018-07-16,71.64
2018-07-17,71.08
2018-07-18,71.31
2018-07-19,71.63
2018-07-20,70.52
2018-07-23,69.84
2018-07-24,69.84
2018-07-25,69.59
2018-07-26,69.66
2018-07-27,69.82
2018-07-30,70.32
2018-07-31,70.48
2018-08-01,69.57
2018-08-02,70.07
2018-08-03,70.38
2018-08-06,70.32
2018-08-07,69.92
2018-08-08,69.1
2018-08-09,70.99
2018-08-10,71.62
2018-08-13,71.39
2018-08-14,71.37
2018-08-15,71.95
2018-08-16,71.93
2018-08-17,72.36
2018-08-20,71.74
2018-08-21,71.33
2018-08-22,69.79
2018-08-23,69.21
2018-08-24,69.78
2018-08-27,70.21
2018-08-28,69.4
2018-08-29,70.16
2018-08-30,70.39
2018-08-31,70.25
2018-09-03,69.93
2018-09-04,70.93
2018-09-05,73.01
2018-09-06,72.68
2018-09-10,72.06
2018-09-11,72.93
2018-09-12,73.3
2018-09-13,74.05
2018-09-14,73.74
2018-09-17,72.97
2018-09-18,73.41
2018-09-19,71.84
2018-09-20,72.53
2018-09-21,73.61
2018-09-24,72.26
2018-09-25,73.97
2018-09-26,74.16
2018-09-27,74.18
2018-09-28,72.2
2018-10-01,75.6
2018-10-02,74.72
2018-10-03,72.27
2018-10-04,72.81
2018-10-05,70.64
2018-10-08,69.44
2018-10-09,71.62
2018-10-10,70.17
2018-10-11,70.04
2018-10-15,69.26
2018-10-16,69.61
2018-10-17,70.78
2018-10-18,68.19
2018-10-19,67.43
2018-10-22,66.08
2018-10-23,67.28
2018-10-24,66.8
2018-10-25,66.69
2018-10-26,65.56
2018-10-29,64.44
2018-10-30,65.26
2018-10-31,65.51
2018-11-01,65.52
2018-11-05,64.97
2018-11-06,65.68
2018-11-07,65.79
2018-11-08,65.24
2018-11-09,64.42
2018-11-12,64.0
2018-11-13,63.85
2018-11-14,64.19
2018-11-16,64.0
2018-11-19,63.0
2018-11-20,62.67
2018-11-21,63.4
2018-11-22,64.69
2018-11-23,62.5
2018-11-26,61.96
2018-11-27,62.94
2018-11-28,61.84
2018-11-29,62.13
2018-11-30,63.36
2018-12-03,63.55
2018-12-04,63.03
2018-12-05,62.7
2018-12-06,62.77
2018-12-07,62.9
2018-12-10,62.86
2018-12-11,63.03
2018-12-12,63.03
2018-12-19,59.73
2018-12-20,59.73
2018-12-21,60.06
2018-12-26,60.28
2018-12-27,59.56
2018-12-28,58.74
2019-01-02,59.07
2019-01-08,59.81
2019-01-09,60.16
2019-01-10,59.6
2019-01-11,59.32
2019-01-14,59.7
2019-01-15,59.86
2019-01-16,59.63
2019-01-17,59.53
2019-01-18,60.74
2019-01-21,61.22
2019-01-22,60.28
2019-01-23,60.28
2019-01-24,59.77
2019-01-25,62.49
2019-01-28,60.97
2019-01-29,60.97
2019-01-30,61.47
2019-01-31,61.22
2019-02-01,61.3
2019-02-04,60.13
2019-02-05,59.22
2019-02-06,60.01
2019-02-07,61.05
2019-02-08,61.32
2019-02-11,62.86
2019-02-12,61.55
2019-02-13,60.67
2019-02-14,60.98
2019-02-15,61.4
2019-02-18,61.7
2019-02-19,61.11
2019-02-20,60.77
2019-02-21,62.76
2019-02-22,61.81
2019-02-25,61.81
2019-02-26,60.5
2019-02-27,62.01
2019-02-28,62.01
2019-03-01,62.66
2019-03-06,62.0
2019-03-07,62.6
2019-03-08,63.35
2019-03-11,62.4
2019-03-12,62.2
2019-03-13,62.76
2019-03-14,62.76
2019-03-15,63.17
2019-03-18,62.7
2019-03-19,63.1
2019-03-20,63.1
2019-03-21,63.1
2019-03-22,63.89
2019-03-25,63.73
2019-03-26,63.89
2019-03-27,64.06
2019-03-28,64.06
2019-03-29,61.09
2019-04-01,60.69
2019-04-02,62.08
2019-04-03,62.43
2019-04-04,62.62
2019-04-05,62.62
2019-04-08,62.52
2019-04-09,60.59
2019-04-10,61.89
2019-04-11,62.38
2019-04-12,62.06
2019-04-15,62.72
2019-04-16,62.88
2019-04-17,61.67
2019-04-18,61.67
2019-04-22,62.79
2019-04-23,63.48
2019-04-24,62.83
2019-04-25,62.66
2019-04-26,60.23
2019-04-29,61.1
2019-04-30,61.25
2019-05-02,59.49
2019-05-03,58.85
2019-05-06,59.36
2019-05-07,59.75
2019-05-08,59.17
2019-05-09,59.18
2019-05-10,58.81
2019-05-13,59.01
2019-05-14,60.57
2019-05-15,62.74
2019-05-16,62.92
2019-05-17,64.53
2019-05-20,64.22
2019-05-21,64.24
2019-05-22,64.12
2019-05-23,63.26
2019-05-24,64.09
2019-05-27,63.63
2019-05-28,63.87
2019-05-29,65.59
2019-05-30,65.59
2019-05-31,65.46
2019-06-03,63.91
2019-06-04,64.28
2019-06-05,63.98
2019-06-06,63.81
2019-06-07,64.06
2019-06-10,63.87
2019-06-11,63.68
2019-06-12,64.46
2019-06-13,64.51
2019-06-14,65.31
2019-06-17,66.12
2019-06-18,66.22
2019-06-19,64.82
2019-06-21,65.24
2019-06-24,65.01
2019-06-25,65.0
2019-06-26,64.82
2019-06-27,64.58
2019-06-28,65.06
2019-07-01,63.54
2019-07-02,63.24
2019-07-03,64.54
2019-07-04,63.65
2019-07-05,62.44
2019-07-08,62.22
2019-07-09,62.19
2019-07-10,64.06
2019-07-11,64.1
2019-07-12,65.11
2019-07-15,63.87
2019-07-16,63.55
2019-07-17,62.46
2019-07-18,62.23
2019-07-19,63.87
2019-07-22,62.6
2019-07-23,62.68
2019-07-24,63.29
2019-07-25,63.17
2019-07-26,62.51
2019-07-29,63.37
2019-07-30,64.22
2019-07-31,62.34
2019-08-01,62.4
2019-08-02,64.37
2019-08-05,64.98
2019-08-06,64.98
2019-08-07,67.06
2019-08-08,66.79
2019-08-09,67.25
2019-08-12,68.32
2019-08-13,69.03
2019-08-14,69.86
2019-08-15,70.03
2019-08-16,69.86
2019-08-19,69.03
2019-08-20,70.11
2019-08-21,70.56
2019-08-22,70.11
2019-08-23,72.02
2019-08-26,72.04
2019-08-27,71.71
2019-08-28,71.88
2019-08-29,72.67
2019-08-30,72.49
2019-09-02,74.93
2019-09-03,72.17
2019-09-04,72.29
2019-09-05,72.17
2019-09-06,70.65
2019-09-09,69.71
2019-09-10,70.8
2019-09-11,71.24
2019-09-12,71.21
2019-09-13,70.22
2019-09-16,71.56
2019-09-17,71.29
2019-09-18,70.05
2019-09-19,70.05
2019-09-20,72.13
2019-09-23,73.26
2019-09-24,72.9
2019-09-25,72.59
2019-09-26,72.74
2019-09-27,71.74
2019-09-30,72.96
2019-10-01,73.16
2019-10-02,72.46
2019-10-03,72.02
2019-10-04,70.96
2019-10-07,71.15
2019-10-08,72.23
2019-10-09,72.26
2019-10-10,72.22
2019-10-11,72.35
2019-10-14,73.46
2019-10-15,73.46
2019-10-16,73.95
2019-10-17,73.95
2019-10-18,74.4
2019-10-21,74.75
2019-10-22,74.99
2019-10-23,72.78
2019-10-24,74.45
2019-10-25,73.18
2019-10-28,72.08
2019-10-29,71.97
2019-10-30,73.01
2019-10-31,73.12
2019-11-01,72.25
2019-11-04,73.21
2019-11-05,73.3
2019-11-06,72.56
2019-11-07,73.06
2019-11-08,75.28
2019-11-11,74.6
2019-11-12,74.91
2019-11-13,74.55
2019-11-14,74.22
2019-11-18,75.15
2019-11-19,74.82
2019-11-20,75.15
2019-11-21,75.03
2019-11-22,75.03
2019-11-25,74.63
2019-11-26,75.83
2019-11-27,75.91
2019-11-28,74.62
2019-11-29,74.81
2019-12-02,75.18
2019-12-03,74.11
2019-12-04,75.31
2019-12-05,75.51
2019-12-06,75.51
2019-12-09,75.91
2019-12-10,76.11
2019-12-11,73.95
2019-12-12,73.79
2019-12-13,74.31
2019-12-16,74.18
2019-12-17,75.22
2019-12-18,74.88
2019-12-19,74.96
2019-12-20,74.98
2019-12-23,74.98
2019-12-26,74.98
2019-12-27,74.98
2019-12-30,74.98
2020-01-02,74.98
2020-01-03,74.98
2020-01-06,71.36
2020-01-07,72.72
2020-01-08,72.64
2020-01-09,72.52
2020-01-10,72.92
2020-01-13,72.92
2020-01-14,73.52
2020-01-15,73.44
2020-01-16,73.44
2020-01-17,74.38
2020-01-20,74.69
2020-01-21,73.25
2020-01-22,73.06
2020-01-23,72.38
2020-01-24,71.49
2020-01-27,70.41
2020-01-28,71.14
2020-01-29,72.44
2020-01-30,73.18
2020-01-31,72.96
2020-02-03,71.89
2020-02-04,72.53
2020-02-05,71.15
2020-02-06,71.71
2020-02-07,72.14
2020-02-10,72.12
2020-02-11,72.12
2020-02-12,73.19
2020-02-13,72.93
2020-02-14,72.96
2020-02-17,73.04
2020-02-18,73.19
2020-02-19,72.98
2020-02-20,72.72
2020-02-21,73.53
2020-02-26,74.85
2020-02-27,75.52
2020-02-28,74.32
2020-03-02,74.83
2020-03-03,75.07
2020-03-04,76.11
2020-03-05,76.31
2020-03-06,75.71
2020-03-09,76.43
2020-03-10,75.91
2020-03-11,76.11
2020-03-12,76.31
2020-03-13,75.85
2020-03-16,75.91
2020-03-17,75.91
2020-03-18,80.84
2020-03-19,79.51
2020-03-20,81.08
2020-03-26,80.53
2020-03-30,83.2
2020-03-31,83.2
2020-04-01,83.31
2020-04-02,83.01
2020-04-03,82.91
2020-04-07,81.84
2020-04-08,81.84
2020-04-09,82.84
2020-04-13,83.58
2020-04-14,83.12
2020-04-15,84.95
2020-04-16,83.83
2020-04-17,84.51
2020-04-20,85.2
2020-04-22,86.97
2020-04-23,88.23
2020-04-24,90.64
2020-05-07,93.99
2020-05-08,93.99
2020-05-11,94.74
2020-05-12,95.34
2020-05-13,96.7
2020-05-14,96.82
2020-05-15,95.73
2020-05-18,95.73
2020-05-19,95.74
2020-05-20,95.23
2020-05-21,95.23
2020-05-22,94.18
2020-05-25,94.18
2020-05-26,91.98
2020-05-27,89.3
2020-05-28,89.96
2020-05-29,91.24
2020-06-01,93.0
2020-06-02,91.25
2020-06-03,88.67
2020-06-15,93.36
2020-06-16,93.36
2020-06-17,97.03
2020-06-18,99.54
2020-06-19,99.0
2020-06-22,101.58
2020-06-23,99.2
2020-06-24,98.54
2020-06-25,102.09
2020-06-26,98.54
2020-06-29,102.37
2020-06-30,104.03
2020-07-01,103.25
2020-07-02,103.66
2020-07-08,105.2
2020-07-09,104.86
2020-07-10,104.86
2020-07-13,103.33
2020-07-14,103.53
2020-07-15,103.53
2020-07-16,103.75
2020-07-17,105.82
2020-07-20,106.78
2020-07-21,102.2
2020-07-22,101.87
2020-07-23,102.2
2020-07-24,103.2
2020-07-27,103.86
2020-07-28,102.2
2020-07-29,102.2
2020-07-30,103.2
2020-07-31,108.19
2020-08-03,108.52
2020-08-04,107.19
2020-08-05,106.03
2020-08-06,109.27
2020-08-07,111.69
2020-08-10,111.19
2020-08-11,111.69
2020-08-12,113.19
2020-08-13,115.38
2020-08-14,116.89
2020-08-17,117.74
2020-08-18,118.48
2020-08-26,122.51
2020-08-27,124.1
2020-08-28,123.71
2020-08-31,124.49
2020-09-01,123.04
2020-09-02,125.57
2020-09-03,127.24
2020-09-04,128.3
2020-09-08,124.65
2020-09-09,122.71
2020-09-10,122.46
2020-09-11,122.34
2020-09-14,127.83
2020-09-15,127.83
2020-09-16,129.83
2020-09-17,130.83
2020-09-18,137.82
2020-09-21,136.06
2020-09-22,139.45
2020-09-23,144.01
2020-09-24,144.01
2020-09-25,138.82
2020-09-28,141.48
2020-10-05,143.15
2020-11-04,156.76
2020-11-05,157.13
2020-11-06,160.24
2020-11-09,160.12
2020-11-10,160.12
2020-11-11,160.12
2021-01-06,147.28
2021-01-07,147.28
2021-01-08,149.92
2021-01-11,151.61
2021-01-12,151.61
2021-01-13,154.48
2021-01-14,150.61
2021-01-15,149.95
2021-02-12,150.98
2021-02-18,149.64
2021-02-19,152.53
2021-02-22,153.93
2021-02-23,154.86
2021-02-24,150.31
2021-02-25,150.64
2021-02-26,152.86
2021-03-01,155.6
2021-03-02,160.31
2021-03-03,161.64
2021-03-04,159.86
2021-03-05,161.95
2021-03-08,163.55
2021-03-09,165.16
2021-03-10,161.64
2021-03-11,159.31
2021-03-12,158.59
2021-03-15,157.57
2021-03-16,156.67
2021-03-17,155.95
2021-03-18,153.64
2021-03-19,154.6
2021-03-22,154.96
2021-03-23,155.63
2021-03-24,157.18
2021-03-25,157.3
2021-03-26,157.74
2021-03-30,153.93
2021-03-31,156.25
2021-04-01,156.96
2021-04-05,157.92
2021-04-06,157.92
2021-04-07,157.95
2021-04-08,156.63
2021-04-09,156.33
2021-04-12,157.55
2021-04-13,157.42
2021-04-14,157.12
2021-04-15,156.92
2021-04-16,159.07
2021-04-19,161.07
2021-04-20,162.42
2021-04-22,167.92
2021-04-23,166.92
2021-04-26,167.57
2021-04-27,164.39
2021-04-28,159.94
2021-04-29,157.96
2021-04-30,160.3
2021-05-03,163.13
2021-05-04,165.07
2021-05-05,163.4
2021-05-06,165.04
2021-05-07,166.6
2021-05-10,165.03
2021-05-11,167.45
2021-05-12,168.64
2021-05-13,168.62
2021-05-14,163.68
2021-05-17,161.98
2021-05-18,159.46
2021-05-19,158.12
2021-05-20,156.84
2021-05-21,157.65
2021-05-24,157.06
2021-05-25,156.28
2021-05-26,156.41
2021-05-27,156.77
2021-05-28,156.69
2021-05-31,158.35
2021-06-01,158.35
2021-06-02,157.42
2021-06-04,157.9
2021-06-07,157.9
2021-06-08,159.47
2021-06-09,158.13
2021-06-10,156.91
2021-06-11,154.27
2021-06-14,147.16
2021-06-15,145.36
2021-06-16,143.62
2021-06-17,134.51
2021-06-18,129.95
2021-06-28,135.9
2021-06-29,135.95
2021-06-30,135.95
2021-07-01,144.45
2021-07-02,147.28
2021-07-06,148.39
2021-07-08,147.14
2021-07-09,147.39
2021-07-12,147.89
2021-07-13,148.9
2021-07-14,153.13
2021-07-15,154.18
2021-07-16,155.38
2021-07-19,158.33
2021-07-20,159.88
2021-07-21,159.92
2021-07-22,157.6
2021-07-23,159.16
2021-08-02,154.38
2021-08-03,156.48
2021-08-04,156.13
2021-08-05,156.13
2021-08-06,161.0
2021-08-09,158.95
2021-08-10,161.84
2021-08-11,160.85
2021-08-12,163.6
2021-08-13,163.82
2021-08-16,164.56
2021-08-17,166.64
2021-08-24,163.26
2021-08-25,163.59
2021-08-26,164.09
2021-08-27,161.32
2021-08-30,160.56
2021-08-31,160.31
2021-09-21,163.6
2021-09-22,163.66
2021-09-23,162.84
2021-09-24,160.92
2021-09-27,161.58
2021-09-28,162.14
2021-09-29,161.58
2021-09-30,156.39
2021-10-01,149.75
2021-10-04,150.87
2021-10-05,156.9
2021-10-06,157.75
2021-10-07,155.26
2021-10-08,158.53
2021-10-11,158.46
2021-10-13,152.26
2021-10-14,153.92
2021-10-15,154.26
2021-10-18,154.59
2021-10-19,155.92
2021-10-20,159.25
2021-10-21,157.7
2021-10-22,156.68
2021-10-25,155.32
2021-10-26,156.02
2021-10-27,154.96
2021-10-28,152.59
2021-10-29,153.24
2021-11-01,152.9
2021-11-03,152.24
2021-11-04,149.45
2021-11-05,144.76
2021-11-08,142.19
2021-11-11,141.0
2021-11-12,140.67
2021-11-16,145.67
2021-11-17,147.49
2021-11-18,148.07
2021-11-19,148.23
2022-01-06,157.55
2022-01-07,156.77
2022-01-10,156.51
2022-01-11,154.0
2022-01-12,153.89
2022-01-13,152.89
2022-01-14,154.89
2022-01-17,154.89
2022-01-18,153.22
2022-01-19,154.89
2022-01-20,154.33
2022-01-21,156.23
2022-01-24,156.87
2022-01-28,166.32
2022-01-31,169.65
2022-02-01,168.79
2022-02-02,170.18
2022-02-03,175.84
2022-02-04,177.72
2022-02-08,178.26
2022-02-09,176.52
2022-02-10,175.06
2022-02-11,176.13
2022-02-14,175.28
2022-02-15,173.19
2022-02-16,173.53
2022-02-17,173.53
2022-02-18,175.75
2022-02-21,176.49
2022-02-22,176.74
2022-03-03,184.7
2022-03-04,180.7
2022-03-07,180.79
2022-03-08,185.76
2022-03-09,182.24
2022-03-10,181.75
2022-03-11,182.74
2022-03-14,181.47
2022-03-15,182.38
2022-03-22,181.34
2022-03-23,178.7
2022-03-24,176.12
2022-04-25,169.51
2022-04-26,170.18
2022-04-27,171.12
2022-04-28,171.62
2022-04-29,171.84
2022-05-02,171.17
2022-05-03,171.17
2022-05-04,171.83
2022-05-05,170.4
2022-05-06,170.22
2022-05-09,169.1
2022-05-10,168.35
2022-05-11,169.1
2022-05-12,171.16
2022-05-13,171.6
2022-05-16,173.8
2022-05-17,169.82
2022-05-18,168.82
2022-05-19,168.82
2022-05-20,168.99
2022-05-23,167.72
2022-05-24,166.07
2022-05-25,165.58
2022-05-26,167.41
2022-05-27,168.02
2022-06-03,160.7
2022-06-06,162.48
2022-06-07,165.03
2022-06-14,168.82
2022-06-15,168.82
2022-06-17,168.96
2022-06-20,168.33
2022-06-21,166.82
2022-06-22,162.82
2022-06-23,158.33
2022-06-24,160.09
2022-06-27,160.76
2022-06-28,162.59
2022-06-29,164.54
2022-06-30,164.66
2022-07-01,164.11
2022-07-04,163.92
2022-07-05,155.5
2022-07-06,157.84
2022-07-07,160.23
2022-07-08,162.06
2022-07-11,160.5
2022-07-12,162.97
2022-07-13,163.9
2022-07-14,163.9
2022-07-15,163.9
2022-07-18,166.5
2022-07-19,166.5
2022-07-20,162.98
2022-07-21,156.96
2022-07-22,158.74
2022-07-25,158.74
2022-07-26,160.37
2022-07-27,164.13
2022-07-28,164.13
2022-07-29,164.16
2022-08-01,160.0
2022-08-02,158.61
2022-08-03,158.15
2022-08-05,158.74
2022-08-08,155.88
2022-08-09,155.88
2022-08-10,160.65
2022-08-11,160.65
2022-08-12,161.6
2022-08-15,160.61
2022-08-16,159.27
2022-08-17,158.67
2022-08-18,156.88
2022-08-19,161.73
2022-08-22,163.12
2022-08-23,163.62
2022-08-24,164.82
2022-08-25,162.22
2022-08-26,162.62
2022-08-29,160.21
2022-08-30,162.44
2022-08-31,161.6
2022-09-01,161.62
2022-09-02,161.45
2022-09-05,161.19
2022-09-06,162.45
2022-09-08,159.25
2022-09-09,158.25
2022-09-12,159.09
2022-09-13,159.09
2022-09-14,157.75
2022-09-15,159.66
2022-09-16,159.66
2022-09-19,158.34
2022-09-20,159.86
2022-09-21,159.66
2022-09-22,156.94
2022-09-23,156.94
2022-09-26,155.65
2022-09-27,155.15
2022-09-28,155.15
2022-09-30,151.55
2022-10-03,150.57
2022-10-04,149.25
2022-10-05,151.01
2022-10-06,151.01
2022-10-07,151.01
2022-10-10,151.6
2022-10-11,151.6
2022-10-13,163.63
2022-10-14,162.59
2022-10-17,162.59
2022-10-18,160.4
2022-10-19,162.27
2022-10-20,162.27
2022-10-21,162.67
2022-10-24,162.47
2022-10-25,159.96
2022-10-26,158.7
2022-10-27,160.56
2022-10-28,156.45
2022-10-31,156.55
2022-11-01,156.54
2022-11-03,156.54
2022-11-04,156.54
2022-11-07,156.34
2022-11-08,155.38
2022-11-09,154.9
2022-11-10,163.33
2022-11-11,161.88
2022-11-14,154.16
2022-11-16,154.49
2022-11-17,155.02
2022-11-18,152.96
2022-11-21,152.43
2022-11-22,152.43
2022-11-23,153.89
2022-11-24,153.05
2022-11-25,153.56
2022-11-28,154.49
2022-11-29,155.45
2022-11-30,156.92
2022-12-01,158.72
2022-12-02,156.92
2022-12-05,154.29
2022-12-06,155.03
2022-12-07,156.02
2022-12-08,156.02
2022-12-09,158.02
2022-12-12,158.09
2022-12-13,158.09
2022-12-14,158.02
2022-12-15,159.71
2022-12-16,159.56
2022-12-19,155.93
2023-01-03,154.1
2023-01-04,154.1
2023-01-05,154.1
2023-01-06,146.62
2023-01-09,147.39
2023-01-10,146.74
2023-01-11,147.42
2023-01-12,147.91
2023-01-13,147.94
2023-01-16,146.5
2023-01-17,148.83
2023-01-18,148.66
2023-01-19,147.61
2023-01-20,148.43
2023-01-25,146.57
2023-01-26,144.17
2023-01-27,143.88
2023-01-30,145.45
2023-01-31,146.04
2023-02-01,146.25
2023-02-07,149.43
2023-02-09,149.6
2023-02-10,150.82
2023-02-13,150.58
2023-02-14,150.66
2023-02-15,150.2
2023-02-16,149.59
2023-02-17,149.19
2023-02-22,148.84
2023-02-23,148.76
2023-02-24,146.91
2023-02-27,147.54
2023-02-28,145.78
2023-03-01,145.67
2023-03-02,142.31
2023-03-03,142.31
2023-03-06,145.81
2023-03-07,146.22
2023-03-08,146.42
2023-03-09,143.06
2023-03-10,141.26
2023-03-13,142.6
2023-03-14,142.63
2023-03-15,144.31
2023-03-16,144.31
2023-03-17,141.02
2023-03-20,141.1
2023-03-21,138.52
2023-03-22,139.05
2023-03-23,132.46
2023-03-24,127.21
2023-03-27,124.35
2023-03-30,128.44
2023-03-31,128.48
2023-04-03,131.22
2023-04-04,131.33
2023-04-05,131.37
2023-04-06,130.62
2023-04-10,126.7
2023-04-11,126.73
2023-04-12,128.97
2023-04-13,129.46
2023-04-14,121.49
2023-04-19,119.59
2023-04-20,118.28
2023-04-24,134.26
2023-04-25,134.26
2023-04-26,108.79
2023-04-27,108.81
2023-04-28,115.66
2023-05-02,112.53
2023-05-03,113.01
2023-05-04,113.14
2023-05-05,114.93
2023-05-10,113.19
2023-05-11,113.2
2023-05-12,111.49
2023-05-15,114.17
2023-05-16,114.55
2023-05-17,110.82
2023-05-18,110.84
2023-05-19,110.93
2023-05-22,110.93
2023-05-23,109.96
2023-05-24,109.84
2023-05-25,108.34
2023-05-26,108.42
2023-05-29,106.88
2023-05-30,108.08
2023-05-31,105.94
2023-06-02,106.43
2023-06-05,108.15
2023-06-06,107.48
2023-06-07,107.0
2023-06-09,107.99
2023-06-12,110.93
2023-06-13,109.79
2023-06-14,108.81
2023-06-15,108.84
2023-06-16,108.88
2023-06-21,107.42
2023-06-22,107.45
2023-06-23,107.45
2023-06-26,107.45
2023-06-27,103.61
2023-07-03,108.52
2023-07-04,108.79
2023-07-05,108.78
2023-07-06,108.41
2023-07-07,110.08
2023-07-19,119.0
2023-07-20,119.0
2023-07-24,121.04
2023-07-25,121.05
2023-07-26,120.05
2023-07-27,120.06
2023-07-28,120.05
2023-09-13,118.2
2023-09-14,117.6
2023-09-15,117.62
2023-09-18,115.69
2023-09-19,114.41
2023-09-20,115.02
2023-09-21,115.34
2023-09-22,115.06
2023-09-25,116.59
2023-09-26,116.61
2023-09-27,117.78
2023-09-28,117.79
2023-09-29,117.47
2023-10-02,114.19
2023-10-03,115.14
2023-10-04,118.76
2023-10-05,118.76
2023-10-06,117.44
2023-10-09,115.33
2023-10-10,113.35
2023-10-11,113.03
2023-10-13,113.63
2023-10-16,113.67
2023-10-17,115.92
2023-10-18,115.93
2023-10-19,116.82
2023-10-20,117.06
2023-10-23,116.18
2023-10-24,116.12
2023-10-25,113.73
2023-10-26,115.56
2023-10-27,115.7
2023-10-30,115.47
2023-10-31,115.03
2023-11-01,115.36
2023-11-03,115.1
2023-11-06,119.27
2023-11-07,118.74
2023-11-08,118.24
2023-11-09,116.36
2023-11-10,115.92
2023-11-13,116.1
2023-11-14,116.69
2023-11-16,116.75
2023-11-17,116.2
2023-11-20,115.65
2023-11-21,117.47
2023-11-22,117.33
2023-11-23,117.62
2023-11-24,115.49
2023-11-27,116.9
2023-11-28,116.34
2023-11-29,116.52
2023-11-30,115.71
2023-12-01,115.39
2023-12-04,113.93
2023-12-05,112.8
2023-12-06,112.52
2023-12-07,116.83
2023-12-08,115.87
2023-12-11,117.22
2023-12-12,117.53
2023-12-13,117.83
2023-12-14,117.61
2023-12-15,117.62
2023-12-18,114.71
2023-12-19,115.73
2023-12-20,116.4
2023-12-21,116.41
2023-12-22,116.29
2023-12-26,116.29
2023-12-27,116.29
2023-12-28,116.29
2024-01-02,116.27
2024-01-03,117.38
2024-01-04,117.39
2024-01-05,117.02
2024-01-08,104.54
2024-01-09,104.54
2024-01-10,102.49
2024-01-11,102.5
2024-01-12,102.5
2024-01-15,103.5
2024-01-16,103.52
2024-01-17,103.53
2024-01-18,103.53
2024-01-19,100.88
2024-01-22,99.56
2024-01-23,100.15
2024-01-24,102.88
2024-01-25,102.8
2024-01-26,102.8
2024-02-02,98.84
2024-02-05,98.17
2024-02-06,98.18
2024-02-07,95.85
2024-02-08,95.87
2024-02-09,96.5
2024-02-14,97.97
2024-02-15,98.48
2024-02-16,91.6
2024-02-19,91.63
2024-02-20,91.64
2024-02-21,97.11
2024-02-22,98.96
2024-02-23,92.45
2024-02-26,92.48
2024-02-27,97.57
2024-02-28,98.53
2024-02-29,98.96
2024-03-01,98.97
2024-03-04,101.51
2024-03-05,101.01
2024-03-06,102.05
2024-03-07,102.06
2024-03-08,105.53
2024-03-11,105.97
2024-03-12,107.1
2024-03-13,107.8
2024-03-14,108.36
2024-03-15,105.88
2024-03-18,104.69
2024-03-19,105.66
2024-03-20,106.16
2024-03-21,108.9
2024-03-22,107.66
2024-03-25,107.71
2024-03-26,107.72
2024-03-27,106.22
2024-03-28,106.29
2024-04-01,106.79
2024-04-02,106.8
2024-04-03,107.35
2024-04-04,107.76
2024-04-05,108.27
2024-04-08,108.8
2024-04-09,109.58
2024-04-10,108.82
2024-04-11,108.84
2024-04-12,109.02
2024-04-15,108.79
2024-04-16,109.32
2024-04-17,109.88
2024-04-18,110.52
2024-04-19,110.73
2024-04-22,110.8
2024-04-23,109.89
2024-04-24,109.91
2024-04-25,110.67
2024-04-26,110.13
2024-04-29,110.12
2024-04-30,109.93
2024-05-02,110.3
2024-05-03,110.57
2024-05-06,111.84
2024-05-07,111.86
2024-05-08,112.06
2024-05-09,113.12
2024-05-10,113.58
2024-05-13,113.64
2024-05-14,112.73
2024-05-15,112.74
2024-05-16,113.26
2024-05-17,113.68
2024-05-20,113.73
2024-05-21,114.75
2024-05-22,117.14
2024-05-23,118.1
2024-05-24,117.78
2024-05-27,117.48
2024-05-28,117.47
2024-05-29,117.14
2024-05-31,114.77
2024-06-03,114.83
2024-06-04,116.29
2024-06-05,115.67
2024-06-06,115.68
2024-06-07,117.76
2024-06-10,116.79
2024-06-11,116.8
2024-06-12,116.81
2024-06-13,116.82
2024-06-14,116.83
2024-06-17,115.79
2024-06-18,116.8
2024-06-19,121.47
2024-06-20,121.06
2024-06-21,120.12
2024-06-24,118.78
2024-06-25,119.78
2024-06-26,120.41
2024-06-27,120.99
2024-06-28,123.43
2024-07-01,124.1
2024-07-02,124.91
2024-07-03,122.82
2024-07-04,122.82
2024-07-05,122.61
2024-07-08,121.45
2024-07-09,120.76
2024-07-10,120.77
2024-07-11,113.81
2024-07-12,114.36
2024-07-15,114.18
2024-07-16,113.78
2024-07-17,114.11
2024-07-18,116.79
2024-07-19,116.8
2024-07-22,117.83
2024-07-23,119.84
2024-07-24,121.9
2024-07-25,122.7
2024-07-26,122.52
2024-07-29,115.18
2024-07-30,112.95
2024-07-31,113.2
2024-08-01,116.56
2024-08-02,119.44
2024-08-05,119.78
2024-08-06,120.98
2024-08-07,119.89
2024-08-08,119.9
2024-08-09,118.04
2024-08-12,114.27
2024-08-13,114.61
2024-08-14,111.03
2024-08-15,111.04
2024-08-16,110.65
2024-08-19,112.06
2024-08-20,111.84
2024-08-21,111.45
2024-08-22,117.36
2024-08-23,119.0
2024-08-26,116.7
2024-08-27,116.75
2024-08-28,118.09
2024-08-29,119.91
2024-08-30,120.52
2024-09-02,122.06
2024-09-04,123.21
2024-09-05,122.64
2024-09-06,122.45
2024-09-09,122.7
2024-09-10,121.84
2024-09-11,121.99
2024-09-12,121.99
2024-09-13,122.99
2024-09-16,123.6
2024-09-17,120.99
2024-09-18,120.89
2024-09-19,119.79
2024-09-20,120.79
2024-09-23,120.79
2024-09-24,126.91
2024-09-25,129.41
2024-09-26,129.41
2024-09-27,127.68
2024-09-30,127.68
2024-10-01,127.1
2024-10-08,129.65
2024-10-09,129.65
2024-10-10,130.65
2024-10-11,130.02
2024-10-14,129.02
2024-10-15,128.69
2024-10-16,130.69
2024-10-17,131.02
2024-10-18,131.35
2024-10-21,136.61
2024-10-22,136.61
2024-10-23,136.61
2024-10-24,136.61
2024-10-25,136.61
2024-10-28,136.61
2024-10-29,136.61
2024-10-30,136.61
2024-10-31,136.61
2024-11-01,136.63
2024-11-04,137.96
2024-11-05,137.96
2024-11-06,138.62
2024-11-07,138.62
2024-11-08,138.62
2024-11-11,140.62
2024-11-12,140.07
2024-11-13,139.89
2024-11-14,139.16
2024-11-27,132.8
2025-01-22,108.85
2025-01-23,108.85
2025-01-24,108.85
2025-01-27,107.85
2025-01-29,107.35
2025-01-30,107.35
2025-01-31,106.84
2025-02-03,106.11
2025-02-04,106.79
2025-02-05,106.77
2025-02-06,106.77
2025-02-07,106.77
2025-02-10,107.81
2025-02-11,108.15
2025-02-12,105.81
2025-02-13,105.56
2025-02-14,107.06
2025-02-17,106.56
2025-02-18,106.56
2025-02-19,106.47
2025-02-20,106.47
2025-02-21,106.97
2025-02-24,106.47
2025-02-25,106.47
2025-02-26,106.47
2025-02-27,107.47
2025-02-28,108.37
2025-03-05,108.0
2025-03-06,110.21
2025-03-11,109.81
2025-03-13,110.31
2025-03-31,108.99
2025-04-01,108.29
2025-04-02,108.29
2025-04-03,108.29
2025-04-04,107.29
