DATE,GLOBAL_SOY_OIL_PRICE
2002-01-02,15.18
2002-01-03,15.52
2002-01-04,15.81
2002-01-07,16.15
2002-01-08,16.29
2002-01-09,16.15
2002-01-10,15.88
2002-01-11,15.85
2002-01-14,15.77
2002-01-15,15.58
2002-01-16,15.55
2002-01-17,15.52
2002-01-18,15.56
2002-01-22,15.56
2002-01-23,15.53
2002-01-24,15.53
2002-01-25,15.06
2002-01-28,15.12
2002-01-29,15.27
2002-01-30,15.26
2002-01-31,15.14
2002-02-01,15.19
2002-02-04,15.47
2002-02-05,15.67
2002-02-06,15.25
2002-02-07,15.37
2002-02-08,15.33
2002-02-11,15.29
2002-02-12,15.48
2002-02-13,15.66
2002-02-14,15.4
2002-02-15,15.52
2002-02-19,15.77
2002-02-20,15.95
2002-02-21,15.8
2002-02-22,15.69
2002-02-25,15.69
2002-02-26,15.53
2002-02-27,15.32
2002-02-28,15.26
2002-03-01,15.85
2002-03-04,15.7
2002-03-05,16.02
2002-03-06,15.98
2002-03-07,16.08
2002-03-08,16.23
2002-03-11,16.25
2002-03-12,16.35
2002-03-13,16.3
2002-03-14,16.41
2002-03-15,17.08
2002-03-18,16.4
2002-03-19,16.41
2002-03-20,16.09
2002-03-21,16.06
2002-03-22,16.11
2002-03-25,15.9
2002-03-26,15.95
2002-03-27,16.09
2002-03-28,16.46
2002-04-01,16.63
2002-04-02,16.49
2002-04-03,16.23
2002-04-04,16.32
2002-04-05,16.72
2002-04-08,16.41
2002-04-09,16.4
2002-04-10,16.45
2002-04-11,16.51
2002-04-12,16.59
2002-04-15,16.38
2002-04-16,16.52
2002-04-17,16.84
2002-04-18,16.69
2002-04-19,16.92
2002-04-22,16.91
2002-04-23,16.86
2002-04-24,17.01
2002-04-25,16.64
2002-04-26,16.5
2002-04-29,16.17
2002-04-30,16.08
2002-05-01,16.14
2002-05-02,16.17
2002-05-03,16.08
2002-05-06,15.98
2002-05-07,16.25
2002-05-08,16.44
2002-05-09,16.73
2002-05-10,16.68
2002-05-13,16.66
2002-05-14,16.59
2002-05-15,16.83
2002-05-16,16.93
2002-05-17,17.07
2002-05-20,17.49
2002-05-21,17.44
2002-05-22,17.75
2002-05-23,17.87
2002-05-24,17.7
2002-05-28,18.26
2002-05-29,18.06
2002-05-30,18.13
2002-05-31,18.69
2002-06-03,18.42
2002-06-04,18.6
2002-06-05,18.72
2002-06-06,18.73
2002-06-07,18.4
2002-06-10,17.96
2002-06-11,18.04
2002-06-12,17.72
2002-06-13,17.86
2002-06-14,18.2
2002-06-17,18.13
2002-06-18,17.86
2002-06-19,17.86
2002-06-20,17.66
2002-06-21,17.73
2002-06-24,18.02
2002-06-25,17.93
2002-06-26,17.98
2002-06-27,17.97
2002-06-28,18.25
2002-07-01,18.42
2002-07-02,17.96
2002-07-03,18.04
2002-07-05,18.2
2002-07-08,18.38
2002-07-09,18.73
2002-07-10,18.65
2002-07-11,18.78
2002-07-12,19.11
2002-07-15,19.91
2002-07-16,19.78
2002-07-17,19.5
2002-07-18,19.68
2002-07-19,19.8
2002-07-22,20.09
2002-07-23,19.49
2002-07-24,19.73
2002-07-25,19.49
2002-07-26,19.3
2002-07-29,19.19
2002-07-30,19.7
2002-07-31,20.21
2002-08-01,20.31
2002-08-02,20.3
2002-08-05,19.91
2002-08-06,19.92
2002-08-07,20.08
2002-08-08,20.0
2002-08-09,19.88
2002-08-12,20.55
2002-08-13,20.57
2002-08-14,20.89
2002-08-15,21.16
2002-08-16,21.08
2002-08-19,20.9
2002-08-20,20.55
2002-08-21,20.85
2002-08-22,21.0
2002-08-23,21.26
2002-08-26,20.91
2002-08-27,20.77
2002-08-28,20.66
2002-08-29,20.21
2002-08-30,20.64
2002-09-03,20.44
2002-09-04,20.45
2002-09-05,20.17
2002-09-06,20.4
2002-09-09,20.47
2002-09-10,20.4
2002-09-11,20.63
2002-09-12,20.36
2002-09-13,20.09
2002-09-16,20.08
2002-09-17,20.05
2002-09-18,19.83
2002-09-19,19.65
2002-09-20,19.82
2002-09-23,19.6
2002-09-24,19.75
2002-09-25,19.89
2002-09-26,20.12
2002-09-27,19.97
2002-09-30,19.74
2002-10-01,19.65
2002-10-02,19.46
2002-10-03,19.49
2002-10-04,19.48
2002-10-07,19.41
2002-10-08,19.4
2002-10-09,19.19
2002-10-10,19.09
2002-10-11,19.38
2002-10-14,19.56
2002-10-15,19.96
2002-10-16,20.11
2002-10-17,20.37
2002-10-18,20.27
2002-10-21,20.41
2002-10-22,20.28
2002-10-23,20.84
2002-10-24,21.13
2002-10-25,21.19
2002-10-28,20.87
2002-10-29,21.81
2002-10-30,21.68
2002-10-31,21.84
2002-11-01,21.91
2002-11-04,22.36
2002-11-05,22.06
2002-11-06,22.23
2002-11-07,22.19
2002-11-08,21.96
2002-11-11,22.66
2002-11-12,22.28
2002-11-13,22.28
2002-11-14,22.45
2002-11-15,22.36
2002-11-18,22.06
2002-11-19,22.42
2002-11-20,22.34
2002-11-21,21.92
2002-11-22,21.96
2002-11-25,22.09
2002-11-26,22.22
2002-11-27,22.64
2002-11-29,22.82
2002-12-02,22.37
2002-12-03,21.62
2002-12-04,21.9
2002-12-05,22.03
2002-12-06,22.01
2002-12-09,21.73
2002-12-10,21.8
2002-12-11,21.75
2002-12-12,22.15
2002-12-13,21.91
2002-12-16,21.66
2002-12-17,21.52
2002-12-18,21.62
2002-12-19,21.55
2002-12-20,21.89
2002-12-23,21.82
2002-12-26,21.43
2002-12-27,21.37
2002-12-30,21.16
2002-12-31,21.24
2003-01-02,21.3
2003-01-03,21.06
2003-01-06,20.83
2003-01-07,20.92
2003-01-08,21.29
2003-01-09,21.03
2003-01-10,20.58
2003-01-13,20.42
2003-01-14,20.23
2003-01-15,20.09
2003-01-16,20.12
2003-01-17,20.27
2003-01-21,20.22
2003-01-22,20.45
2003-01-23,20.53
2003-01-24,20.69
2003-01-27,20.62
2003-01-28,20.62
2003-01-29,20.11
2003-01-30,20.34
2003-01-31,20.35
2003-02-03,20.86
2003-02-04,20.96
2003-02-05,20.55
2003-02-06,20.38
2003-02-07,20.25
2003-02-10,20.31
2003-02-11,20.21
2003-02-12,19.76
2003-02-13,20.0
2003-02-14,20.24
2003-02-18,20.55
2003-02-19,20.58
2003-02-20,20.69
2003-02-21,20.67
2003-02-24,20.33
2003-02-25,20.39
2003-02-26,20.51
2003-02-27,20.69
2003-02-28,20.77
2003-03-03,20.56
2003-03-04,20.51
2003-03-05,20.31
2003-03-06,20.39
2003-03-07,20.28
2003-03-10,20.24
2003-03-11,20.8
2003-03-12,20.64
2003-03-13,20.85
2003-03-14,20.85
2003-03-17,20.81
2003-03-18,21.03
2003-03-19,21.17
2003-03-20,21.38
2003-03-21,21.74
2003-03-24,21.19
2003-03-25,21.27
2003-03-26,20.91
2003-03-27,21.29
2003-03-28,21.44
2003-03-31,21.37
2003-04-01,21.27
2003-04-02,21.7
2003-04-03,21.73
2003-04-04,21.83
2003-04-07,22.31
2003-04-08,22.43
2003-04-09,22.29
2003-04-10,22.27
2003-04-11,21.97
2003-04-14,21.98
2003-04-15,21.97
2003-04-16,21.88
2003-04-17,21.98
2003-04-21,21.63
2003-04-22,21.45
2003-04-23,21.76
2003-04-24,21.55
2003-04-25,21.45
2003-04-28,21.64
2003-04-29,21.75
2003-04-30,21.83
2003-05-01,21.95
2003-05-02,21.67
2003-05-05,21.65
2003-05-06,21.75
2003-05-07,22.15
2003-05-08,21.95
2003-05-09,22.55
2003-05-12,22.64
2003-05-13,22.87
2003-05-14,22.88
2003-05-15,23.7
2003-05-16,23.49
2003-05-19,22.97
2003-05-20,22.94
2003-05-21,23.06
2003-05-22,22.75
2003-05-23,22.65
2003-05-27,22.16
2003-05-28,22.11
2003-05-29,22.26
2003-05-30,22.07
2003-06-02,21.72
2003-06-03,21.69
2003-06-04,22.01
2003-06-05,22.08
2003-06-06,22.32
2003-06-09,22.07
2003-06-10,22.27
2003-06-11,22.0
2003-06-12,22.06
2003-06-13,21.87
2003-06-16,21.94
2003-06-17,22.19
2003-06-18,22.61
2003-06-19,22.82
2003-06-20,22.58
2003-06-23,22.43
2003-06-24,22.31
2003-06-25,22.44
2003-06-26,21.72
2003-06-27,21.91
2003-06-30,21.89
2003-07-01,22.53
2003-07-02,22.49
2003-07-03,22.22
2003-07-07,22.01
2003-07-08,22.1
2003-07-09,22.17
2003-07-10,21.97
2003-07-11,21.97
2003-07-14,21.5
2003-07-15,21.12
2003-07-16,21.17
2003-07-17,20.83
2003-07-18,20.51
2003-07-21,20.43
2003-07-22,20.45
2003-07-24,20.16
2003-07-25,20.16
2003-07-28,20.06
2003-07-29,19.89
2003-07-30,19.76
2003-07-31,19.37
2003-08-01,19.47
2003-08-04,19.45
2003-08-05,19.39
2003-08-06,19.75
2003-08-07,19.6
2003-08-08,19.58
2003-08-11,19.51
2003-08-12,19.64
2003-08-13,19.48
2003-08-14,19.5
2003-08-15,19.4
2003-08-18,20.06
2003-08-19,19.87
2003-08-20,19.99
2003-08-21,20.06
2003-08-22,20.04
2003-08-25,19.86
2003-08-26,19.84
2003-08-27,20.14
2003-08-28,20.3
2003-08-29,20.82
2003-09-02,20.61
2003-09-03,20.76
2003-09-04,20.87
2003-09-05,20.62
2003-09-08,20.52
2003-09-09,20.59
2003-09-10,20.76
2003-09-11,21.73
2003-09-12,22.23
2003-09-15,22.52
2003-09-16,22.33
2003-09-17,22.79
2003-09-18,23.26
2003-09-19,23.47
2003-09-22,23.94
2003-09-23,23.88
2003-09-24,24.14
2003-09-25,23.77
2003-09-26,23.61
2003-09-29,24.4
2003-09-30,24.71
2003-10-01,24.77
2003-10-02,25.48
2003-10-03,25.0
2003-10-06,25.1
2003-10-07,25.36
2003-10-08,24.96
2003-10-09,25.25
2003-10-10,26.22
2003-10-13,27.35
2003-10-14,27.16
2003-10-15,26.27
2003-10-16,26.32
2003-10-17,26.46
2003-10-20,26.25
2003-10-21,26.01
2003-10-22,26.56
2003-10-23,26.87
2003-10-24,26.69
2003-10-27,26.15
2003-10-28,26.75
2003-10-29,26.92
2003-10-30,26.45
2003-10-31,26.09
2003-11-03,25.97
2003-11-04,25.34
2003-11-05,25.61
2003-11-06,25.19
2003-11-07,25.15
2003-11-10,25.63
2003-11-11,26.0
2003-11-12,26.04
2003-11-13,26.37
2003-11-14,27.08
2003-11-17,27.5
2003-11-18,27.07
2003-11-19,26.22
2003-11-20,26.98
2003-11-21,26.98
2003-11-24,26.4
2003-11-25,26.79
2003-11-26,26.93
2003-11-28,27.72
2003-12-01,28.1
2003-12-02,28.1
2003-12-03,28.19
2003-12-04,27.9
2003-12-05,27.95
2003-12-08,28.65
2003-12-09,28.89
2003-12-10,28.95
2003-12-11,28.33
2003-12-12,28.87
2003-12-15,28.54
2003-12-16,28.16
2003-12-17,28.16
2003-12-18,27.71
2003-12-19,28.05
2003-12-22,27.56
2003-12-23,27.41
2003-12-24,27.28
2003-12-26,27.84
2003-12-29,27.77
2003-12-30,27.54
2003-12-31,27.87
2004-01-02,28.04
2004-01-05,28.52
2004-01-06,28.6
2004-01-07,27.96
2004-01-08,28.57
2004-01-09,28.65
2004-01-12,29.95
2004-01-13,30.3
2004-01-14,29.79
2004-01-15,29.87
2004-01-16,29.62
2004-01-20,29.23
2004-01-21,29.55
2004-01-22,29.19
2004-01-23,29.36
2004-01-26,29.86
2004-01-27,29.52
2004-01-28,28.93
2004-01-29,29.07
2004-01-30,29.27
2004-02-02,28.98
2004-02-03,29.86
2004-02-04,29.86
2004-02-05,30.77
2004-02-06,30.66
2004-02-09,31.46
2004-02-10,31.7
2004-02-11,32.14
2004-02-12,31.68
2004-02-13,31.72
2004-02-17,31.9
2004-02-18,31.42
2004-02-19,32.47
2004-02-20,32.93
2004-02-23,33.66
2004-02-24,34.1
2004-02-25,33.83
2004-02-26,34.05
2004-02-27,34.19
2004-03-01,34.57
2004-03-02,33.35
2004-03-03,33.62
2004-03-04,32.95
2004-03-05,32.74
2004-03-08,32.2
2004-03-09,33.7
2004-03-10,32.5
2004-03-11,33.3
2004-03-12,33.05
2004-03-15,33.75
2004-03-16,33.57
2004-03-17,33.39
2004-03-18,34.16
2004-03-19,34.11
2004-03-22,34.85
2004-03-23,34.8
2004-03-24,33.9
2004-03-25,33.7
2004-03-26,33.37
2004-03-29,33.39
2004-03-30,33.11
2004-03-31,32.23
2004-04-01,32.77
2004-04-02,32.64
2004-04-05,32.74
2004-04-06,32.41
2004-04-07,32.67
2004-04-08,31.88
2004-04-12,31.22
2004-04-13,31.49
2004-04-14,32.83
2004-04-15,31.71
2004-04-16,32.27
2004-04-19,32.37
2004-04-20,32.28
2004-04-21,31.65
2004-04-22,31.87
2004-04-23,33.01
2004-04-26,32.93
2004-04-27,34.26
2004-04-28,33.58
2004-04-29,34.57
2004-04-30,34.03
2004-05-03,33.92
2004-05-04,34.21
2004-05-05,33.89
2004-05-06,33.07
2004-05-07,33.9
2004-05-10,32.98
2004-05-11,33.1
2004-05-12,31.55
2004-05-13,31.65
2004-05-14,30.68
2004-05-17,29.6
2004-05-18,28.96
2004-05-19,29.75
2004-05-20,28.65
2004-05-21,29.05
2004-05-24,28.29
2004-05-25,28.74
2004-05-26,28.86
2004-05-27,27.58
2004-05-28,28.05
2004-06-01,29.51
2004-06-02,28.96
2004-06-03,27.9
2004-06-04,28.41
2004-06-07,28.53
2004-06-08,28.42
2004-06-09,28.21
2004-06-10,27.83
2004-06-14,28.11
2004-06-15,27.34
2004-06-16,27.36
2004-06-17,27.24
2004-06-18,27.48
2004-06-21,28.23
2004-06-22,28.27
2004-06-23,29.21
2004-06-24,29.4
2004-06-25,29.24
2004-06-28,28.52
2004-06-29,28.75
2004-06-30,28.18
2004-07-01,28.31
2004-07-02,28.8
2004-07-06,29.05
2004-07-07,29.1
2004-07-08,28.25
2004-07-09,28.18
2004-07-12,27.0
2004-07-13,26.9
2004-07-14,26.45
2004-07-15,26.43
2004-07-16,26.35
2004-07-19,26.28
2004-07-20,26.09
2004-07-21,25.39
2004-07-22,24.4
2004-07-23,24.72
2004-07-26,24.49
2004-07-27,24.24
2004-07-28,23.25
2004-07-29,22.83
2004-07-30,22.0
2004-08-02,21.74
2004-08-03,21.72
2004-08-04,21.76
2004-08-05,22.67
2004-08-06,23.1
2004-08-09,23.0
2004-08-10,22.75
2004-08-11,23.15
2004-08-12,24.0
2004-08-13,23.57
2004-08-16,22.9
2004-08-17,23.26
2004-08-18,23.2
2004-08-19,23.16
2004-08-20,23.55
2004-08-23,24.52
2004-08-24,24.92
2004-08-25,25.19
2004-08-26,24.92
2004-08-27,24.4
2004-08-30,25.41
2004-08-31,26.1
2004-09-01,26.7
2004-09-02,26.57
2004-09-03,26.23
2004-09-07,24.95
2004-09-08,24.73
2004-09-09,24.75
2004-09-10,24.6
2004-09-13,24.29
2004-09-14,23.2
2004-09-15,23.13
2004-09-16,22.47
2004-09-17,22.08
2004-09-20,21.77
2004-09-21,21.87
2004-09-22,21.78
2004-09-23,21.56
2004-09-24,20.78
2004-09-27,21.11
2004-09-28,20.85
2004-09-29,20.81
2004-09-30,20.52
2004-10-01,20.77
2004-10-04,20.69
2004-10-05,21.05
2004-10-06,21.0
2004-10-07,20.64
2004-10-08,20.51
2004-10-11,20.95
2004-10-12,19.8
2004-10-13,19.9
2004-10-14,20.2
2004-10-15,20.32
2004-10-18,20.09
2004-10-19,20.67
2004-10-20,20.63
2004-10-21,20.4
2004-10-22,20.85
2004-10-25,21.86
2004-10-26,21.79
2004-10-27,21.21
2004-10-28,21.49
2004-10-29,21.5
2004-11-01,21.18
2004-11-02,20.99
2004-11-03,20.53
2004-11-04,19.88
2004-11-05,20.27
2004-11-08,20.12
2004-11-09,20.45
2004-11-10,20.79
2004-11-11,20.49
2004-11-12,20.94
2004-11-15,21.51
2004-11-16,21.25
2004-11-17,21.61
2004-11-18,21.44
2004-11-19,21.49
2004-11-22,21.71
2004-11-23,21.67
2004-11-24,21.11
2004-11-26,20.74
2004-11-29,20.27
2004-11-30,20.62
2004-12-01,20.4
2004-12-02,20.16
2004-12-03,20.41
2004-12-06,20.18
2004-12-07,19.92
2004-12-08,19.83
2004-12-09,19.67
2004-12-10,19.9
2004-12-13,20.08
2004-12-14,20.18
2004-12-15,20.26
2004-12-16,20.47
2004-12-17,20.61
2004-12-20,20.87
2004-12-21,20.86
2004-12-22,20.9
2004-12-23,21.02
2004-12-27,21.37
2004-12-28,21.17
2004-12-29,20.96
2004-12-30,20.61
2004-12-31,20.61
2005-01-03,19.94
2005-01-04,19.86
2005-01-05,19.94
2005-01-06,20.08
2005-01-07,20.27
2005-01-10,20.12
2005-01-11,19.82
2005-01-12,19.61
2005-01-13,19.96
2005-01-14,19.67
2005-01-18,19.44
2005-01-19,19.61
2005-01-20,19.56
2005-01-21,19.58
2005-01-24,19.74
2005-01-25,19.71
2005-01-26,19.52
2005-01-27,19.43
2005-01-28,19.24
2005-01-31,19.36
2005-02-01,19.04
2005-02-02,18.94
2005-02-03,18.86
2005-02-04,19.04
2005-02-07,19.0
2005-02-08,19.17
2005-02-09,19.15
2005-02-10,19.19
2005-02-11,20.01
2005-02-14,19.97
2005-02-15,19.62
2005-02-16,19.56
2005-02-17,19.82
2005-02-18,20.07
2005-02-22,21.75
2005-02-23,21.73
2005-02-24,21.33
2005-02-25,22.54
2005-02-28,23.22
2005-03-01,22.7
2005-03-02,23.0
2005-03-03,22.85
2005-03-04,23.12
2005-03-07,22.84
2005-03-08,23.42
2005-03-09,23.6
2005-03-10,23.55
2005-03-11,23.96
2005-03-14,23.95
2005-03-15,24.23
2005-03-16,24.15
2005-03-17,24.34
2005-03-18,23.58
2005-03-21,22.55
2005-03-22,22.58
2005-03-23,22.61
2005-03-24,22.95
2005-03-28,22.79
2005-03-29,22.87
2005-03-30,23.48
2005-03-31,22.9
2005-04-01,22.68
2005-04-04,22.8
2005-04-05,22.82
2005-04-06,22.86
2005-04-07,22.68
2005-04-08,22.27
2005-04-11,22.4
2005-04-12,22.56
2005-04-13,22.55
2005-04-14,22.42
2005-04-15,22.64
2005-04-18,22.27
2005-04-19,22.83
2005-04-20,22.66
2005-04-21,22.95
2005-04-22,22.81
2005-04-25,22.79
2005-04-26,22.64
2005-04-27,22.51
2005-04-28,22.23
2005-04-29,22.59
2005-05-02,22.45
2005-05-03,22.5
2005-05-04,22.69
2005-05-05,22.72
2005-05-06,23.24
2005-05-09,23.5
2005-05-10,23.22
2005-05-11,22.91
2005-05-12,22.63
2005-05-13,21.98
2005-05-16,22.16
2005-05-17,22.02
2005-05-18,22.26
2005-05-19,22.04
2005-05-20,22.31
2005-05-23,22.68
2005-05-24,22.87
2005-05-25,23.25
2005-05-26,23.78
2005-05-27,23.26
2005-05-31,23.15
2005-06-01,23.5
2005-06-02,22.93
2005-06-03,22.95
2005-06-06,23.16
2005-06-07,23.06
2005-06-08,22.98
2005-06-09,23.13
2005-06-10,22.74
2005-06-13,23.01
2005-06-14,23.25
2005-06-15,24.17
2005-06-16,24.1
2005-06-17,25.08
2005-06-20,25.58
2005-06-21,25.44
2005-06-22,25.32
2005-06-23,25.24
2005-06-24,26.15
2005-06-27,24.52
2005-06-28,24.17
2005-06-29,24.54
2005-06-30,23.61
2005-07-01,24.15
2005-07-05,25.3
2005-07-06,25.0
2005-07-07,25.15
2005-07-08,24.55
2005-07-11,24.77
2005-07-12,25.01
2005-07-13,25.35
2005-07-14,25.7
2005-07-15,25.48
2005-07-18,25.54
2005-07-19,24.46
2005-07-20,24.73
2005-07-21,24.31
2005-07-22,24.51
2005-07-25,24.59
2005-07-26,24.43
2005-07-27,24.31
2005-07-28,24.5
2005-07-29,24.31
2005-08-01,24.08
2005-08-02,25.02
2005-08-03,24.3
2005-08-04,24.15
2005-08-05,23.62
2005-08-08,23.44
2005-08-09,22.8
2005-08-10,22.72
2005-08-11,22.67
2005-08-12,22.8
2005-08-15,22.3
2005-08-16,22.29
2005-08-17,22.6
2005-08-18,22.51
2005-08-19,22.28
2005-08-22,22.43
2005-08-23,22.56
2005-08-24,22.5
2005-08-25,22.06
2005-08-26,22.08
2005-08-29,22.24
2005-08-30,22.86
2005-08-31,22.41
2005-09-01,22.82
2005-09-02,22.53
2005-09-06,22.85
2005-09-07,22.62
2005-09-08,22.4
2005-09-09,22.17
2005-09-12,22.04
2005-09-13,21.97
2005-09-14,22.07
2005-09-15,22.13
2005-09-16,21.96
2005-09-19,22.72
2005-09-20,22.45
2005-09-21,22.92
2005-09-22,23.32
2005-09-23,22.88
2005-09-26,22.67
2005-09-27,22.09
2005-09-28,22.42
2005-09-29,22.55
2005-09-30,23.72
2005-10-03,24.46
2005-10-04,23.8
2005-10-05,23.85
2005-10-06,23.82
2005-10-07,23.47
2005-10-10,23.07
2005-10-11,23.4
2005-10-12,24.1
2005-10-13,23.8
2005-10-14,23.45
2005-10-17,24.39
2005-10-18,24.44
2005-10-19,24.31
2005-10-20,23.98
2005-10-21,23.48
2005-10-24,23.76
2005-10-25,23.78
2005-10-26,23.53
2005-10-27,23.38
2005-10-28,23.33
2005-10-31,22.86
2005-11-01,23.02
2005-11-02,22.84
2005-11-03,23.53
2005-11-04,22.94
2005-11-07,22.67
2005-11-08,22.81
2005-11-09,22.96
2005-11-10,22.77
2005-11-11,22.74
2005-11-14,22.51
2005-11-15,22.34
2005-11-16,22.19
2005-11-17,22.16
2005-11-18,22.01
2005-11-21,21.93
2005-11-22,21.98
2005-11-23,21.63
2005-11-25,21.13
2005-11-28,21.24
2005-11-29,20.95
2005-11-30,21.05
2005-12-01,21.04
2005-12-02,21.29
2005-12-05,21.66
2005-12-06,21.05
2005-12-07,21.0
2005-12-08,20.97
2005-12-09,20.7
2005-12-12,20.87
2005-12-13,20.9
2005-12-14,20.91
2005-12-15,21.4
2005-12-16,21.3
2005-12-19,21.57
2005-12-20,21.31
2005-12-21,21.22
2005-12-22,21.4
2005-12-23,21.28
2005-12-27,20.98
2005-12-28,20.84
2005-12-29,20.9
2005-12-30,21.3
2006-01-03,22.96
2006-01-04,23.22
2006-01-05,22.95
2006-01-06,22.75
2006-01-09,22.2
2006-01-10,22.08
2006-01-11,21.88
2006-01-12,21.43
2006-01-13,21.26
2006-01-17,21.22
2006-01-18,21.16
2006-01-19,21.08
2006-01-20,21.28
2006-01-23,21.52
2006-01-24,21.52
2006-01-25,21.52
2006-01-26,21.51
2006-01-27,22.05
2006-01-30,22.2
2006-01-31,22.35
2006-02-01,21.82
2006-02-02,21.95
2006-02-03,22.66
2006-02-06,22.57
2006-02-07,22.28
2006-02-08,22.15
2006-02-09,22.65
2006-02-10,22.27
2006-02-13,22.22
2006-02-14,22.04
2006-02-15,22.27
2006-02-16,22.57
2006-02-17,23.33
2006-02-21,23.05
2006-02-22,22.75
2006-02-23,22.76
2006-02-24,22.96
2006-02-27,22.99
2006-02-28,23.59
2006-03-01,23.8
2006-03-02,24.37
2006-03-03,24.56
2006-03-06,24.45
2006-03-07,23.95
2006-03-08,23.59
2006-03-09,23.75
2006-03-10,23.85
2006-03-13,23.48
2006-03-14,23.31
2006-03-15,23.55
2006-03-16,23.43
2006-03-17,23.24
2006-03-20,22.91
2006-03-21,22.83
2006-03-22,22.88
2006-03-23,23.03
2006-03-24,22.74
2006-03-27,22.66
2006-03-28,22.91
2006-03-29,22.97
2006-03-30,23.17
2006-03-31,22.79
2006-04-03,22.64
2006-04-04,22.44
2006-04-05,22.37
2006-04-06,22.67
2006-04-07,22.54
2006-04-10,22.63
2006-04-11,22.96
2006-04-12,22.64
2006-04-13,22.56
2006-04-17,22.7
2006-04-18,23.25
2006-04-19,23.89
2006-04-20,24.14
2006-04-21,24.61
2006-04-24,24.5
2006-04-25,24.78
2006-04-26,24.77
2006-04-27,25.17
2006-04-28,25.54
2006-05-01,25.47
2006-05-02,25.32
2006-05-03,25.35
2006-05-04,24.94
2006-05-05,25.15
2006-05-08,24.53
2006-05-09,24.7
2006-05-10,24.95
2006-05-11,25.97
2006-05-12,26.0
2006-05-15,25.49
2006-05-16,25.71
2006-05-17,25.82
2006-05-18,25.57
2006-05-19,25.03
2006-05-22,24.92
2006-05-23,25.43
2006-05-24,25.08
2006-05-25,25.09
2006-05-26,25.11
2006-05-30,25.4
2006-05-31,25.16
2006-06-01,25.15
2006-06-02,25.43
2006-06-05,25.3
2006-06-06,25.03
2006-06-07,24.95
2006-06-08,24.65
2006-06-09,24.86
2006-06-12,25.3
2006-06-13,24.97
2006-06-14,24.77
2006-06-15,24.82
2006-06-16,24.86
2006-06-19,24.2
2006-06-20,24.28
2006-06-21,24.44
2006-06-22,24.49
2006-06-23,24.62
2006-06-26,24.44
2006-06-27,25.14
2006-06-28,25.27
2006-06-29,25.64
2006-06-30,26.36
2006-07-03,26.17
2006-07-05,26.32
2006-07-06,27.12
2006-07-07,27.1
2006-07-10,27.3
2006-07-11,27.32
2006-07-12,27.05
2006-07-13,27.12
2006-07-14,27.37
2006-07-17,26.78
2006-07-18,26.35
2006-07-19,26.1
2006-07-20,26.41
2006-07-21,26.17
2006-07-24,26.3
2006-07-25,26.28
2006-07-26,26.08
2006-07-27,25.87
2006-07-28,26.39
2006-07-31,26.72
2006-08-01,26.53
2006-08-02,26.82
2006-08-03,26.55
2006-08-04,26.41
2006-08-07,26.16
2006-08-08,26.04
2006-08-09,26.35
2006-08-10,26.1
2006-08-11,25.43
2006-08-14,24.95
2006-08-15,25.38
2006-08-16,25.15
2006-08-17,24.86
2006-08-18,24.92
2006-08-21,25.17
2006-08-22,25.48
2006-08-23,25.52
2006-08-24,24.98
2006-08-25,24.95
2006-08-28,24.54
2006-08-29,24.43
2006-08-30,24.94
2006-08-31,25.21
2006-09-01,24.78
2006-09-05,24.54
2006-09-06,24.28
2006-09-07,24.26
2006-09-08,24.5
2006-09-11,24.35
2006-09-12,24.21
2006-09-13,24.47
2006-09-14,24.54
2006-09-15,24.69
2006-09-18,24.54
2006-09-19,24.23
2006-09-20,24.16
2006-09-21,24.3
2006-09-22,23.87
2006-09-25,23.82
2006-09-26,23.76
2006-09-27,23.69
2006-09-28,23.93
2006-09-29,23.77
2006-10-02,23.58
2006-10-03,23.28
2006-10-04,23.52
2006-10-05,23.82
2006-10-06,24.0
2006-10-09,24.7
2006-10-10,24.26
2006-10-11,24.15
2006-10-12,24.62
2006-10-13,24.93
2006-10-16,24.93
2006-10-17,25.68
2006-10-18,25.94
2006-10-19,26.54
2006-10-20,26.17
2006-10-23,26.56
2006-10-24,26.64
2006-10-25,26.58
2006-10-26,27.04
2006-10-27,27.5
2006-10-30,27.27
2006-10-31,26.83
2006-11-01,27.47
2006-11-02,27.5
2006-11-03,27.68
2006-11-06,27.54
2006-11-07,27.67
2006-11-08,27.72
2006-11-09,27.71
2006-11-10,27.69
2006-11-13,27.99
2006-11-14,28.66
2006-11-15,28.39
2006-11-16,28.33
2006-11-17,28.28
2006-11-20,28.72
2006-11-21,28.88
2006-11-22,28.87
2006-11-24,28.89
2006-11-27,29.11
2006-11-28,28.76
2006-11-29,28.98
2006-11-30,29.18
2006-12-01,29.23
2006-12-04,28.9
2006-12-05,28.92
2006-12-06,28.36
2006-12-07,28.34
2006-12-08,28.28
2006-12-11,28.73
2006-12-12,28.37
2006-12-13,28.34
2006-12-14,28.26
2006-12-15,28.15
2006-12-18,27.71
2006-12-19,28.0
2006-12-20,28.0
2006-12-21,28.1
2006-12-22,28.42
2006-12-26,28.86
2006-12-27,28.86
2006-12-28,29.18
2006-12-29,29.26
2007-01-02,29.26
2007-01-03,28.65
2007-01-04,28.3
2007-01-05,28.4
2007-01-08,28.12
2007-01-09,27.85
2007-01-10,27.7
2007-01-11,28.12
2007-01-12,29.15
2007-01-16,28.79
2007-01-17,28.97
2007-01-18,28.82
2007-01-19,29.3
2007-01-22,29.31
2007-01-23,29.93
2007-01-24,29.23
2007-01-25,28.92
2007-01-26,29.0
2007-01-29,28.82
2007-01-30,29.46
2007-01-31,29.34
2007-02-01,29.58
2007-02-02,30.37
2007-02-05,30.62
2007-02-06,30.37
2007-02-07,30.43
2007-02-08,30.43
2007-02-09,30.34
2007-02-12,29.89
2007-02-13,30.01
2007-02-14,29.68
2007-02-15,29.76
2007-02-16,29.91
2007-02-20,29.69
2007-02-21,30.12
2007-02-22,30.32
2007-02-23,30.39
2007-02-26,30.71
2007-02-27,30.14
2007-02-28,30.25
2007-03-01,29.53
2007-03-02,29.69
2007-03-05,29.59
2007-03-06,29.45
2007-03-07,29.85
2007-03-08,30.18
2007-03-09,30.22
2007-03-12,30.35
2007-03-13,30.15
2007-03-14,29.85
2007-03-15,30.56
2007-03-16,30.77
2007-03-19,30.99
2007-03-20,31.24
2007-03-21,31.1
2007-03-22,31.28
2007-03-23,31.96
2007-03-26,31.67
2007-03-27,31.81
2007-03-28,32.41
2007-03-29,32.97
2007-03-30,32.48
2007-04-02,32.76
2007-04-03,32.37
2007-04-04,32.57
2007-04-05,32.42
2007-04-09,32.08
2007-04-10,32.46
2007-04-11,32.78
2007-04-12,32.65
2007-04-13,32.97
2007-04-16,32.78
2007-04-17,31.87
2007-04-18,31.07
2007-04-19,31.56
2007-04-20,32.35
2007-04-23,32.13
2007-04-24,31.84
2007-04-25,32.7
2007-04-26,32.19
2007-04-27,32.93
2007-04-30,33.35
2007-05-01,33.39
2007-05-02,33.07
2007-05-03,33.17
2007-05-04,32.72
2007-05-07,32.51
2007-05-08,32.62
2007-05-09,32.84
2007-05-10,33.3
2007-05-11,34.1
2007-05-14,34.44
2007-05-15,34.6
2007-05-16,34.73
2007-05-17,34.99
2007-05-18,35.15
2007-05-21,35.26
2007-05-22,34.83
2007-05-23,34.89
2007-05-24,35.58
2007-05-25,35.84
2007-05-29,35.18
2007-05-30,35.56
2007-05-31,35.71
2007-06-01,35.81
2007-06-04,35.75
2007-06-05,36.27
2007-06-06,35.9
2007-06-07,36.36
2007-06-08,35.37
2007-06-11,35.42
2007-06-12,35.27
2007-06-13,34.87
2007-06-14,35.16
2007-06-15,35.88
2007-06-18,36.09
2007-06-19,35.32
2007-06-20,35.31
2007-06-21,35.04
2007-06-22,34.73
2007-06-25,35.08
2007-06-26,34.98
2007-06-27,34.96
2007-06-28,35.57
2007-06-29,36.63
2007-07-02,36.73
2007-07-03,36.36
2007-07-05,36.68
2007-07-06,37.13
2007-07-09,37.32
2007-07-10,37.68
2007-07-11,37.55
2007-07-12,37.75
2007-07-13,37.72
2007-07-16,37.23
2007-07-17,36.92
2007-07-18,37.5
2007-07-19,37.63
2007-07-20,37.49
2007-07-23,36.67
2007-07-24,36.79
2007-07-25,36.62
2007-07-26,36.59
2007-07-27,36.76
2007-07-30,37.4
2007-07-31,37.76
2007-08-01,37.29
2007-08-02,37.43
2007-08-03,37.35
2007-08-06,36.54
2007-08-07,36.72
2007-08-08,37.22
2007-08-09,36.88
2007-08-10,36.28
2007-08-13,36.5
2007-08-14,35.95
2007-08-15,35.84
2007-08-16,34.5
2007-08-17,35.39
2007-08-20,34.99
2007-08-21,34.92
2007-08-22,35.2
2007-08-23,35.29
2007-08-24,35.92
2007-08-27,36.18
2007-08-28,36.05
2007-08-29,36.26
2007-08-30,36.33
2007-08-31,36.54
2007-09-04,37.19
2007-09-05,37.31
2007-09-06,37.08
2007-09-07,37.28
2007-09-10,37.68
2007-09-11,37.88
2007-09-12,38.87
2007-09-13,39.08
2007-09-17,39.72
2007-09-18,39.48
2007-09-19,39.28
2007-09-20,39.44
2007-09-21,38.99
2007-09-24,39.31
2007-09-25,38.64
2007-09-26,38.97
2007-09-27,39.68
2007-09-28,39.49
2007-10-01,39.05
2007-10-02,38.03
2007-10-03,38.11
2007-10-04,38.55
2007-10-05,38.5
2007-10-08,37.98
2007-10-09,38.45
2007-10-10,38.9
2007-10-11,39.4
2007-10-12,39.38
2007-10-15,40.06
2007-10-16,40.23
2007-10-17,40.15
2007-10-18,40.99
2007-10-19,40.56
2007-10-22,40.22
2007-10-23,40.42
2007-10-24,40.48
2007-10-25,40.92
2007-10-26,41.38
2007-10-29,42.2
2007-10-30,41.68
2007-10-31,42.31
2007-11-01,42.07
2007-11-02,42.64
2007-11-05,42.56
2007-11-06,43.62
2007-11-07,43.64
2007-11-08,44.15
2007-11-09,45.08
2007-11-12,44.46
2007-11-13,44.23
2007-11-14,45.05
2007-11-15,44.66
2007-11-16,44.82
2007-11-19,44.8
2007-11-20,45.72
2007-11-21,45.95
2007-11-23,46.67
2007-11-26,46.69
2007-11-27,46.3
2007-11-28,46.13
2007-11-29,46.2
2007-11-30,45.64
2007-12-03,45.42
2007-12-04,45.5
2007-12-05,45.25
2007-12-06,45.25
2007-12-07,45.3
2007-12-10,45.35
2007-12-11,45.58
2007-12-12,46.25
2007-12-13,46.0
2007-12-14,45.85
2007-12-17,46.17
2007-12-18,46.21
2007-12-19,46.83
2007-12-20,46.63
2007-12-21,47.15
2007-12-24,47.46
2007-12-26,49.06
2007-12-27,48.74
2007-12-28,48.83
2007-12-31,48.85
2008-01-02,49.96
2008-01-03,50.5
2008-01-04,50.55
2008-01-07,50.2
2008-01-08,50.51
2008-01-09,50.7
2008-01-10,50.85
2008-01-11,52.1
2008-01-14,53.15
2008-01-15,53.31
2008-01-16,52.73
2008-01-17,52.91
2008-01-18,53.14
2008-01-22,51.68
2008-01-23,49.68
2008-01-24,51.68
2008-01-25,52.01
2008-01-28,52.55
2008-01-29,53.42
2008-01-30,53.46
2008-01-31,53.72
2008-02-01,54.12
2008-02-04,55.76
2008-02-05,55.4
2008-02-06,55.16
2008-02-07,55.12
2008-02-08,55.42
2008-02-11,55.3
2008-02-12,55.66
2008-02-13,56.26
2008-02-14,58.16
2008-02-15,58.57
2008-02-19,60.21
2008-02-20,60.68
2008-02-21,61.31
2008-02-22,62.3
2008-02-25,63.6
2008-02-26,64.27
2008-02-27,64.47
2008-02-28,66.45
2008-02-29,68.15
2008-03-03,70.4
2008-03-04,67.2
2008-03-05,66.55
2008-03-06,63.7
2008-03-07,60.25
2008-03-10,61.2
2008-03-11,62.6
2008-03-12,61.65
2008-03-13,62.1
2008-03-14,60.0
2008-03-17,58.56
2008-03-18,58.4
2008-03-19,56.4
2008-03-20,54.4
2008-03-24,55.77
2008-03-25,57.77
2008-03-26,57.75
2008-03-27,57.48
2008-03-28,54.98
2008-03-31,51.48
2008-04-01,52.15
2008-04-02,55.05
2008-04-03,55.37
2008-04-04,56.61
2008-04-07,55.97
2008-04-08,55.84
2008-04-09,58.07
2008-04-10,60.17
2008-04-11,59.94
2008-04-14,61.5
2008-04-15,62.52
2008-04-16,61.53
2008-04-17,60.83
2008-04-18,60.98
2008-04-21,58.99
2008-04-22,60.97
2008-04-23,61.23
2008-04-24,60.17
2008-04-25,58.97
2008-04-28,57.75
2008-04-29,57.09
2008-04-30,57.67
2008-05-01,55.76
2008-05-02,56.67
2008-05-05,56.77
2008-05-06,57.32
2008-05-07,58.64
2008-05-08,59.08
2008-05-09,61.53
2008-05-12,60.79
2008-05-13,61.65
2008-05-14,60.91
2008-05-15,60.03
2008-05-16,61.85
2008-05-19,60.2
2008-05-20,61.03
2008-05-21,63.25
2008-05-22,61.83
2008-05-23,63.56
2008-05-27,62.2
2008-05-28,62.65
2008-05-29,60.3
2008-05-30,61.31
2008-06-02,61.7
2008-06-03,61.04
2008-06-04,60.47
2008-06-05,62.65
2008-06-06,64.34
2008-06-09,64.3
2008-06-10,62.65
2008-06-11,65.0
2008-06-12,66.2
2008-06-13,66.19
2008-06-16,65.65
2008-06-17,65.8
2008-06-18,65.46
2008-06-19,64.12
2008-06-20,63.88
2008-06-23,63.27
2008-06-24,63.1
2008-06-25,64.21
2008-06-26,65.66
2008-06-27,65.57
2008-06-30,66.04
2008-07-01,66.71
2008-07-02,67.77
2008-07-03,67.33
2008-07-07,64.89
2008-07-08,63.38
2008-07-09,63.78
2008-07-10,64.45
2008-07-11,64.48
2008-07-14,63.63
2008-07-15,63.03
2008-07-16,64.09
2008-07-17,63.42
2008-07-18,62.09
2008-07-21,59.91
2008-07-22,60.13
2008-07-23,58.55
2008-07-24,58.93
2008-07-25,59.17
2008-07-28,59.3
2008-07-29,57.83
2008-07-30,58.26
2008-07-31,58.26
2008-08-01,56.61
2008-08-04,54.1
2008-08-05,52.98
2008-08-06,51.48
2008-08-07,52.09
2008-08-08,50.39
2008-08-11,50.41
2008-08-12,49.83
2008-08-13,52.29
2008-08-14,51.25
2008-08-15,50.04
2008-08-18,52.52
2008-08-19,52.38
2008-08-20,53.07
2008-08-21,55.56
2008-08-22,54.15
2008-08-25,54.52
2008-08-26,53.92
2008-08-27,54.22
2008-08-28,53.34
2008-08-29,53.4
2008-09-02,52.03
2008-09-03,50.48
2008-09-04,49.53
2008-09-05,48.18
2008-09-08,48.53
2008-09-09,48.18
2008-09-10,47.69
2008-09-11,47.0
2008-09-12,47.15
2008-09-15,46.08
2008-09-16,43.6
2008-09-17,43.97
2008-09-18,44.44
2008-09-19,46.92
2008-09-22,49.55
2008-09-23,47.74
2008-09-24,47.7
2008-09-25,47.77
2008-09-26,47.4
2008-09-29,44.7
2008-09-30,44.0
2008-10-01,44.2
2008-10-02,42.71
2008-10-03,42.0
2008-10-06,39.3
2008-10-07,39.41
2008-10-08,39.4
2008-10-09,39.44
2008-10-10,36.5
2008-10-13,38.9
2008-10-14,38.4
2008-10-15,35.53
2008-10-16,35.45
2008-10-17,35.5
2008-10-20,37.61
2008-10-21,35.8
2008-10-22,33.3
2008-10-23,32.82
2008-10-24,31.47
2008-10-27,31.72
2008-10-28,31.88
2008-10-29,34.33
2008-10-30,34.48
2008-10-31,33.6
2008-11-03,34.74
2008-11-04,35.97
2008-11-05,34.02
2008-11-06,34.17
2008-11-07,33.9
2008-11-10,35.38
2008-11-11,33.73
2008-11-12,32.58
2008-11-13,32.81
2008-11-14,32.6
2008-11-17,32.32
2008-11-18,32.28
2008-11-19,31.97
2008-11-20,30.63
2008-11-21,30.7
2008-11-24,32.74
2008-11-25,32.24
2008-11-26,32.5
2008-11-28,32.58
2008-12-01,31.11
2008-12-02,30.42
2008-12-03,30.28
2008-12-04,29.22
2008-12-05,28.25
2008-12-08,29.48
2008-12-09,29.54
2008-12-10,30.59
2008-12-11,31.46
2008-12-12,31.1
2008-12-15,30.55
2008-12-16,31.35
2008-12-17,31.0
2008-12-18,30.7
2008-12-19,30.6
2008-12-22,30.94
2008-12-23,31.21
2008-12-24,31.31
2008-12-26,32.82
2008-12-29,32.21
2008-12-30,32.11
2008-12-31,33.29
2009-01-02,33.58
2009-01-05,34.9
2009-01-06,37.05
2009-01-07,35.92
2009-01-08,35.52
2009-01-09,36.5
2009-01-12,34.18
2009-01-13,34.6
2009-01-14,34.0
2009-01-15,34.4
2009-01-16,34.59
2009-01-20,33.81
2009-01-21,33.95
2009-01-22,33.53
2009-01-23,33.6
2009-01-26,33.77
2009-01-27,32.77
2009-01-28,32.91
2009-01-29,32.37
2009-01-30,32.73
2009-02-02,31.76
2009-02-03,31.53
2009-02-04,32.35
2009-02-05,33.05
2009-02-06,33.4
2009-02-09,34.23
2009-02-10,33.64
2009-02-11,33.18
2009-02-12,32.83
2009-02-13,33.0
2009-02-17,31.15
2009-02-18,30.42
2009-02-19,30.42
2009-02-20,30.22
2009-02-23,30.31
2009-02-24,30.51
2009-02-25,31.9
2009-02-26,31.64
2009-02-27,30.85
2009-03-02,30.1
2009-03-03,30.19
2009-03-04,30.74
2009-03-05,30.44
2009-03-06,30.76
2009-03-09,30.51
2009-03-10,30.72
2009-03-11,29.64
2009-03-12,30.11
2009-03-13,29.8
2009-03-16,30.86
2009-03-17,31.31
2009-03-18,30.92
2009-03-19,31.89
2009-03-20,32.25
2009-03-23,33.1
2009-03-24,33.27
2009-03-25,33.37
2009-03-26,33.6
2009-03-27,32.42
2009-03-30,32.04
2009-03-31,33.62
2009-04-01,33.5
2009-04-02,35.1
2009-04-03,35.32
2009-04-06,34.99
2009-04-07,34.84
2009-04-08,34.99
2009-04-09,35.42
2009-04-13,36.06
2009-04-14,36.95
2009-04-15,36.95
2009-04-16,36.75
2009-04-17,36.77
2009-04-20,35.45
2009-04-21,36.13
2009-04-22,36.09
2009-04-23,36.2
2009-04-24,36.34
2009-04-27,35.54
2009-04-28,34.9
2009-04-29,35.43
2009-04-30,36.22
2009-05-01,37.43
2009-05-04,37.94
2009-05-05,37.69
2009-05-06,38.65
2009-05-07,38.47
2009-05-08,39.3
2009-05-11,39.28
2009-05-12,39.39
2009-05-13,38.9
2009-05-14,38.6
2009-05-15,37.9
2009-05-18,38.16
2009-05-19,38.17
2009-05-20,38.37
2009-05-21,37.98
2009-05-22,38.1
2009-05-26,37.75
2009-05-27,37.81
2009-05-28,37.81
2009-05-29,39.05
2009-06-01,40.45
2009-06-02,40.5
2009-06-03,39.25
2009-06-04,40.34
2009-06-05,39.73
2009-06-08,39.4
2009-06-09,39.45
2009-06-10,38.61
2009-06-11,38.2
2009-06-12,37.16
2009-06-15,36.62
2009-06-16,36.96
2009-06-17,37.1
2009-06-18,36.95
2009-06-19,36.53
2009-06-22,35.93
2009-06-23,36.93
2009-06-24,36.44
2009-06-25,36.54
2009-06-26,36.08
2009-06-29,35.78
2009-06-30,35.02
2009-07-01,35.82
2009-07-02,35.18
2009-07-06,34.29
2009-07-07,32.9
2009-07-08,32.08
2009-07-09,32.58
2009-07-10,32.7
2009-07-13,33.27
2009-07-14,33.65
2009-07-15,34.12
2009-07-16,33.8
2009-07-17,34.82
2009-07-20,35.34
2009-07-21,34.77
2009-07-22,34.52
2009-07-23,34.67
2009-07-24,33.89
2009-07-27,33.6
2009-07-28,33.82
2009-07-29,33.07
2009-07-30,34.93
2009-07-31,35.06
2009-08-03,37.54
2009-08-04,37.45
2009-08-05,37.52
2009-08-06,36.83
2009-08-07,36.78
2009-08-10,36.49
2009-08-11,38.02
2009-08-12,38.47
2009-08-13,37.54
2009-08-14,37.18
2009-08-17,35.87
2009-08-18,35.94
2009-08-19,36.11
2009-08-20,35.8
2009-08-21,36.33
2009-08-24,37.11
2009-08-25,36.54
2009-08-26,36.46
2009-08-27,36.21
2009-08-28,36.07
2009-08-31,34.99
2009-09-01,34.53
2009-09-02,34.12
2009-09-03,34.08
2009-09-04,33.65
2009-09-08,34.23
2009-09-09,33.73
2009-09-10,33.7
2009-09-11,33.36
2009-09-14,33.15
2009-09-15,34.43
2009-09-16,34.38
2009-09-17,34.55
2009-09-18,34.68
2009-09-21,33.77
2009-09-22,34.51
2009-09-23,34.16
2009-09-24,34.09
2009-09-25,34.04
2009-09-28,33.24
2009-09-29,33.47
2009-09-30,33.97
2009-10-01,34.25
2009-10-02,33.73
2009-10-05,33.53
2009-10-06,33.94
2009-10-07,33.73
2009-10-08,34.28
2009-10-09,34.91
2009-10-12,36.3
2009-10-13,35.86
2009-10-14,35.95
2009-10-15,36.78
2009-10-16,36.94
2009-10-19,37.59
2009-10-20,37.47
2009-10-21,38.56
2009-10-22,38.3
2009-10-23,37.94
2009-10-26,37.63
2009-10-27,37.48
2009-10-28,36.86
2009-10-29,37.52
2009-10-30,36.4
2009-11-02,36.79
2009-11-03,37.53
2009-11-04,37.55
2009-11-05,37.18
2009-11-06,36.77
2009-11-09,37.77
2009-11-10,37.56
2009-11-11,38.37
2009-11-12,38.37
2009-11-13,38.61
2009-11-16,39.77
2009-11-17,39.81
2009-11-18,39.75
2009-11-19,39.45
2009-11-20,39.71
2009-11-23,39.4
2009-11-24,39.7
2009-11-25,40.57
2009-11-27,40.1
2009-11-30,40.19
2009-12-01,40.58
2009-12-02,39.75
2009-12-03,39.75
2009-12-04,39.76
2009-12-07,40.31
2009-12-08,40.11
2009-12-09,38.9
2009-12-10,39.09
2009-12-11,39.22
2009-12-14,39.4
2009-12-15,39.64
2009-12-16,40.33
2009-12-17,38.64
2009-12-18,38.33
2009-12-21,38.28
2009-12-22,38.05
2009-12-23,38.08
2009-12-24,38.46
2009-12-28,39.63
2009-12-29,39.43
2009-12-30,39.49
2009-12-31,40.35
2010-01-04,40.9
2010-01-05,40.71
2010-01-06,40.67
2010-01-07,39.99
2010-01-08,39.53
2010-01-11,39.19
2010-01-12,38.26
2010-01-13,38.63
2010-01-14,37.8
2010-01-15,37.53
2010-01-19,37.15
2010-01-20,36.57
2010-01-21,37.0
2010-01-22,36.71
2010-01-25,36.5
2010-01-26,36.77
2010-01-27,36.32
2010-01-28,36.15
2010-01-29,36.15
2010-02-01,36.19
2010-02-02,37.47
2010-02-03,36.9
2010-02-04,37.21
2010-02-05,37.0
2010-02-08,37.95
2010-02-09,38.38
2010-02-10,38.27
2010-02-11,38.14
2010-02-12,37.84
2010-02-16,38.95
2010-02-17,38.75
2010-02-18,38.7
2010-02-19,38.52
2010-02-22,38.83
2010-02-23,38.31
2010-02-24,39.05
2010-02-25,38.53
2010-02-26,39.29
2010-03-01,39.5
2010-03-02,39.81
2010-03-03,40.02
2010-03-04,39.63
2010-03-05,39.72
2010-03-08,39.95
2010-03-09,39.97
2010-03-10,40.69
2010-03-11,39.82
2010-03-12,39.05
2010-03-15,38.75
2010-03-16,39.37
2010-03-17,39.83
2010-03-18,39.25
2010-03-19,39.3
2010-03-22,39.72
2010-03-23,39.54
2010-03-24,39.08
2010-03-25,38.7
2010-03-26,38.95
2010-03-29,39.27
2010-03-30,38.67
2010-03-31,38.31
2010-04-01,38.98
2010-04-05,39.35
2010-04-06,39.77
2010-04-07,40.03
2010-04-08,39.92
2010-04-09,40.04
2010-04-12,39.59
2010-04-13,39.74
2010-04-14,39.86
2010-04-15,40.07
2010-04-16,39.8
2010-04-19,38.93
2010-04-20,39.07
2010-04-21,38.9
2010-04-22,39.09
2010-04-23,39.35
2010-04-26,39.29
2010-04-27,39.12
2010-04-28,38.54
2010-04-29,38.8
2010-04-30,38.58
2010-05-03,38.65
2010-05-04,38.36
2010-05-05,38.64
2010-05-06,37.84
2010-05-07,38.13
2010-05-10,38.1
2010-05-11,38.03
2010-05-12,38.16
2010-05-13,37.8
2010-05-14,37.17
2010-05-17,37.13
2010-05-18,37.19
2010-05-19,37.5
2010-05-20,37.39
2010-05-21,36.96
2010-05-24,37.52
2010-05-25,37.17
2010-05-26,37.85
2010-05-27,38.18
2010-05-28,37.61
2010-06-01,37.52
2010-06-02,37.42
2010-06-03,37.66
2010-06-04,36.78
2010-06-07,36.47
2010-06-08,36.67
2010-06-09,36.75
2010-06-10,36.75
2010-06-11,36.9
2010-06-14,37.39
2010-06-15,37.81
2010-06-16,38.13
2010-06-17,38.05
2010-06-18,37.92
2010-06-21,38.05
2010-06-22,37.93
2010-06-23,37.59
2010-06-24,37.17
2010-06-25,37.16
2010-06-28,36.94
2010-06-29,35.93
2010-06-30,36.28
2010-07-01,35.87
2010-07-02,36.01
2010-07-06,35.84
2010-07-07,36.81
2010-07-08,36.86
2010-07-09,37.38
2010-07-12,37.5
2010-07-13,37.92
2010-07-14,38.05
2010-07-15,38.59
2010-07-16,38.31
2010-07-19,37.96
2010-07-20,38.4
2010-07-21,38.26
2010-07-22,38.9
2010-07-23,39.07
2010-07-26,38.8
2010-07-27,38.56
2010-07-28,38.84
2010-07-29,39.27
2010-07-30,39.83
2010-08-02,40.44
2010-08-03,40.95
2010-08-04,41.36
2010-08-05,41.26
2010-08-06,41.39
2010-08-09,41.72
2010-08-10,41.46
2010-08-11,41.63
2010-08-12,41.09
2010-08-13,41.8
2010-08-16,41.45
2010-08-17,41.59
2010-08-18,40.86
2010-08-19,39.89
2010-08-20,39.52
2010-08-23,39.25
2010-08-24,39.48
2010-08-25,39.14
2010-08-26,39.49
2010-08-27,40.2
2010-08-30,39.95
2010-08-31,39.48
2010-09-01,39.55
2010-09-02,39.66
2010-09-03,40.32
2010-09-07,41.26
2010-09-08,41.16
2010-09-09,41.08
2010-09-10,41.25
2010-09-13,41.34
2010-09-14,41.2
2010-09-15,41.61
2010-09-16,41.36
2010-09-17,41.91
2010-09-20,42.65
2010-09-21,42.42
2010-09-22,42.87
2010-09-23,43.51
2010-09-24,44.48
2010-09-27,44.58
2010-09-28,44.56
2010-09-29,44.06
2010-09-30,44.7
2010-10-01,43.49
2010-10-04,43.1
2010-10-05,43.47
2010-10-06,43.44
2010-10-07,43.79
2010-10-08,46.22
2010-10-11,45.98
2010-10-12,46.54
2010-10-13,47.22
2010-10-14,47.35
2010-10-15,47.77
2010-10-18,47.66
2010-10-19,47.1
2010-10-20,48.47
2010-10-21,48.24
2010-10-22,48.3
2010-10-25,49.47
2010-10-26,49.53
2010-10-27,49.6
2010-10-28,49.7
2010-10-29,49.3
2010-11-01,49.75
2010-11-02,49.63
2010-11-03,49.9
2010-11-04,51.25
2010-11-05,52.22
2010-11-08,52.01
2010-11-09,53.4
2010-11-10,53.95
2010-11-11,55.03
2010-11-12,52.53
2010-11-15,52.47
2010-11-16,49.97
2010-11-17,48.94
2010-11-18,50.92
2010-11-19,48.96
2010-11-22,49.18
2010-11-23,49.22
2010-11-24,50.24
2010-11-26,49.9
2010-11-29,49.87
2010-11-30,50.65
2010-12-01,52.25
2010-12-02,52.47
2010-12-03,53.08
2010-12-06,53.13
2010-12-07,53.39
2010-12-08,53.8
2010-12-09,53.79
2010-12-10,53.79
2010-12-13,55.1
2010-12-14,54.8
2010-12-15,54.2
2010-12-16,54.07
2010-12-17,54.13
2010-12-20,54.98
2010-12-21,55.56
2010-12-22,55.97
2010-12-23,56.59
2010-12-27,57.15
2010-12-28,56.82
2010-12-29,56.38
2010-12-30,56.61
2010-12-31,57.74
2011-01-03,57.09
2011-01-04,56.33
2011-01-05,57.25
2011-01-06,56.9
2011-01-07,56.35
2011-01-10,56.66
2011-01-11,56.17
2011-01-12,57.43
2011-01-13,57.3
2011-01-14,56.7
2011-01-18,57.55
2011-01-19,57.69
2011-01-20,57.26
2011-01-21,57.56
2011-01-24,57.18
2011-01-25,55.78
2011-01-26,56.7
2011-01-27,57.41
2011-01-28,57.27
2011-01-31,57.88
2011-02-01,58.72
2011-02-02,59.25
2011-02-03,58.78
2011-02-04,58.98
2011-02-07,58.41
2011-02-08,58.77
2011-02-09,59.74
2011-02-10,59.04
2011-02-11,58.49
2011-02-14,57.69
2011-02-15,56.54
2011-02-16,56.61
2011-02-17,58.25
2011-02-18,56.49
2011-02-22,53.99
2011-02-23,55.02
2011-02-24,54.61
2011-02-25,56.95
2011-02-28,56.77
2011-03-01,57.07
2011-03-02,58.27
2011-03-03,58.26
2011-03-04,58.96
2011-03-07,58.57
2011-03-08,57.97
2011-03-09,56.67
2011-03-10,56.48
2011-03-11,55.49
2011-03-14,55.27
2011-03-15,52.88
2011-03-16,52.96
2011-03-17,54.52
2011-03-18,55.77
2011-03-21,55.88
2011-03-22,55.86
2011-03-23,55.48
2011-03-24,56.12
2011-03-25,56.84
2011-03-28,56.53
2011-03-29,57.02
2011-03-30,57.32
2011-03-31,58.78
2011-04-01,58.68
2011-04-04,58.88
2011-04-05,58.85
2011-04-06,58.78
2011-04-07,58.32
2011-04-08,59.77
2011-04-11,58.82
2011-04-12,57.24
2011-04-13,57.36
2011-04-14,56.87
2011-04-15,56.84
2011-04-18,57.39
2011-04-19,57.53
2011-04-20,58.14
2011-04-21,58.27
2011-04-25,58.21
2011-04-26,58.05
2011-04-27,57.86
2011-04-28,56.43
2011-04-29,58.13
2011-05-02,58.19
2011-05-03,57.27
2011-05-04,56.76
2011-05-05,55.36
2011-05-06,55.37
2011-05-09,55.98
2011-05-10,56.49
2011-05-11,56.07
2011-05-12,56.21
2011-05-13,55.75
2011-05-16,55.91
2011-05-17,56.04
2011-05-18,57.3
2011-05-19,57.46
2011-05-20,57.46
2011-05-23,57.22
2011-05-24,57.48
2011-05-25,57.96
2011-05-26,58.7
2011-05-27,58.61
2011-05-31,58.49
2011-06-01,58.43
2011-06-02,58.91
2011-06-03,58.73
2011-06-06,58.03
2011-06-07,57.93
2011-06-08,57.94
2011-06-09,57.4
2011-06-10,56.85
2011-06-13,56.82
2011-06-14,56.85
2011-06-15,57.05
2011-06-16,56.32
2011-06-17,55.92
2011-06-20,56.02
2011-06-21,56.6
2011-06-22,56.15
2011-06-23,55.15
2011-06-24,55.22
2011-06-27,54.91
2011-06-28,55.34
2011-06-29,55.83
2011-06-30,55.04
2011-07-01,55.16
2011-07-05,55.1
2011-07-06,55.27
2011-07-07,56.47
2011-07-08,56.2
2011-07-11,56.2
2011-07-12,56.3
2011-07-13,57.45
2011-07-14,57.45
2011-07-15,57.35
2011-07-18,56.92
2011-07-19,56.69
2011-07-20,56.77
2011-07-21,56.48
2011-07-22,56.51
2011-07-25,56.1
2011-07-26,56.59
2011-07-27,56.4
2011-07-28,55.76
2011-07-29,55.65
2011-08-01,56.15
2011-08-02,57.09
2011-08-03,56.28
2011-08-04,55.18
2011-08-05,54.9
2011-08-08,53.82
2011-08-09,53.03
2011-08-10,53.03
2011-08-11,54.03
2011-08-12,54.6
2011-08-15,54.91
2011-08-16,55.0
2011-08-17,55.65
2011-08-18,55.27
2011-08-19,55.39
2011-08-22,55.6
2011-08-23,55.62
2011-08-24,55.78
2011-08-25,55.6
2011-08-26,56.6
2011-08-29,58.0
2011-08-30,58.2
2011-08-31,58.55
2011-09-01,57.71
2011-09-02,57.74
2011-09-06,57.56
2011-09-07,58.18
2011-09-08,57.82
2011-09-09,58.2
2011-09-12,57.25
2011-09-13,57.16
2011-09-14,56.75
2011-09-15,56.22
2011-09-16,56.55
2011-09-19,55.53
2011-09-20,55.31
2011-09-21,55.04
2011-09-22,53.68
2011-09-23,52.4
2011-09-26,52.22
2011-09-27,52.57
2011-09-28,51.55
2011-09-29,51.63
2011-09-30,49.95
2011-10-03,49.76
2011-10-04,48.79
2011-10-05,49.0
2011-10-06,48.92
2011-10-07,49.07
2011-10-10,49.86
2011-10-11,51.95
2011-10-12,51.6
2011-10-13,52.2
2011-10-14,53.2
2011-10-17,52.9
2011-10-18,52.7
2011-10-19,51.48
2011-10-20,51.39
2011-10-21,51.25
2011-10-24,51.79
2011-10-25,51.5
2011-10-26,50.89
2011-10-27,52.11
2011-10-28,51.77
2011-10-31,51.17
2011-11-01,50.8
2011-11-02,50.85
2011-11-03,52.03
2011-11-04,51.87
2011-11-07,51.2
2011-11-08,51.85
2011-11-09,50.99
2011-11-10,50.52
2011-11-11,50.98
2011-11-14,51.22
2011-11-15,52.6
2011-11-16,52.48
2011-11-17,51.4
2011-11-18,50.88
2011-11-21,49.89
2011-11-22,50.78
2011-11-23,49.32
2011-11-25,48.23
2011-11-28,48.91
2011-11-29,49.18
2011-11-30,49.27
2011-12-01,49.52
2011-12-02,50.05
2011-12-05,50.07
2011-12-06,49.98
2011-12-07,50.24
2011-12-08,50.2
2011-12-09,49.34
2011-12-12,49.06
2011-12-13,48.99
2011-12-14,48.58
2011-12-15,48.98
2011-12-16,49.55
2011-12-19,49.05
2011-12-20,49.38
2011-12-21,49.45
2011-12-22,50.45
2011-12-23,50.96
2011-12-27,51.84
2011-12-28,51.78
2011-12-29,51.14
2011-12-30,52.09
2012-01-03,52.8
2012-01-04,52.73
2012-01-05,51.77
2012-01-06,50.8
2012-01-09,52.02
2012-01-10,52.2
2012-01-11,51.59
2012-01-12,51.15
2012-01-13,50.2
2012-01-17,50.77
2012-01-18,50.4
2012-01-19,51.06
2012-01-20,50.43
2012-01-23,51.42
2012-01-24,51.35
2012-01-25,51.39
2012-01-26,51.94
2012-01-27,51.59
2012-01-30,50.25
2012-01-31,50.87
2012-02-01,51.18
2012-02-02,51.19
2012-02-03,51.65
2012-02-06,52.16
2012-02-07,52.17
2012-02-08,52.58
2012-02-09,52.54
2012-02-10,52.53
2012-02-13,53.05
2012-02-14,53.02
2012-02-15,53.35
2012-02-16,53.05
2012-02-17,53.4
2012-02-21,54.06
2012-02-22,54.22
2012-02-23,54.2
2012-02-24,54.29
2012-02-27,54.46
2012-02-28,54.42
2012-02-29,54.09
2012-03-01,53.94
2012-03-02,53.76
2012-03-05,53.41
2012-03-06,52.92
2012-03-07,52.61
2012-03-08,53.02
2012-03-09,53.95
2012-03-12,53.63
2012-03-13,54.52
2012-03-14,54.51
2012-03-15,55.48
2012-03-16,55.5
2012-03-19,55.4
2012-03-20,54.33
2012-03-21,54.38
2012-03-22,53.96
2012-03-23,54.88
2012-03-26,55.43
2012-03-27,55.1
2012-03-28,54.6
2012-03-29,53.59
2012-03-30,55.1
2012-04-02,56.16
2012-04-03,55.9
2012-04-04,56.02
2012-04-05,56.64
2012-04-09,56.71
2012-04-10,56.97
2012-04-11,56.45
2012-04-12,57.23
2012-04-13,56.52
2012-04-16,55.66
2012-04-17,55.76
2012-04-18,55.19
2012-04-19,55.17
2012-04-20,55.83
2012-04-23,55.09
2012-04-24,55.29
2012-04-25,55.65
2012-04-26,55.37
2012-04-27,55.18
2012-04-30,54.66
2012-05-01,54.52
2012-05-02,54.33
2012-05-03,53.8
2012-05-04,53.3
2012-05-07,53.21
2012-05-08,52.9
2012-05-09,52.46
2012-05-10,53.15
2012-05-11,51.9
2012-05-14,50.8
2012-05-15,51.47
2012-05-16,50.43
2012-05-17,50.72
2012-05-18,50.32
2012-05-21,50.92
2012-05-22,50.46
2012-05-23,48.91
2012-05-24,49.42
2012-05-25,50.12
2012-05-29,50.17
2012-05-30,49.69
2012-05-31,49.2
2012-06-01,48.59
2012-06-04,48.31
2012-06-05,48.5
2012-06-06,49.25
2012-06-07,50.39
2012-06-08,49.46
2012-06-11,49.74
2012-06-12,49.72
2012-06-13,49.1
2012-06-14,48.0
2012-06-15,48.44
2012-06-18,48.76
2012-06-19,50.44
2012-06-20,50.81
2012-06-21,49.81
2012-06-22,49.74
2012-06-25,51.27
2012-06-26,50.88
2012-06-27,51.36
2012-06-28,50.92
2012-06-29,52.21
2012-07-02,52.18
2012-07-03,52.95
2012-07-05,54.15
2012-07-06,53.27
2012-07-09,54.43
2012-07-10,54.21
2012-07-11,53.62
2012-07-12,53.15
2012-07-13,53.57
2012-07-16,54.65
2012-07-17,54.14
2012-07-18,54.01
2012-07-19,54.4
2012-07-20,54.36
2012-07-23,53.75
2012-07-24,51.58
2012-07-25,52.24
2012-07-26,51.68
2012-07-27,52.04
2012-07-30,52.57
2012-07-31,52.55
2012-08-01,51.73
2012-08-02,51.54
2012-08-03,52.04
2012-08-06,51.48
2012-08-07,51.29
2012-08-08,51.58
2012-08-09,52.39
2012-08-10,53.6
2012-08-13,52.95
2012-08-14,52.83
2012-08-15,53.07
2012-08-16,53.04
2012-08-17,53.11
2012-08-20,53.89
2012-08-21,55.57
2012-08-22,56.17
2012-08-23,56.12
2012-08-24,56.24
2012-08-27,55.91
2012-08-28,55.73
2012-08-29,56.64
2012-08-30,56.59
2012-08-31,56.42
2012-09-04,57.57
2012-09-05,57.36
2012-09-06,56.78
2012-09-07,56.07
2012-09-10,55.96
2012-09-11,55.31
2012-09-12,55.91
2012-09-13,56.46
2012-09-14,56.64
2012-09-17,54.98
2012-09-18,54.91
2012-09-19,55.83
2012-09-20,54.63
2012-09-21,54.45
2012-09-24,53.76
2012-09-25,53.09
2012-09-26,51.65
2012-09-27,52.11
2012-09-28,52.18
2012-10-01,50.72
2012-10-02,50.27
2012-10-03,50.33
2012-10-04,51.0
2012-10-05,50.76
2012-10-08,50.48
2012-10-09,50.82
2012-10-10,50.17
2012-10-11,50.88
2012-10-12,49.89
2012-10-15,50.01
2012-10-16,50.47
2012-10-17,51.03
2012-10-18,52.3
2012-10-19,51.58
2012-10-22,51.66
2012-10-23,51.32
2012-10-24,51.84
2012-10-25,51.45
2012-10-26,50.96
2012-10-29,50.18
2012-10-30,50.09
2012-10-31,50.16
2012-11-01,50.43
2012-11-02,49.26
2012-11-05,48.32
2012-11-06,48.68
2012-11-07,48.62
2012-11-08,48.77
2012-11-09,47.77
2012-11-12,47.39
2012-11-13,47.02
2012-11-14,47.67
2012-11-15,47.46
2012-11-16,47.05
2012-11-19,47.89
2012-11-20,48.32
2012-11-21,48.53
2012-11-23,49.04
2012-11-26,49.27
2012-11-27,50.12
2012-11-28,50.11
2012-11-29,49.77
2012-11-30,49.41
2012-12-03,49.9
2012-12-04,49.74
2012-12-05,50.66
2012-12-06,50.87
2012-12-07,50.82
2012-12-10,50.83
2012-12-11,49.87
2012-12-12,49.18
2012-12-13,48.62
2012-12-14,49.63
2012-12-17,49.79
2012-12-18,49.17
2012-12-19,48.41
2012-12-20,47.91
2012-12-21,48.71
2012-12-24,48.94
2012-12-26,48.29
2012-12-27,48.29
2012-12-28,48.94
2012-12-31,49.16
2013-01-02,50.52
2013-01-03,50.21
2013-01-04,49.42
2013-01-07,49.5
2013-01-08,49.14
2013-01-09,49.24
2013-01-10,49.39
2013-01-11,48.88
2013-01-14,50.17
2013-01-15,50.87
2013-01-16,51.31
2013-01-17,51.49
2013-01-18,51.68
2013-01-22,52.43
2013-01-23,52.03
2013-01-24,52.11
2013-01-25,52.1
2013-01-28,51.89
2013-01-29,51.71
2013-01-30,52.6
2013-01-31,52.86
2013-02-01,52.99
2013-02-04,53.11
2013-02-05,52.98
2013-02-06,52.45
2013-02-07,51.85
2013-02-08,51.43
2013-02-11,51.24
2013-02-12,51.1
2013-02-13,51.66
2013-02-14,51.7
2013-02-15,51.62
2013-02-19,52.53
2013-02-20,52.07
2013-02-21,51.31
2013-02-22,50.35
2013-02-25,50.07
2013-02-26,49.02
2013-02-27,49.27
2013-02-28,48.82
2013-03-01,49.47
2013-03-04,50.05
2013-03-05,49.92
2013-03-06,50.06
2013-03-07,50.4
2013-03-08,50.16
2013-03-11,50.24
2013-03-12,49.83
2013-03-13,49.36
2013-03-14,49.09
2013-03-15,49.91
2013-03-18,49.68
2013-03-19,49.48
2013-03-20,49.84
2013-03-21,50.42
2013-03-22,50.43
2013-03-25,50.44
2013-03-26,50.82
2013-03-27,50.82
2013-03-28,50.11
2013-04-01,50.06
2013-04-02,49.59
2013-04-03,49.15
2013-04-04,48.55
2013-04-05,48.83
2013-04-08,49.52
2013-04-09,49.98
2013-04-10,50.03
2013-04-11,49.77
2013-04-12,49.23
2013-04-15,48.18
2013-04-16,48.98
2013-04-17,49.39
2013-04-18,49.66
2013-04-19,49.16
2013-04-22,48.62
2013-04-23,48.57
2013-04-24,49.18
2013-04-25,49.77
2013-04-26,49.66
2013-04-29,49.46
2013-04-30,49.13
2013-05-01,48.64
2013-05-02,48.42
2013-05-03,49.16
2013-05-06,48.69
2013-05-07,49.09
2013-05-08,48.66
2013-05-09,49.07
2013-05-10,49.17
2013-05-13,49.61
2013-05-14,49.26
2013-05-15,49.35
2013-05-16,49.52
2013-05-17,49.52
2013-05-20,49.2
2013-05-21,49.48
2013-05-22,49.64
2013-05-23,49.66
2013-05-24,49.24
2013-05-28,49.54
2013-05-29,48.63
2013-05-30,48.58
2013-05-31,48.38
2013-06-03,48.66
2013-06-04,48.59
2013-06-05,48.3
2013-06-06,48.16
2013-06-07,48.53
2013-06-10,48.07
2013-06-11,48.04
2013-06-12,48.11
2013-06-13,47.84
2013-06-14,48.48
2013-06-17,48.84
2013-06-18,48.81
2013-06-19,49.35
2013-06-20,48.4
2013-06-21,48.02
2013-06-24,47.55
2013-06-25,47.14
2013-06-26,46.63
2013-06-27,46.4
2013-06-28,46.42
2013-07-01,46.85
2013-07-02,46.92
2013-07-03,47.22
2013-07-05,47.23
2013-07-08,47.01
2013-07-09,47.08
2013-07-10,46.98
2013-07-11,46.49
2013-07-12,46.09
2013-07-15,45.84
2013-07-16,45.71
2013-07-17,45.79
2013-07-18,45.52
2013-07-19,45.5
2013-07-22,45.41
2013-07-23,44.78
2013-07-24,44.26
2013-07-25,43.81
2013-07-26,43.58
2013-07-29,42.47
2013-07-30,42.11
2013-07-31,42.09
2013-08-01,42.49
2013-08-02,42.38
2013-08-05,42.72
2013-08-06,42.11
2013-08-07,41.64
2013-08-08,41.65
2013-08-09,41.4
2013-08-12,42.32
2013-08-13,42.58
2013-08-14,42.37
2013-08-15,43.12
2013-08-16,42.81
2013-08-19,43.45
2013-08-20,42.88
2013-08-21,42.82
2013-08-22,42.43
2013-08-23,42.64
2013-08-26,44.44
2013-08-27,44.06
2013-08-28,44.31
2013-08-29,43.78
2013-08-30,43.89
2013-09-03,43.82
2013-09-04,43.56
2013-09-05,43.19
2013-09-06,43.36
2013-09-09,42.81
2013-09-10,42.73
2013-09-11,42.65
2013-09-12,42.69
2013-09-13,42.22
2013-09-16,42.13
2013-09-17,42.0
2013-09-18,42.47
2013-09-19,42.71
2013-09-20,42.09
2013-09-23,41.97
2013-09-24,41.84
2013-09-25,41.82
2013-09-26,41.79
2013-09-27,41.51
2013-09-30,40.83
2013-10-01,40.01
2013-10-02,39.12
2013-10-03,40.01
2013-10-04,39.99
2013-10-07,39.65
2013-10-08,40.2
2013-10-09,40.55
2013-10-10,41.04
2013-10-11,40.11
2013-10-14,40.19
2013-10-15,40.66
2013-10-16,41.37
2013-10-17,41.12
2013-10-18,41.68
2013-10-21,41.64
2013-10-22,41.52
2013-10-23,41.5
2013-10-24,41.13
2013-10-25,40.73
2013-10-28,40.36
2013-10-29,40.97
2013-10-30,41.62
2013-10-31,41.33
2013-11-01,41.59
2013-11-04,41.25
2013-11-05,41.15
2013-11-06,41.14
2013-11-07,40.74
2013-11-08,40.24
2013-11-11,40.42
2013-11-12,40.75
2013-11-13,40.96
2013-11-14,40.97
2013-11-15,40.47
2013-11-18,40.11
2013-11-19,39.99
2013-11-20,40.32
2013-11-21,41.54
2013-11-22,41.16
2013-11-25,40.66
2013-11-26,40.35
2013-11-27,40.0
2013-11-29,40.22
2013-12-02,40.34
2013-12-03,39.9
2013-12-04,40.14
2013-12-05,40.38
2013-12-06,40.28
2013-12-09,40.05
2013-12-10,39.91
2013-12-11,40.2
2013-12-12,39.8
2013-12-13,39.47
2013-12-16,39.75
2013-12-17,39.31
2013-12-18,39.06
2013-12-19,39.33
2013-12-20,39.44
2013-12-23,39.28
2013-12-24,39.1
2013-12-26,38.87
2013-12-27,39.02
2013-12-30,38.62
2013-12-31,38.82
2014-01-02,38.51
2014-01-03,38.34
2014-01-06,37.87
2014-01-07,37.7
2014-01-08,37.43
2014-01-09,37.74
2014-01-10,37.95
2014-01-13,37.57
2014-01-14,37.4
2014-01-15,37.99
2014-01-16,38.05
2014-01-17,37.74
2014-01-21,38.1
2014-01-22,37.84
2014-01-23,37.86
2014-01-24,37.54
2014-01-27,37.06
2014-01-28,37.4
2014-01-29,37.1
2014-01-30,37.07
2014-01-31,37.64
2014-02-03,37.45
2014-02-04,37.71
2014-02-05,38.23
2014-02-06,38.66
2014-02-07,38.56
2014-02-10,38.73
2014-02-11,38.85
2014-02-12,38.99
2014-02-13,39.54
2014-02-14,39.15
2014-02-18,40.36
2014-02-19,40.24
2014-02-20,40.57
2014-02-21,40.95
2014-02-24,40.75
2014-02-25,40.58
2014-02-26,41.2
2014-02-27,40.9
2014-02-28,41.52
2014-03-03,42.11
2014-03-04,43.46
2014-03-05,43.18
2014-03-06,44.27
2014-03-07,44.09
2014-03-10,43.64
2014-03-11,43.51
2014-03-12,43.2
2014-03-13,42.77
2014-03-14,42.02
2014-03-17,41.89
2014-03-18,42.27
2014-03-19,42.1
2014-03-20,41.31
2014-03-21,41.02
2014-03-24,40.84
2014-03-25,40.74
2014-03-26,40.73
2014-03-27,40.43
2014-03-28,40.48
2014-03-31,40.42
2014-04-01,41.4
2014-04-02,40.85
2014-04-03,41.67
2014-04-04,41.57
2014-04-07,41.43
2014-04-08,42.11
2014-04-09,42.91
2014-04-10,42.5
2014-04-11,42.1
2014-04-14,42.26
2014-04-15,42.83
2014-04-16,43.71
2014-04-17,43.41
2014-04-21,43.0
2014-04-22,42.74
2014-04-23,42.5
2014-04-24,42.59
2014-04-25,42.92
2014-04-28,42.62
2014-04-29,42.77
2014-04-30,41.88
2014-05-01,40.92
2014-05-02,41.29
2014-05-05,40.98
2014-05-06,40.91
2014-05-07,40.67
2014-05-08,40.94
2014-05-09,40.98
2014-05-12,40.78
2014-05-13,41.0
2014-05-14,41.19
2014-05-15,41.04
2014-05-16,40.75
2014-05-19,40.42
2014-05-20,40.07
2014-05-21,40.47
2014-05-22,40.86
2014-05-23,40.38
2014-05-27,39.94
2014-05-28,39.63
2014-05-29,39.41
2014-05-30,38.5
2014-06-02,38.31
2014-06-03,38.35
2014-06-04,39.25
2014-06-05,38.69
2014-06-06,39.01
2014-06-09,39.28
2014-06-10,38.94
2014-06-11,38.42
2014-06-12,38.58
2014-06-13,39.69
2014-06-16,39.5
2014-06-17,39.68
2014-06-18,40.13
2014-06-19,40.61
2014-06-20,40.13
2014-06-23,40.68
2014-06-24,40.97
2014-06-25,40.65
2014-06-26,40.51
2014-06-27,39.98
2014-06-30,38.85
2014-07-01,38.87
2014-07-02,38.47
2014-07-03,38.56
2014-07-07,38.36
2014-07-08,37.8
2014-07-09,37.04
2014-07-10,37.39
2014-07-11,36.71
2014-07-14,36.75
2014-07-15,36.9
2014-07-16,36.83
2014-07-17,36.37
2014-07-18,36.57
2014-07-21,36.14
2014-07-22,35.93
2014-07-23,36.2
2014-07-24,36.24
2014-07-25,36.09
2014-07-28,36.52
2014-07-29,36.25
2014-07-30,36.05
2014-07-31,36.11
2014-08-01,35.45
2014-08-04,36.02
2014-08-05,35.47
2014-08-06,35.79
2014-08-07,35.62
2014-08-08,35.44
2014-08-11,34.88
2014-08-12,34.62
2014-08-13,33.95
2014-08-14,33.6
2014-08-15,32.87
2014-08-18,32.96
2014-08-19,32.66
2014-08-20,32.86
2014-08-21,32.78
2014-08-22,32.36
2014-08-25,32.74
2014-08-26,33.03
2014-08-27,32.67
2014-08-28,32.64
2014-08-29,32.04
2014-09-02,32.01
2014-09-03,31.73
2014-09-04,31.97
2014-09-05,32.35
2014-09-08,32.03
2014-09-09,31.59
2014-09-10,31.58
2014-09-11,31.44
2014-09-12,32.16
2014-09-15,33.27
2014-09-16,32.81
2014-09-17,33.39
2014-09-18,32.72
2014-09-19,32.46
2014-09-22,32.0
2014-09-23,32.23
2014-09-24,32.62
2014-09-25,32.62
2014-09-26,31.92
2014-09-29,32.79
2014-09-30,32.27
2014-10-01,32.66
2014-10-02,32.67
2014-10-03,32.29
2014-10-06,33.32
2014-10-07,32.96
2014-10-08,32.88
2014-10-09,32.88
2014-10-10,32.28
2014-10-13,32.88
2014-10-14,32.44
2014-10-15,31.98
2014-10-16,32.36
2014-10-17,32.02
2014-10-20,31.7
2014-10-21,31.76
2014-10-22,32.14
2014-10-23,32.67
2014-10-24,32.39
2014-10-27,32.23
2014-10-28,32.79
2014-10-29,34.18
2014-10-30,34.31
2014-10-31,34.8
2014-11-03,34.03
2014-11-04,33.07
2014-11-05,32.72
2014-11-06,32.53
2014-11-07,32.4
2014-11-10,32.36
2014-11-11,32.87
2014-11-12,32.22
2014-11-13,32.07
2014-11-14,32.2
2014-11-17,32.45
2014-11-18,32.65
2014-11-19,32.51
2014-11-20,32.67
2014-11-21,32.69
2014-11-24,33.2
2014-11-25,33.42
2014-11-26,33.48
2014-11-28,32.18
2014-12-01,32.22
2014-12-02,31.17
2014-12-03,31.86
2014-12-04,31.6
2014-12-05,32.01
2014-12-08,31.77
2014-12-09,31.91
2014-12-10,31.67
2014-12-11,31.93
2014-12-12,31.97
2014-12-15,32.27
2014-12-16,31.77
2014-12-17,31.77
2014-12-18,31.89
2014-12-19,31.97
2014-12-22,32.04
2014-12-23,32.22
2014-12-24,31.93
2014-12-26,32.46
2014-12-29,32.79
2014-12-30,32.89
2014-12-31,31.97
2015-01-02,31.95
2015-01-05,32.7
2015-01-06,32.69
2015-01-07,32.98
2015-01-08,33.58
2015-01-09,33.54
2015-01-12,32.45
2015-01-13,32.39
2015-01-14,32.57
2015-01-15,32.99
2015-01-16,33.39
2015-01-20,32.84
2015-01-21,32.41
2015-01-22,31.97
2015-01-23,31.6
2015-01-26,31.08
2015-01-27,31.17
2015-01-28,30.34
2015-01-29,29.54
2015-01-30,30.0
2015-02-02,30.41
2015-02-03,30.8
2015-02-04,30.59
2015-02-05,31.71
2015-02-06,31.82
2015-02-09,32.01
2015-02-10,31.45
2015-02-11,31.75
2015-02-12,32.01
2015-02-13,32.4
2015-02-17,32.32
2015-02-18,32.01
2015-02-19,31.83
2015-02-20,31.48
2015-02-23,31.14
2015-02-24,31.42
2015-02-25,31.71
2015-02-26,31.84
2015-02-27,32.8
2015-03-02,32.65
2015-03-03,32.8
2015-03-04,32.03
2015-03-05,31.43
2015-03-06,31.14
2015-03-09,30.88
2015-03-10,30.84
2015-03-11,30.97
2015-03-12,30.76
2015-03-13,30.19
2015-03-16,30.39
2015-03-17,30.04
2015-03-18,30.63
2015-03-19,30.62
2015-03-20,30.68
2015-03-23,31.15
2015-03-24,31.11
2015-03-25,31.04
2015-03-26,31.17
2015-03-27,30.6
2015-03-30,30.49
2015-03-31,30.39
2015-04-01,30.69
2015-04-02,31.04
2015-04-06,31.26
2015-04-07,31.03
2015-04-08,30.95
2015-04-09,30.84
2015-04-10,31.09
2015-04-13,31.04
2015-04-14,31.3
2015-04-15,31.8
2015-04-16,31.76
2015-04-17,31.52
2015-04-20,31.59
2015-04-21,31.82
2015-04-22,31.56
2015-04-23,32.02
2015-04-24,31.67
2015-04-27,31.66
2015-04-28,31.23
2015-04-29,31.47
2015-04-30,31.51
2015-05-01,31.44
2015-05-04,32.47
2015-05-05,32.88
2015-05-06,32.75
2015-05-07,32.31
2015-05-08,32.8
2015-05-11,33.04
2015-05-12,32.81
2015-05-13,33.11
2015-05-14,33.0
2015-05-15,33.07
2015-05-18,32.78
2015-05-19,32.18
2015-05-20,32.2
2015-05-21,32.25
2015-05-22,31.64
2015-05-26,32.14
2015-05-27,31.73
2015-05-28,32.06
2015-05-29,33.33
2015-06-01,34.51
2015-06-02,34.17
2015-06-03,34.73
2015-06-04,34.53
2015-06-05,34.78
2015-06-08,34.1
2015-06-09,33.93
2015-06-10,33.87
2015-06-11,33.29
2015-06-12,33.14
2015-06-15,32.69
2015-06-16,32.9
2015-06-17,32.85
2015-06-18,32.25
2015-06-19,32.55
2015-06-22,32.92
2015-06-23,32.82
2015-06-24,33.27
2015-06-25,33.36
2015-06-26,33.22
2015-06-29,33.05
2015-06-30,33.56
2015-07-01,33.01
2015-07-02,33.36
2015-07-06,32.64
2015-07-07,31.41
2015-07-08,31.6
2015-07-09,32.27
2015-07-10,32.31
2015-07-13,32.65
2015-07-14,32.32
2015-07-15,31.65
2015-07-16,31.46
2015-07-17,31.78
2015-07-20,31.68
2015-07-21,31.93
2015-07-22,31.35
2015-07-23,31.19
2015-07-24,30.48
2015-07-27,30.11
2015-07-28,30.66
2015-07-29,30.21
2015-07-30,30.28
2015-07-31,29.98
2015-08-03,29.85
2015-08-04,29.83
2015-08-05,29.63
2015-08-06,29.66
2015-08-07,30.03
2015-08-10,30.41
2015-08-11,30.08
2015-08-12,29.03
2015-08-13,28.91
2015-08-14,28.78
2015-08-17,29.06
2015-08-18,28.32
2015-08-19,27.89
2015-08-20,27.98
2015-08-21,27.36
2015-08-24,26.55
2015-08-25,26.82
2015-08-26,26.12
2015-08-27,26.89
2015-08-28,27.79
2015-08-31,27.92
2015-09-01,27.22
2015-09-02,26.76
2015-09-03,26.76
2015-09-04,26.44
2015-09-08,26.85
2015-09-09,26.6
2015-09-10,26.87
2015-09-11,26.58
2015-09-14,26.89
2015-09-15,26.47
2015-09-16,26.68
2015-09-17,26.67
2015-09-18,26.05
2015-09-21,26.5
2015-09-22,26.13
2015-09-23,26.33
2015-09-24,26.98
2015-09-25,27.72
2015-09-28,27.18
2015-09-29,27.46
2015-09-30,27.1
2015-10-01,27.09
2015-10-02,27.84
2015-10-05,28.48
2015-10-06,28.51
2015-10-07,28.42
2015-10-08,28.17
2015-10-09,28.17
2015-10-12,28.01
2015-10-13,28.6
2015-10-14,28.77
2015-10-15,28.58
2015-10-16,28.6
2015-10-19,28.14
2015-10-20,28.66
2015-10-21,29.18
2015-10-22,28.85
2015-10-23,28.57
2015-10-26,27.78
2015-10-27,27.89
2015-10-28,28.11
2015-10-29,27.88
2015-10-30,28.2
2015-11-02,27.85
2015-11-03,28.15
2015-11-04,28.5
2015-11-05,27.83
2015-11-06,28.04
2015-11-09,27.77
2015-11-10,27.27
2015-11-11,27.18
2015-11-12,27.44
2015-11-13,27.04
2015-11-16,27.29
2015-11-17,27.47
2015-11-18,27.44
2015-11-19,27.55
2015-11-20,27.9
2015-11-23,27.91
2015-11-24,28.31
2015-11-25,28.89
2015-11-27,28.75
2015-11-30,29.1
2015-12-01,29.78
2015-12-02,30.27
2015-12-03,30.59
2015-12-04,31.8
2015-12-07,30.98
2015-12-08,31.23
2015-12-09,30.86
2015-12-10,31.51
2015-12-11,31.08
2015-12-14,31.3
2015-12-15,30.7
2015-12-16,30.37
2015-12-17,30.07
2015-12-18,30.53
2015-12-21,30.77
2015-12-22,30.44
2015-12-23,30.52
2015-12-24,30.87
2015-12-28,30.2
2015-12-29,30.52
2015-12-30,30.84
2015-12-31,30.55
2016-01-04,29.93
2016-01-05,29.63
2016-01-06,29.59
2016-01-07,29.44
2016-01-08,29.45
2016-01-11,29.08
2016-01-12,29.01
2016-01-13,29.36
2016-01-14,29.68
2016-01-15,29.65
2016-01-19,30.03
2016-01-20,29.81
2016-01-21,29.94
2016-01-22,30.5
2016-01-25,30.44
2016-01-26,30.74
2016-01-27,30.87
2016-01-28,30.69
2016-01-29,30.88
2016-02-01,30.76
2016-02-02,30.79
2016-02-03,30.98
2016-02-04,31.24
2016-02-05,31.23
2016-02-08,30.75
2016-02-09,30.7
2016-02-10,31.01
2016-02-11,31.59
2016-02-12,31.8
2016-02-16,31.61
2016-02-17,31.99
2016-02-18,31.83
2016-02-19,31.39
2016-02-22,31.49
2016-02-23,30.75
2016-02-24,30.92
2016-02-25,30.65
2016-02-26,31.03
2016-02-29,30.64
2016-03-01,30.32
2016-03-02,30.17
2016-03-03,30.41
2016-03-04,30.73
2016-03-07,30.95
2016-03-08,30.92
2016-03-09,31.52
2016-03-10,31.41
2016-03-11,31.93
2016-03-14,32.25
2016-03-15,32.49
2016-03-16,32.69
2016-03-17,33.41
2016-03-18,33.42
2016-03-21,33.58
2016-03-22,33.93
2016-03-23,33.36
2016-03-24,33.18
2016-03-28,33.63
2016-03-29,34.05
2016-03-30,33.79
2016-03-31,34.22
2016-04-01,34.45
2016-04-04,34.69
2016-04-05,33.99
2016-04-06,34.26
2016-04-07,34.1
2016-04-08,33.94
2016-04-11,33.9
2016-04-12,33.69
2016-04-13,33.96
2016-04-14,33.69
2016-04-15,33.38
2016-04-18,33.95
2016-04-19,34.78
2016-04-20,34.64
2016-04-21,34.21
2016-04-22,33.99
2016-04-25,33.9
2016-04-26,33.94
2016-04-27,33.62
2016-04-28,33.05
2016-04-29,32.88
2016-05-02,32.19
2016-05-03,32.13
2016-05-04,32.2
2016-05-05,32.01
2016-05-06,32.81
2016-05-09,32.54
2016-05-10,33.13
2016-05-11,33.08
2016-05-12,32.3
2016-05-13,32.17
2016-05-16,32.79
2016-05-17,32.78
2016-05-18,32.45
2016-05-19,31.91
2016-05-20,31.27
2016-05-23,31.15
2016-05-24,30.89
2016-05-25,31.34
2016-05-26,31.04
2016-05-27,31.48
2016-05-31,31.82
2016-06-01,32.19
2016-06-02,32.26
2016-06-03,32.26
2016-06-06,32.51
2016-06-07,32.29
2016-06-08,32.89
2016-06-09,33.03
2016-06-10,32.76
2016-06-13,32.51
2016-06-14,32.52
2016-06-15,31.96
2016-06-16,31.16
2016-06-17,31.93
2016-06-20,31.64
2016-06-21,31.36
2016-06-22,31.55
2016-06-23,31.75
2016-06-24,30.99
2016-06-27,31.26
2016-06-28,31.11
2016-06-29,30.82
2016-06-30,31.38
2016-07-01,31.03
2016-07-05,30.82
2016-07-06,30.25
2016-07-07,29.73
2016-07-08,30.27
2016-07-11,30.25
2016-07-12,30.71
2016-07-13,30.65
2016-07-14,31.12
2016-07-15,30.89
2016-07-18,30.94
2016-07-19,30.66
2016-07-20,30.71
2016-07-21,31.06
2016-07-22,30.21
2016-07-25,29.46
2016-07-26,29.56
2016-07-27,29.53
2016-07-28,29.49
2016-07-29,30.35
2016-08-01,29.75
2016-08-02,30.06
2016-08-03,30.3
2016-08-04,30.54
2016-08-05,30.52
2016-08-08,30.93
2016-08-09,31.17
2016-08-10,31.5
2016-08-11,31.71
2016-08-12,31.9
2016-08-15,33.21
2016-08-16,33.38
2016-08-17,34.01
2016-08-18,34.19
2016-08-19,34.14
2016-08-22,33.89
2016-08-23,33.89
2016-08-24,33.57
2016-08-25,32.91
2016-08-26,32.95
2016-08-29,32.81
2016-08-30,32.73
2016-08-31,32.47
2016-09-01,32.2
2016-09-02,32.66
2016-09-06,32.76
2016-09-07,32.81
2016-09-08,32.94
2016-09-09,33.03
2016-09-12,32.31
2016-09-13,31.55
2016-09-14,31.5
2016-09-15,32.04
2016-09-16,31.98
2016-09-19,32.83
2016-09-20,33.83
2016-09-21,33.4
2016-09-22,33.96
2016-09-23,33.31
2016-09-26,33.12
2016-09-27,33.12
2016-09-28,32.64
2016-09-29,33.09
2016-09-30,33.24
2016-10-03,33.05
2016-10-04,32.89
2016-10-05,32.66
2016-10-06,33.1
2016-10-07,33.11
2016-10-10,33.62
2016-10-11,33.16
2016-10-12,33.14
2016-10-13,33.16
2016-10-14,34.15
2016-10-17,35.44
2016-10-18,35.07
2016-10-19,35.4
2016-10-20,35.05
2016-10-21,35.12
2016-10-24,35.99
2016-10-25,35.8
2016-10-26,35.72
2016-10-27,35.11
2016-10-28,35.41
2016-10-31,35.17
2016-11-01,34.85
2016-11-02,34.98
2016-11-03,35.1
2016-11-04,34.71
2016-11-07,34.79
2016-11-08,35.31
2016-11-09,34.31
2016-11-10,34.77
2016-11-11,34.44
2016-11-14,33.95
2016-11-15,34.21
2016-11-16,34.1
2016-11-17,33.7
2016-11-18,34.05
2016-11-21,34.64
2016-11-22,34.48
2016-11-23,36.85
2016-11-25,36.66
2016-11-28,36.71
2016-11-29,36.36
2016-11-30,36.79
2016-12-01,37.64
2016-12-02,37.51
2016-12-05,37.49
2016-12-06,37.62
2016-12-07,37.72
2016-12-08,37.05
2016-12-09,36.74
2016-12-12,36.76
2016-12-13,36.57
2016-12-14,36.73
2016-12-15,36.74
2016-12-16,36.74
2016-12-19,36.56
2016-12-20,36.06
2016-12-21,36.04
2016-12-22,34.79
2016-12-23,34.6
2016-12-27,35.12
2016-12-28,34.86
2016-12-29,34.52
2016-12-30,34.42
2017-01-03,34.57
2017-01-04,34.98
2017-01-05,35.0
2017-01-06,34.77
2017-01-09,35.27
2017-01-10,35.43
2017-01-11,35.79
2017-01-12,35.85
2017-01-13,35.37
2017-01-17,35.56
2017-01-18,35.58
2017-01-19,35.44
2017-01-20,35.15
2017-01-23,35.13
2017-01-24,35.28
2017-01-25,34.87
2017-01-26,34.47
2017-01-27,34.27
2017-01-30,33.61
2017-01-31,33.85
2017-02-01,34.31
2017-02-02,34.59
2017-02-03,33.86
2017-02-06,34.44
2017-02-07,34.3
2017-02-08,34.69
2017-02-09,34.67
2017-02-10,34.61
2017-02-13,34.17
2017-02-14,34.14
2017-02-15,33.94
2017-02-16,33.52
2017-02-17,32.89
2017-02-21,32.67
2017-02-22,32.72
2017-02-23,32.32
2017-02-24,32.39
2017-02-27,32.35
2017-02-28,33.69
2017-03-01,34.49
2017-03-02,33.88
2017-03-03,34.13
2017-03-06,34.02
2017-03-07,33.47
2017-03-08,33.29
2017-03-09,32.87
2017-03-10,32.44
2017-03-13,31.87
2017-03-14,31.85
2017-03-15,32.22
2017-03-16,32.26
2017-03-17,32.3
2017-03-20,32.74
2017-03-21,33.14
2017-03-22,33.52
2017-03-23,33.22
2017-03-24,32.23
2017-03-27,32.29
2017-03-28,32.47
2017-03-29,32.21
2017-03-30,32.01
2017-03-31,31.78
2017-04-03,31.42
2017-04-04,31.43
2017-04-05,31.83
2017-04-06,31.37
2017-04-07,31.62
2017-04-10,31.35
2017-04-11,31.07
2017-04-12,31.24
2017-04-13,31.19
2017-04-17,31.8
2017-04-18,31.14
2017-04-19,31.58
2017-04-20,31.92
2017-04-21,31.94
2017-04-24,31.69
2017-04-25,31.58
2017-04-26,31.91
2017-04-27,31.7
2017-04-28,31.45
2017-05-01,31.89
2017-05-02,32.35
2017-05-03,32.32
2017-05-04,32.33
2017-05-05,32.71
2017-05-08,32.73
2017-05-09,32.65
2017-05-10,32.07
2017-05-11,32.27
2017-05-12,32.63
2017-05-15,33.02
2017-05-16,33.01
2017-05-17,33.15
2017-05-18,32.44
2017-05-19,33.04
2017-05-22,32.94
2017-05-23,32.34
2017-05-24,32.28
2017-05-25,32.04
2017-05-26,31.6
2017-05-30,31.42
2017-05-31,31.34
2017-06-01,31.25
2017-06-02,31.01
2017-06-05,31.31
2017-06-06,31.39
2017-06-07,31.36
2017-06-08,31.85
2017-06-09,32.29
2017-06-12,31.94
2017-06-13,32.09
2017-06-14,32.09
2017-06-15,32.74
2017-06-16,33.11
2017-06-19,32.82
2017-06-20,32.02
2017-06-21,31.85
2017-06-22,31.55
2017-06-23,31.61
2017-06-26,31.52
2017-06-27,32.08
2017-06-28,32.12
2017-06-29,32.42
2017-06-30,32.93
2017-07-03,33.13
2017-07-05,33.15
2017-07-06,32.83
2017-07-07,32.78
2017-07-10,33.62
2017-07-11,33.73
2017-07-12,33.43
2017-07-13,33.01
2017-07-14,33.06
2017-07-17,33.01
2017-07-18,33.17
2017-07-19,33.46
2017-07-20,33.97
2017-07-21,33.8
2017-07-24,33.61
2017-07-25,33.5
2017-07-26,33.73
2017-07-27,33.85
2017-07-28,34.61
2017-07-31,34.71
2017-08-01,33.86
2017-08-02,34.15
2017-08-03,33.38
2017-08-04,33.6
2017-08-07,33.51
2017-08-08,33.8
2017-08-09,34.13
2017-08-10,33.74
2017-08-11,33.53
2017-08-14,32.98
2017-08-15,32.71
2017-08-16,32.85
2017-08-17,33.21
2017-08-18,33.61
2017-08-21,33.8
2017-08-22,34.06
2017-08-23,34.72
2017-08-24,34.78
2017-08-25,34.61
2017-08-28,34.59
2017-08-29,34.28
2017-08-30,34.33
2017-08-31,34.71
2017-09-01,35.31
2017-09-05,35.1
2017-09-06,35.21
2017-09-07,35.08
2017-09-08,34.59
2017-09-11,34.79
2017-09-12,34.84
2017-09-13,34.72
2017-09-14,34.66
2017-09-15,34.56
2017-09-18,34.19
2017-09-19,34.52
2017-09-20,34.67
2017-09-21,34.1
2017-09-22,33.99
2017-09-25,33.78
2017-09-26,33.23
2017-09-27,33.02
2017-09-28,32.59
2017-09-29,32.57
2017-10-02,32.28
2017-10-03,32.51
2017-10-04,32.99
2017-10-05,32.77
2017-10-06,32.71
2017-10-09,33.02
2017-10-10,32.86
2017-10-11,32.91
2017-10-12,33.07
2017-10-13,33.49
2017-10-16,33.59
2017-10-17,33.59
2017-10-18,33.41
2017-10-19,33.83
2017-10-20,34.16
2017-10-23,34.63
2017-10-24,34.34
2017-10-25,34.26
2017-10-26,34.5
2017-10-27,34.84
2017-10-30,34.68
2017-10-31,34.75
2017-11-01,34.9
2017-11-02,34.86
2017-11-03,34.42
2017-11-06,34.73
2017-11-07,35.02
2017-11-08,35.37
2017-11-09,35.14
2017-11-10,34.81
2017-11-13,34.33
2017-11-14,34.01
2017-11-15,34.75
2017-11-16,34.43
2017-11-17,34.44
2017-11-20,33.95
2017-11-21,34.17
2017-11-22,34.05
2017-11-24,33.94
2017-11-27,33.6
2017-11-28,34.0
2017-11-29,33.95
2017-11-30,33.75
2017-12-01,33.6
2017-12-04,33.36
2017-12-05,33.41
2017-12-06,33.09
2017-12-07,33.25
2017-12-08,33.54
2017-12-11,33.4
2017-12-12,33.36
2017-12-13,33.11
2017-12-14,33.02
2017-12-15,33.16
2017-12-18,33.02
2017-12-19,33.22
2017-12-20,32.96
2017-12-21,32.67
2017-12-22,32.74
2017-12-26,33.2
2017-12-27,33.07
2017-12-28,32.5
2017-12-29,33.08
2018-01-02,33.38
2018-01-03,33.76
2018-01-04,33.74
2018-01-05,33.65
2018-01-08,33.43
2018-01-09,33.55
2018-01-10,33.29
2018-01-11,32.97
2018-01-12,32.93
2018-01-16,32.79
2018-01-17,32.51
2018-01-18,32.23
2018-01-19,32.28
2018-01-22,32.16
2018-01-23,32.52
2018-01-24,32.68
2018-01-25,32.5
2018-01-26,32.79
2018-01-29,32.87
2018-01-30,33.08
2018-01-31,33.07
2018-02-01,32.9
2018-02-02,32.51
2018-02-05,32.5
2018-02-06,33.16
2018-02-07,32.56
2018-02-08,32.21
2018-02-09,31.96
2018-02-12,31.85
2018-02-13,31.57
2018-02-14,31.8
2018-02-15,31.7
2018-02-16,31.54
2018-02-20,31.86
2018-02-21,32.07
2018-02-22,32.04
2018-02-23,32.36
2018-02-26,32.62
2018-02-27,32.19
2018-02-28,31.96
2018-03-01,32.12
2018-03-02,32.06
2018-03-05,32.01
2018-03-06,32.3
2018-03-07,31.93
2018-03-08,31.67
2018-03-09,31.42
2018-03-12,31.56
2018-03-13,32.02
2018-03-14,31.78
2018-03-15,32.06
2018-03-16,31.98
2018-03-19,32.06
2018-03-20,31.74
2018-03-21,32.37
2018-03-22,31.88
2018-03-23,31.42
2018-03-26,31.46
2018-03-27,31.58
2018-03-28,31.62
2018-03-29,31.87
2018-04-02,32.04
2018-04-03,32.34
2018-04-04,31.68
2018-04-05,31.78
2018-04-06,31.53
2018-04-09,31.52
2018-04-10,31.85
2018-04-11,31.53
2018-04-12,31.63
2018-04-13,31.48
2018-04-16,31.18
2018-04-17,31.19
2018-04-18,31.43
2018-04-19,31.41
2018-04-20,31.3
2018-04-23,31.04
2018-04-24,31.01
2018-04-25,30.79
2018-04-26,30.81
2018-04-27,30.43
2018-04-30,30.35
2018-05-01,30.08
2018-05-02,30.37
2018-05-03,30.58
2018-05-04,30.56
2018-05-07,30.67
2018-05-08,30.49
2018-05-09,30.87
2018-05-10,30.98
2018-05-11,31.17
2018-05-14,31.12
2018-05-15,31.12
2018-05-16,30.59
2018-05-17,30.94
2018-05-18,30.98
2018-05-21,31.42
2018-05-22,31.51
2018-05-23,31.7
2018-05-24,31.71
2018-05-25,31.34
2018-05-29,31.21
2018-05-30,31.48
2018-05-31,31.12
2018-06-01,31.19
2018-06-04,30.93
2018-06-05,30.79
2018-06-06,30.65
2018-06-07,30.6
2018-06-08,30.52
2018-06-11,30.58
2018-06-12,30.05
2018-06-13,30.08
2018-06-14,30.14
2018-06-15,29.5
2018-06-18,29.57
2018-06-19,28.85
2018-06-20,29.37
2018-06-21,29.19
2018-06-22,29.21
2018-06-25,28.94
2018-06-26,28.94
2018-06-27,29.01
2018-06-28,29.01
2018-06-29,29.12
2018-07-02,28.77
2018-07-03,28.62
2018-07-05,28.47
2018-07-06,28.9
2018-07-09,28.74
2018-07-10,28.88
2018-07-11,28.33
2018-07-12,28.17
2018-07-13,27.8
2018-07-16,27.64
2018-07-17,27.73
2018-07-18,28.07
2018-07-19,27.83
2018-07-20,28.22
2018-07-23,27.97
2018-07-24,28.24
2018-07-25,28.41
2018-07-26,28.15
2018-07-27,28.56
2018-07-30,28.31
2018-07-31,28.73
2018-08-01,28.45
2018-08-02,28.12
2018-08-03,28.35
2018-08-06,28.29
2018-08-07,28.59
2018-08-08,28.45
2018-08-09,28.42
2018-08-10,27.99
2018-08-13,28.24
2018-08-14,28.09
2018-08-15,27.88
2018-08-16,28.15
2018-08-17,28.23
2018-08-20,28.54
2018-08-21,28.59
2018-08-22,28.22
2018-08-23,28.03
2018-08-24,28.15
2018-08-27,28.37
2018-08-28,28.18
2018-08-29,28.03
2018-08-30,28.28
2018-08-31,28.37
2018-09-04,28.39
2018-09-05,28.18
2018-09-06,28.16
2018-09-07,27.94
2018-09-10,28.03
2018-09-11,27.73
2018-09-12,27.63
2018-09-13,27.44
2018-09-14,27.43
2018-09-17,27.43
2018-09-18,27.12
2018-09-19,27.25
2018-09-20,27.6
2018-09-21,28.09
2018-09-24,28.26
2018-09-25,28.37
2018-09-26,28.48
2018-09-27,28.86
2018-09-28,28.68
2018-10-01,29.01
2018-10-02,29.36
2018-10-03,29.52
2018-10-04,29.28
2018-10-05,29.08
2018-10-08,29.33
2018-10-09,28.97
2018-10-10,28.65
2018-10-11,28.73
2018-10-12,29.04
2018-10-15,29.76
2018-10-16,29.66
2018-10-17,29.56
2018-10-18,29.02
2018-10-19,29.14
2018-10-22,29.15
2018-10-23,28.76
2018-10-24,28.61
2018-10-25,28.39
2018-10-26,28.16
2018-10-29,27.89
2018-10-30,28.0
2018-10-31,28.02
2018-11-01,28.32
2018-11-02,28.2
2018-11-05,27.9
2018-11-06,27.9
2018-11-07,28.2
2018-11-08,28.02
2018-11-09,27.62
2018-11-12,27.71
2018-11-13,27.55
2018-11-14,27.57
2018-11-15,27.69
2018-11-16,27.37
2018-11-19,27.32
2018-11-20,27.34
2018-11-21,27.8
2018-11-23,27.65
2018-11-26,26.96
2018-11-27,27.16
2018-11-28,27.73
2018-11-29,27.68
2018-11-30,27.82
2018-12-03,28.31
2018-12-04,28.64
2018-12-05,28.57
2018-12-06,28.47
2018-12-07,28.5
2018-12-10,28.52
2018-12-11,28.71
2018-12-12,28.8
2018-12-13,28.64
2018-12-14,28.39
2018-12-17,28.17
2018-12-18,28.41
2018-12-19,28.46
2018-12-20,28.2
2018-12-21,27.89
2018-12-24,27.74
2018-12-26,27.36
2018-12-27,27.31
2018-12-28,27.52
2018-12-31,27.55
2019-01-02,27.9
2019-01-03,28.18
2019-01-04,28.41
2019-01-07,28.26
2019-01-08,28.18
2019-01-09,28.32
2019-01-10,27.94
2019-01-11,28.17
2019-01-14,28.11
2019-01-15,28.24
2019-01-16,28.23
2019-01-17,28.77
2019-01-18,29.01
2019-01-22,29.06
2019-01-23,29.38
2019-01-24,29.51
2019-01-25,30.03
2019-01-28,30.3
2019-01-29,30.11
2019-01-30,30.42
2019-01-31,30.17
2019-02-01,29.89
2019-02-04,30.13
2019-02-05,30.38
2019-02-06,30.9
2019-02-07,30.81
2019-02-08,30.87
2019-02-11,30.24
2019-02-12,30.33
2019-02-13,29.99
2019-02-14,29.89
2019-02-15,29.95
2019-02-19,29.74
2019-02-20,29.96
2019-02-21,30.49
2019-02-22,30.51
2019-02-25,30.36
2019-02-26,30.09
2019-02-27,29.8
2019-02-28,29.96
2019-03-01,29.95
2019-03-04,29.78
2019-03-05,29.73
2019-03-06,29.51
2019-03-07,29.41
2019-03-08,29.39
2019-03-11,29.4
2019-03-12,29.78
2019-03-13,29.69
2019-03-14,29.4
2019-03-15,29.43
2019-03-18,29.44
2019-03-19,29.24
2019-03-20,29.27
2019-03-21,29.1
2019-03-22,28.66
2019-03-25,28.82
2019-03-26,28.65
2019-03-27,28.82
2019-03-28,28.63
2019-03-29,28.36
2019-04-01,28.57
2019-04-02,28.96
2019-04-03,28.8
2019-04-04,29.2
2019-04-05,29.15
2019-04-08,28.88
2019-04-09,29.04
2019-04-10,29.07
2019-04-11,28.98
2019-04-12,28.95
2019-04-15,28.81
2019-04-16,28.72
2019-04-17,28.46
2019-04-18,28.8
2019-04-22,28.7
2019-04-23,28.06
2019-04-24,27.92
2019-04-25,27.64
2019-04-26,27.52
2019-04-29,27.88
2019-04-30,27.58
2019-05-01,27.38
2019-05-02,27.23
2019-05-03,27.07
2019-05-06,26.84
2019-05-07,26.81
2019-05-08,26.71
2019-05-09,26.34
2019-05-10,26.5
2019-05-13,26.35
2019-05-14,26.73
2019-05-15,27.24
2019-05-16,27.72
2019-05-17,27.22
2019-05-20,27.5
2019-05-21,27.14
2019-05-22,27.31
2019-05-23,26.78
2019-05-24,27.01
2019-05-28,27.29
2019-05-29,27.73
2019-05-30,27.78
2019-05-31,27.59
2019-06-03,27.34
2019-06-04,27.49
2019-06-05,27.22
2019-06-06,27.76
2019-06-07,27.38
2019-06-10,27.38
2019-06-11,27.22
2019-06-12,27.56
2019-06-13,28.02
2019-06-14,27.61
2019-06-17,28.14
2019-06-18,28.33
2019-06-19,28.37
2019-06-20,28.59
2019-06-21,28.44
2019-06-24,28.35
2019-06-25,28.0
2019-06-26,27.81
2019-06-27,27.81
2019-06-28,28.24
2019-07-01,27.98
2019-07-02,27.66
2019-07-03,28.02
2019-07-05,27.44
2019-07-08,27.86
2019-07-09,27.88
2019-07-10,27.97
2019-07-11,28.07
2019-07-12,28.11
2019-07-15,28.28
2019-07-16,27.99
2019-07-17,27.68
2019-07-18,27.64
2019-07-19,28.1
2019-07-22,27.73
2019-07-23,28.01
2019-07-24,28.3
2019-07-25,28.27
2019-07-26,28.47
2019-07-29,28.43
2019-07-30,28.31
2019-07-31,27.75
2019-08-01,27.68
2019-08-02,28.19
2019-08-05,27.76
2019-08-06,27.48
2019-08-07,27.96
2019-08-08,28.96
2019-08-09,29.51
2019-08-12,29.64
2019-08-13,29.17
2019-08-14,29.1
2019-08-15,29.07
2019-08-16,29.13
2019-08-19,28.68
2019-08-20,28.43
2019-08-21,28.74
2019-08-22,28.54
2019-08-23,28.34
2019-08-26,28.33
2019-08-27,28.01
2019-08-28,28.11
2019-08-29,28.37
2019-08-30,28.64
2019-09-03,28.87
2019-09-04,28.79
2019-09-05,28.47
2019-09-06,28.48
2019-09-09,28.26
2019-09-10,28.38
2019-09-11,28.73
2019-09-12,29.02
2019-09-13,28.94
2019-09-16,30.14
2019-09-17,29.85
2019-09-18,29.87
2019-09-19,29.81
2019-09-20,29.28
2019-09-23,29.19
2019-09-24,29.2
2019-09-25,29.04
2019-09-26,29.01
2019-09-27,28.62
2019-09-30,28.99
2019-10-01,28.83
2019-10-02,29.06
2019-10-03,29.8
2019-10-04,29.79
2019-10-07,30.01
2019-10-08,29.77
2019-10-09,29.63
2019-10-10,29.7
2019-10-11,29.83
2019-10-14,29.9
2019-10-15,30.39
2019-10-16,30.4
2019-10-17,30.39
2019-10-18,30.36
2019-10-21,30.48
2019-10-22,30.85
2019-10-23,30.58
2019-10-24,31.34
2019-10-25,30.96
2019-10-28,30.78
2019-10-29,31.0
2019-10-30,30.98
2019-10-31,30.75
2019-11-01,31.03
2019-11-04,31.87
2019-11-05,31.57
2019-11-06,31.75
2019-11-07,31.43
2019-11-08,31.5
2019-11-11,31.42
2019-11-12,31.03
2019-11-13,30.53
2019-11-14,30.78
2019-11-15,30.43
2019-11-18,30.64
2019-11-19,30.96
2019-11-20,31.2
2019-11-21,30.69
2019-11-22,30.88
2019-11-25,30.44
2019-11-26,30.22
2019-11-27,30.37
2019-11-29,30.42
2019-12-02,29.96
2019-12-03,29.99
2019-12-04,30.27
2019-12-05,30.29
2019-12-06,31.01
2019-12-09,31.36
2019-12-10,31.47
2019-12-11,31.23
2019-12-12,32.03
2019-12-13,32.27
2019-12-16,33.14
2019-12-17,33.82
2019-12-18,33.43
2019-12-19,33.79
2019-12-20,33.79
2019-12-23,33.78
2019-12-24,33.88
2019-12-26,34.38
2019-12-27,34.73
2019-12-30,35.17
2019-12-31,34.49
2020-01-02,34.97
2020-01-03,34.81
2020-01-06,34.24
2020-01-07,34.46
2020-01-08,34.27
2020-01-09,34.35
2020-01-10,34.07
2020-01-13,33.64
2020-01-14,33.65
2020-01-15,33.3
2020-01-16,33.03
2020-01-17,33.35
2020-01-21,32.75
2020-01-22,33.02
2020-01-23,32.48
2020-01-24,32.02
2020-01-27,31.52
2020-01-28,31.46
2020-01-29,31.52
2020-01-30,30.63
2020-01-31,29.94
2020-02-03,30.29
2020-02-04,30.73
2020-02-05,31.32
2020-02-06,31.24
2020-02-07,30.97
2020-02-10,30.62
2020-02-11,30.72
2020-02-12,31.03
2020-02-13,30.72
2020-02-14,30.57
2020-02-18,30.48
2020-02-19,30.34
2020-02-20,30.12
2020-02-21,30.64
2020-02-24,29.49
2020-02-25,29.23
2020-02-26,29.07
2020-02-27,28.83
2020-02-28,28.31
2020-03-02,28.57
2020-03-03,28.84
2020-03-04,29.44
2020-03-05,29.1
2020-03-06,28.48
2020-03-09,27.31
2020-03-10,27.44
2020-03-11,27.3
2020-03-12,26.15
2020-03-13,26.11
2020-03-16,24.99
2020-03-17,25.24
2020-03-18,25.04
2020-03-19,25.48
2020-03-20,25.64
2020-03-23,26.14
2020-03-24,26.55
2020-03-25,26.64
2020-03-26,26.5
2020-03-27,26.85
2020-03-30,26.87
2020-03-31,27.01
2020-04-01,26.05
2020-04-02,26.24
2020-04-03,26.43
2020-04-06,26.83
2020-04-07,27.48
2020-04-08,27.18
2020-04-09,27.41
2020-04-13,26.9
2020-04-14,26.74
2020-04-15,26.55
2020-04-16,26.3
2020-04-17,26.29
2020-04-20,25.98
2020-04-21,25.35
2020-04-22,25.57
2020-04-23,25.61
2020-04-24,25.05
2020-04-27,24.99
2020-04-28,25.3
2020-04-29,25.78
2020-04-30,26.23
2020-05-01,26.14
2020-05-04,25.8
2020-05-05,25.97
2020-05-06,25.52
2020-05-07,25.94
2020-05-08,26.23
2020-05-11,26.19
2020-05-12,25.98
2020-05-13,25.63
2020-05-14,25.92
2020-05-15,26.58
2020-05-18,27.32
2020-05-19,27.09
2020-05-20,27.36
2020-05-21,27.11
2020-05-22,26.64
2020-05-26,27.27
2020-05-27,27.6
2020-05-28,27.39
2020-05-29,27.38
2020-06-01,27.6
2020-06-02,27.94
2020-06-03,27.86
2020-06-04,27.82
2020-06-05,28.14
2020-06-08,28.1
2020-06-09,28.23
2020-06-10,28.0
2020-06-11,27.5
2020-06-12,27.5
2020-06-15,27.74
2020-06-16,27.99
2020-06-17,28.1
2020-06-18,28.06
2020-06-19,28.52
2020-06-22,28.35
2020-06-23,28.17
2020-06-24,27.65
2020-06-25,27.54
2020-06-26,27.2
2020-06-29,27.62
2020-06-30,27.98
2020-07-01,28.21
2020-07-02,27.96
2020-07-06,28.42
2020-07-07,28.76
2020-07-08,28.46
2020-07-09,28.19
2020-07-10,28.11
2020-07-13,27.97
2020-07-14,28.48
2020-07-15,28.8
2020-07-16,29.27
2020-07-17,29.92
2020-07-20,29.93
2020-07-21,30.07
2020-07-22,29.93
2020-07-23,29.79
2020-07-24,29.8
2020-07-27,29.6
2020-07-28,29.42
2020-07-29,29.67
2020-07-30,29.98
2020-07-31,30.91
2020-08-03,31.67
2020-08-04,31.53
2020-08-05,31.7
2020-08-06,31.52
2020-08-07,31.35
2020-08-10,31.19
2020-08-11,31.06
2020-08-12,32.0
2020-08-13,31.6
2020-08-14,31.53
2020-08-17,31.3
2020-08-18,31.58
2020-08-19,31.67
2020-08-20,31.3
2020-08-21,31.41
2020-08-24,31.66
2020-08-25,31.98
2020-08-26,32.24
2020-08-27,33.31
2020-08-28,33.39
2020-08-31,32.96
2020-09-01,33.12
2020-09-02,33.67
2020-09-03,33.47
2020-09-04,33.08
2020-09-08,33.57
2020-09-09,33.21
2020-09-10,33.13
2020-09-11,33.74
2020-09-14,34.28
2020-09-15,34.08
2020-09-16,34.94
2020-09-17,34.91
2020-09-18,35.23
2020-09-21,34.27
2020-09-22,33.67
2020-09-23,32.69
2020-09-24,32.36
2020-09-25,32.84
2020-09-28,33.29
2020-09-29,32.87
2020-09-30,33.37
2020-10-01,32.65
2020-10-02,31.94
2020-10-05,32.81
2020-10-06,33.29
2020-10-07,33.31
2020-10-08,33.24
2020-10-09,34.15
2020-10-12,33.14
2020-10-13,33.72
2020-10-14,33.72
2020-10-15,33.17
2020-10-16,32.99
2020-10-19,32.53
2020-10-20,33.31
2020-10-21,33.2
2020-10-22,33.69
2020-10-23,34.11
2020-10-26,34.46
2020-10-27,34.11
2020-10-28,33.42
2020-10-29,33.06
2020-10-30,33.61
2020-11-02,33.19
2020-11-03,33.78
2020-11-04,34.39
2020-11-05,35.47
2020-11-06,35.34
2020-11-09,35.48
2020-11-10,36.06
2020-11-11,37.13
2020-11-12,37.05
2020-11-13,37.13
2020-11-16,37.43
2020-11-17,37.5
2020-11-18,38.46
2020-11-19,38.81
2020-11-20,38.66
2020-11-23,38.55
2020-11-24,38.06
2020-11-25,38.18
2020-11-27,38.7
2020-11-30,37.88
2020-12-01,37.4
2020-12-02,37.47
2020-12-03,38.68
2020-12-04,39.19
2020-12-07,38.87
2020-12-08,38.28
2020-12-09,38.76
2020-12-10,38.96
2020-12-11,39.58
2020-12-14,40.11
2020-12-15,39.19
2020-12-16,39.05
2020-12-17,39.93
2020-12-18,40.07
2020-12-21,39.96
2020-12-22,40.55
2020-12-23,41.35
2020-12-24,41.84
2020-12-28,41.72
2020-12-29,42.48
2020-12-30,42.67
2020-12-31,43.33
2021-01-04,42.93
2021-01-05,44.36
2021-01-06,44.39
2021-01-07,44.35
2021-01-08,43.76
2021-01-11,43.13
2021-01-12,43.13
2021-01-13,42.68
2021-01-14,43.27
2021-01-15,41.85
2021-01-19,41.7
2021-01-20,42.54
2021-01-21,43.43
2021-01-22,42.27
2021-01-25,42.94
2021-01-26,43.91
2021-01-27,44.52
2021-01-28,44.65
2021-01-29,44.62
2021-02-01,44.97
2021-02-02,44.32
2021-02-03,44.48
2021-02-04,44.94
2021-02-05,44.66
2021-02-08,45.63
2021-02-09,46.52
2021-02-10,45.69
2021-02-11,45.63
2021-02-12,46.04
2021-02-16,47.27
2021-02-17,46.77
2021-02-18,46.91
2021-02-19,47.55
2021-02-22,47.9
2021-02-23,49.26
2021-02-24,51.14
2021-02-25,50.96
2021-02-26,51.34
2021-03-01,50.77
2021-03-02,51.27
2021-03-03,51.35
2021-03-04,52.38
2021-03-05,53.38
2021-03-08,54.06
2021-03-09,55.15
2021-03-10,55.36
2021-03-11,56.46
2021-03-12,56.89
2021-03-15,55.09
2021-03-16,55.09
2021-03-17,54.6
2021-03-18,53.52
2021-03-19,53.87
2021-03-22,56.37
2021-03-23,57.02
2021-03-24,57.48
2021-03-25,54.98
2021-03-26,52.48
2021-03-29,52.96
2021-03-30,50.46
2021-03-31,52.92
2021-04-01,52.13
2021-04-05,52.81
2021-04-06,53.92
2021-04-07,52.85
2021-04-08,53.38
2021-04-09,52.85
2021-04-12,51.45
2021-04-13,53.03
2021-04-14,54.24
2021-04-15,54.89
2021-04-16,56.33
2021-04-19,56.27
2021-04-20,58.32
2021-04-21,60.19
2021-04-22,62.52
2021-04-23,62.71
2021-04-26,65.21
2021-04-27,66.45
2021-04-28,68.95
2021-04-29,65.99
2021-04-30,68.46
2021-05-03,68.31
2021-05-04,67.95
2021-05-05,66.74
2021-05-06,66.25
2021-05-07,66.38
2021-05-10,66.1
2021-05-11,67.06
2021-05-12,68.66
2021-05-13,68.04
2021-05-14,68.41
2021-05-17,68.97
2021-05-18,68.67
2021-05-19,66.47
2021-05-20,65.76
2021-05-21,65.49
2021-05-24,65.13
2021-05-25,66.69
2021-05-26,65.68
2021-05-27,66.81
2021-05-28,65.79
2021-06-01,67.39
2021-06-02,70.38
2021-06-03,68.85
2021-06-04,71.34
2021-06-07,70.83
2021-06-08,72.08
2021-06-09,71.59
2021-06-10,70.46
2021-06-11,66.98
2021-06-14,65.96
2021-06-15,65.57
2021-06-16,62.07
2021-06-17,56.57
2021-06-18,58.12
2021-06-21,60.33
2021-06-22,60.67
2021-06-23,62.13
2021-06-24,62.7
2021-06-25,59.71
2021-06-28,62.31
2021-06-29,64.15
2021-06-30,65.16
2021-07-01,65.04
2021-07-02,66.82
2021-07-06,63.83
2021-07-07,64.76
2021-07-08,64.25
2021-07-09,62.41
2021-07-12,64.99
2021-07-13,66.63
2021-07-14,66.63
2021-07-15,67.31
2021-07-16,68.31
2021-07-19,66.69
2021-07-20,67.02
2021-07-21,65.46
2021-07-22,65.0
2021-07-23,65.66
2021-07-26,66.43
2021-07-27,66.26
2021-07-28,66.55
2021-07-29,66.93
2021-07-30,65.82
2021-08-02,64.62
2021-08-03,63.27
2021-08-04,62.77
2021-08-05,62.47
2021-08-06,63.41
2021-08-09,65.72
2021-08-10,65.41
2021-08-11,63.53
2021-08-12,63.51
2021-08-13,63.51
2021-08-16,63.29
2021-08-17,62.54
2021-08-18,61.93
2021-08-19,60.6
2021-08-20,57.49
2021-08-23,59.25
2021-08-24,61.09
2021-08-25,61.89
2021-08-26,61.33
2021-08-27,61.3
2021-08-30,60.28
2021-08-31,59.36
2021-09-01,58.31
2021-09-02,59.01
2021-09-03,59.0
2021-09-07,57.76
2021-09-08,57.45
2021-09-09,56.02
2021-09-10,55.74
2021-09-13,55.8
2021-09-14,56.68
2021-09-15,58.31
2021-09-16,56.83
2021-09-17,56.29
2021-09-20,54.91
2021-09-21,55.32
2021-09-22,56.39
2021-09-23,57.1
2021-09-24,57.97
2021-09-27,58.3
2021-09-28,57.77
2021-09-29,57.78
2021-09-30,58.79
2021-10-01,58.61
2021-10-04,58.57
2021-10-05,60.89
2021-10-06,60.07
2021-10-07,61.9
2021-10-08,61.33
2021-10-11,60.29
2021-10-12,58.62
2021-10-13,59.36
2021-10-14,59.94
2021-10-15,61.29
2021-10-18,62.02
2021-10-19,62.39
2021-10-20,64.7
2021-10-21,62.58
2021-10-22,62.09
2021-10-25,63.14
2021-10-26,62.31
2021-10-27,61.42
2021-10-28,60.87
2021-10-29,61.27
2021-11-01,61.97
2021-11-02,61.99
2021-11-03,61.03
2021-11-04,59.58
2021-11-05,58.78
2021-11-08,58.05
2021-11-09,58.47
2021-11-10,59.14
2021-11-11,59.14
2021-11-12,58.97
2021-11-15,58.2
2021-11-16,59.17
2021-11-17,59.23
2021-11-18,59.17
2021-11-19,58.16
2021-11-22,59.41
2021-11-23,60.14
2021-11-24,60.94
2021-11-26,59.02
2021-11-29,58.26
2021-11-30,55.11
2021-12-01,55.05
2021-12-02,56.23
2021-12-03,57.1
2021-12-06,57.79
2021-12-07,57.04
2021-12-08,55.46
2021-12-09,54.79
2021-12-10,53.59
2021-12-13,53.24
2021-12-14,52.01
2021-12-15,53.47
2021-12-16,54.65
2021-12-17,53.88
2021-12-20,52.94
2021-12-21,53.9
2021-12-22,54.83
2021-12-23,55.44
2021-12-27,56.72
2021-12-28,56.55
2021-12-29,56.7
2021-12-30,55.85
2021-12-31,56.3
2022-01-03,56.21
2022-01-04,58.14
2022-01-05,59.32
2022-01-06,58.78
2022-01-07,58.63
2022-01-10,57.89
2022-01-11,58.89
2022-01-12,59.28
2022-01-13,58.18
2022-01-14,58.15
2022-01-18,59.08
2022-01-19,60.76
2022-01-20,62.88
2022-01-21,63.0
2022-01-24,61.97
2022-01-25,62.51
2022-01-26,63.93
2022-01-27,64.34
2022-01-28,65.27
2022-01-31,64.82
2022-02-01,65.83
2022-02-02,65.98
2022-02-03,65.75
2022-02-04,65.36
2022-02-07,65.34
2022-02-08,63.35
2022-02-09,64.1
2022-02-10,64.51
2022-02-11,65.72
2022-02-14,65.81
2022-02-15,65.63
2022-02-16,66.97
2022-02-17,66.81
2022-02-18,67.57
2022-02-22,70.15
2022-02-23,70.72
2022-02-24,72.0
2022-02-25,68.75
2022-02-28,72.89
2022-03-01,76.8
2022-03-02,79.54
2022-03-03,78.3
2022-03-04,76.8
2022-03-07,78.15
2022-03-08,79.68
2022-03-09,80.07
2022-03-10,80.85
2022-03-11,82.18
2022-03-14,78.73
2022-03-15,73.68
2022-03-16,73.55
2022-03-17,74.63
2022-03-18,72.29
2022-03-21,73.71
2022-03-22,74.54
2022-03-23,75.97
2022-03-24,74.29
2022-03-25,74.75
2022-03-28,72.45
2022-03-29,71.66
2022-03-30,72.22
2022-03-31,69.94
2022-04-01,71.2
2022-04-04,72.34
2022-04-05,72.41
2022-04-06,71.83
2022-04-07,73.02
2022-04-08,75.12
2022-04-11,74.3
2022-04-12,75.43
2022-04-13,78.11
2022-04-14,78.91
2022-04-18,79.99
2022-04-19,80.21
2022-04-20,80.81
2022-04-21,81.5
2022-04-22,83.26
2022-04-25,82.74
2022-04-26,85.29
2022-04-27,87.8
2022-04-28,90.6
2022-04-29,89.17
2022-05-02,82.7
2022-05-03,84.3
2022-05-04,87.08
2022-05-05,86.5
2022-05-06,88.4
2022-05-09,87.18
2022-05-10,87.96
2022-05-11,89.45
2022-05-12,88.52
2022-05-13,88.34
2022-05-16,82.99
2022-05-17,83.49
2022-05-18,80.55
2022-05-19,79.53
2022-05-20,80.93
2022-05-23,80.47
2022-05-24,80.12
2022-05-25,78.92
2022-05-26,80.52
2022-05-27,79.57
2022-05-31,77.92
2022-06-01,78.11
2022-06-02,81.44
2022-06-03,81.85
2022-06-06,81.19
2022-06-07,81.44
2022-06-08,82.94
2022-06-09,82.63
2022-06-10,80.81
2022-06-13,79.51
2022-06-14,78.28
2022-06-15,77.67
2022-06-16,76.34
2022-06-17,73.79
2022-06-21,73.37
2022-06-22,70.66
2022-06-23,67.71
2022-06-24,69.75
2022-06-27,70.82
2022-06-28,72.09
2022-06-29,72.6
2022-06-30,69.93
2022-07-01,65.68
2022-07-05,60.52
2022-07-06,60.22
2022-07-07,63.17
2022-07-08,64.07
2022-07-11,65.21
2022-07-12,61.41
2022-07-13,60.21
2022-07-14,59.8
2022-07-15,60.08
2022-07-18,63.2
2022-07-19,61.89
2022-07-20,60.03
2022-07-21,58.6
2022-07-22,60.32
2022-07-25,60.01
2022-07-26,60.42
2022-07-27,61.18
2022-07-28,65.84
2022-07-29,68.6
2022-08-01,66.23
2022-08-02,65.2
2022-08-03,65.08
2022-08-04,66.04
2022-08-05,68.59
2022-08-08,69.2
2022-08-09,69.69
2022-08-10,70.56
2022-08-11,71.97
2022-08-12,71.97
2022-08-15,68.94
2022-08-16,67.84
2022-08-17,67.41
2022-08-18,66.26
2022-08-19,67.9
2022-08-22,68.77
2022-08-23,69.59
2022-08-24,68.77
2022-08-25,69.09
2022-08-26,70.82
2022-08-29,70.98
2022-08-30,70.79
2022-08-31,72.74
2022-09-01,68.52
2022-09-02,71.5
2022-09-06,68.96
2022-09-07,67.73
2022-09-08,68.86
2022-09-09,70.25
2022-09-12,71.92
2022-09-13,71.96
2022-09-14,68.51
2022-09-15,66.79
2022-09-16,68.66
2022-09-19,68.0
2022-09-20,68.59
2022-09-21,67.83
2022-09-22,69.43
2022-09-23,67.0
2022-09-26,66.11
2022-09-27,65.66
2022-09-28,65.52
2022-09-29,67.48
2022-09-30,65.35
2022-10-03,66.88
2022-10-04,68.63
2022-10-05,69.02
2022-10-06,69.67
2022-10-07,70.08
2022-10-10,69.54
2022-10-11,68.98
2022-10-12,69.17
2022-10-13,70.01
2022-10-14,69.57
2022-10-17,66.84
2022-10-18,68.74
2022-10-19,70.64
2022-10-20,70.42
2022-10-21,71.5
2022-10-24,71.87
2022-10-25,72.28
2022-10-26,73.42
2022-10-27,72.3
2022-10-28,71.79
2022-10-31,73.21
2022-11-01,73.37
2022-11-02,75.61
2022-11-03,75.29
2022-11-04,77.17
2022-11-07,76.33
2022-11-08,75.03
2022-11-09,75.54
2022-11-10,76.09
2022-11-11,76.97
2022-11-14,76.28
2022-11-15,76.98
2022-11-16,74.08
2022-11-17,72.13
2022-11-18,72.74
2022-11-21,73.0
2022-11-22,73.84
2022-11-23,74.91
2022-11-25,74.52
2022-11-28,76.07
2022-11-29,76.54
2022-11-30,75.23
2022-12-01,68.4
2022-12-02,67.59
2022-12-05,64.9
2022-12-06,63.87
2022-12-07,63.15
2022-12-08,63.5
2022-12-09,62.2
2022-12-12,64.39
2022-12-13,66.31
2022-12-14,66.31
2022-12-15,63.82
2022-12-16,63.36
2022-12-19,64.41
2022-12-20,66.05
2022-12-21,66.31
2022-12-22,65.8
2022-12-23,65.93
2022-12-27,67.65
2022-12-28,65.8
2022-12-29,66.4
2022-12-30,63.81
2023-01-03,63.16
2023-01-04,63.11
2023-01-05,62.94
2023-01-06,63.73
2023-01-09,63.91
2023-01-10,63.13
2023-01-11,62.39
2023-01-12,63.25
2023-01-13,63.25
2023-01-17,63.84
2023-01-18,64.12
2023-01-19,63.15
2023-01-20,61.97
2023-01-23,62.04
2023-01-24,60.98
2023-01-25,60.54
2023-01-26,60.79
2023-01-27,60.62
2023-01-30,61.32
2023-01-31,62.33
2023-02-01,60.79
2023-02-02,60.94
2023-02-03,59.06
2023-02-06,59.31
2023-02-07,60.89
2023-02-08,60.58
2023-02-09,59.04
2023-02-10,60.54
2023-02-13,60.14
2023-02-14,60.4
2023-02-15,61.24
2023-02-16,61.9
2023-02-17,61.51
2023-02-21,62.77
2023-02-22,62.83
2023-02-23,62.04
2023-02-24,61.11
2023-02-27,60.04
2023-02-28,59.75
2023-03-01,60.54
2023-03-02,61.39
2023-03-03,60.61
2023-03-06,59.88
2023-03-07,58.16
2023-03-08,58.49
2023-03-09,56.57
2023-03-10,56.1
2023-03-13,55.34
2023-03-14,55.84
2023-03-15,56.34
2023-03-16,57.73
2023-03-17,57.46
2023-03-20,57.99
2023-03-21,56.24
2023-03-22,54.64
2023-03-23,52.17
2023-03-24,53.27
2023-03-27,54.55
2023-03-28,55.05
2023-03-29,55.38
2023-03-30,54.37
2023-03-31,55.49
2023-04-03,56.68
2023-04-04,55.74
2023-04-05,55.22
2023-04-06,54.53
2023-04-07,54.53
2023-04-10,54.48
2023-04-11,54.89
2023-04-12,54.0
2023-04-13,53.72
2023-04-14,53.66
2023-04-17,54.57
2023-04-18,55.36
2023-04-19,55.02
2023-04-20,54.43
2023-04-21,53.4
2023-04-24,52.56
2023-04-25,51.71
2023-04-26,52.08
2023-04-27,50.78
2023-04-28,51.61
2023-05-01,51.55
2023-05-02,51.39
2023-05-03,52.37
2023-05-04,52.27
2023-05-05,54.09
2023-05-08,53.34
2023-05-09,52.72
2023-05-10,51.85
2023-05-11,50.91
2023-05-15,49.69
2023-05-16,47.45
2023-05-17,46.41
2023-05-18,47.29
2023-05-19,47.27
2023-05-22,48.77
2023-05-23,47.76
2023-05-24,48.0
2023-05-25,48.52
2023-05-26,48.82
2023-05-30,46.2
2023-05-31,46.2
2023-06-01,47.86
2023-06-02,49.5
2023-06-05,49.26
2023-06-06,50.92
2023-06-07,50.47
2023-06-08,52.5
2023-06-09,54.59
2023-06-12,53.98
2023-06-13,55.43
2023-06-14,55.96
2023-06-15,58.43
2023-06-16,59.69
2023-06-20,59.63
2023-06-21,55.63
2023-06-22,55.77
2023-06-23,57.94
2023-06-26,59.51
2023-06-27,60.55
2023-06-28,59.62
2023-06-29,60.83
2023-06-30,65.01
2023-07-03,67.02
2023-07-05,68.58
2023-07-06,65.95
2023-07-07,66.55
2023-07-10,69.22
2023-07-11,68.53
2023-07-12,68.68
2023-07-13,69.67
2023-07-17,64.76
2023-07-18,64.05
2023-07-19,66.05
2023-07-20,67.64
2023-07-21,69.4
2023-07-24,71.99
2023-07-25,72.56
2023-07-26,70.27
2023-07-27,68.61
2023-07-28,67.6
2023-07-31,65.58
2023-08-01,67.09
2023-08-02,67.31
2023-08-03,66.99
2023-08-04,68.0
2023-08-07,66.66
2023-08-08,66.58
2023-08-09,66.79
2023-08-10,66.6
2023-08-11,66.34
2023-08-15,65.9
2023-08-16,66.77
2023-08-17,67.76
2023-08-18,68.29
2023-08-21,67.99
2023-08-22,65.21
2023-08-23,66.15
2023-08-24,65.54
2023-08-25,66.73
2023-08-28,66.9
2023-08-29,66.56
2023-08-30,65.54
2023-08-31,65.52
2023-09-01,66.55
2023-09-05,66.0
2023-09-06,65.35
2023-09-07,63.86
2023-09-08,63.15
2023-09-11,63.15
2023-09-12,62.72
2023-09-13,64.43
2023-09-14,64.43
2023-09-15,63.38
2023-09-18,62.39
2023-09-19,61.76
2023-09-20,60.68
2023-09-21,59.65
2023-09-22,60.85
2023-09-25,58.75
2023-09-26,58.86
2023-09-27,59.61
2023-09-28,58.53
2023-09-29,57.44
2023-10-02,59.85
2023-10-03,59.45
2023-10-04,58.43
2023-10-05,57.86
2023-10-06,57.29
2023-10-09,56.13
2023-10-10,53.99
2023-10-11,53.52
2023-10-12,54.47
2023-10-13,55.35
2023-10-16,55.9
2023-10-17,55.35
2023-10-18,54.86
2023-10-19,53.11
2023-10-20,53.39
2023-10-23,51.94
2023-10-24,51.32
2023-10-25,52.6
2023-10-26,51.74
2023-10-27,52.27
2023-10-30,52.39
2023-10-31,51.42
2023-11-01,49.9
2023-11-02,50.32
2023-11-03,49.36
2023-11-06,50.8
2023-11-07,49.49
2023-11-08,49.95
2023-11-09,50.45
2023-11-10,51.2
2023-11-13,51.54
2023-11-14,52.75
2023-11-15,53.05
2023-11-16,51.63
2023-11-17,52.01
2023-11-20,53.11
2023-11-21,54.19
2023-11-22,53.6
2023-11-24,51.53
2023-11-27,51.91
2023-11-28,53.34
2023-11-29,52.68
2023-11-30,52.29
2023-12-01,51.38
2023-12-04,51.19
2023-12-05,50.22
2023-12-06,49.29
2023-12-07,51.11
2023-12-08,50.15
2023-12-11,51.06
2023-12-12,50.39
2023-12-13,49.82
2023-12-14,49.28
2023-12-15,49.99
2023-12-18,50.64
2023-12-19,50.73
2023-12-20,50.56
2023-12-21,49.04
2023-12-22,48.53
2023-12-26,47.91
2023-12-27,48.24
2023-12-28,47.49
2023-12-29,47.84
2024-01-02,47.79
2024-01-03,48.1
2024-01-04,47.88
2024-01-05,47.17
2024-01-08,47.44
2024-01-09,48.12
2024-01-10,47.86
2024-01-11,48.37
2024-01-12,47.75
2024-01-16,47.25
2024-01-17,47.7
2024-01-18,47.62
2024-01-19,46.9
2024-01-22,48.16
2024-01-23,48.21
2024-01-24,47.32
2024-01-25,46.53
2024-01-26,46.93
2024-01-29,45.55
2024-01-30,46.0
2024-01-31,46.02
2024-02-01,45.6
2024-02-02,44.73
2024-02-05,45.33
2024-02-06,45.94
2024-02-07,46.76
2024-02-08,47.94
2024-02-09,47.26
2024-02-12,46.9
2024-02-13,47.3
2024-02-14,46.35
2024-02-15,46.0
2024-02-16,45.59
2024-02-20,45.41
2024-02-21,44.83
2024-02-22,44.21
2024-02-23,44.02
2024-02-26,44.4
2024-02-27,44.91
2024-02-28,44.66
2024-02-29,44.66
2024-03-01,44.62
2024-03-04,44.65
2024-03-05,44.51
2024-03-06,44.78
2024-03-07,45.83
2024-03-08,45.6
2024-03-11,46.05
2024-03-12,47.23
2024-03-13,47.99
2024-03-14,47.94
2024-03-15,49.42
2024-03-18,48.7
2024-03-19,48.14
2024-03-20,49.0
2024-03-21,48.79
2024-03-22,47.64
2024-03-25,49.02
2024-03-26,48.42
2024-03-27,47.67
2024-03-28,47.95
2024-04-01,48.24
2024-04-02,48.6
2024-04-03,48.85
2024-04-04,48.15
2024-04-05,48.89
2024-04-08,47.9
2024-04-09,47.52
2024-04-10,47.6
2024-04-11,46.02
2024-04-12,45.89
2024-04-15,45.47
2024-04-16,44.91
2024-04-17,45.0
2024-04-18,44.12
2024-04-19,44.38
2024-04-22,45.04
2024-04-23,45.31
2024-04-24,44.66
2024-04-25,44.82
2024-04-26,44.93
2024-04-29,43.69
2024-04-30,42.29
2024-05-01,42.57
2024-05-02,42.57
2024-05-03,42.42
2024-05-06,43.17
2024-05-07,43.85
2024-05-08,43.15
2024-05-09,42.01
2024-05-10,43.81
2024-05-13,44.52
2024-05-14,42.68
2024-05-15,43.55
2024-05-16,44.52
2024-05-17,45.27
2024-05-20,46.32
2024-05-21,45.81
2024-05-22,45.88
2024-05-23,45.19
2024-05-24,44.95
2024-05-28,45.52
2024-05-29,45.88
2024-05-30,45.72
2024-05-31,45.52
2024-06-03,44.14
2024-06-04,43.62
2024-06-05,43.13
2024-06-06,44.35
2024-06-07,43.63
2024-06-10,43.66
2024-06-11,43.67
2024-06-12,43.79
2024-06-13,43.86
2024-06-14,43.68
2024-06-17,43.73
2024-06-18,44.3
2024-06-20,43.97
2024-06-21,43.94
2024-06-24,43.49
2024-06-25,42.76
2024-06-26,43.45
2024-06-27,43.49
2024-06-28,43.77
2024-07-01,45.83
2024-07-02,46.93
2024-07-03,48.6
2024-07-05,49.62
2024-07-08,49.0
2024-07-09,46.86
2024-07-10,46.26
2024-07-11,47.11
2024-07-12,47.55
2024-07-15,46.42
2024-07-16,46.7
2024-07-17,46.21
2024-07-18,46.45
2024-07-19,46.56
2024-07-22,47.0
2024-07-23,46.66
2024-07-24,46.02
2024-07-25,45.81
2024-07-26,43.66
2024-07-29,42.84
2024-07-30,42.75
2024-07-31,43.3
2024-08-01,42.87
2024-08-02,41.71
2024-08-05,41.04
2024-08-06,40.87
2024-08-07,42.25
2024-08-08,42.36
2024-08-09,42.74
2024-08-12,41.61
2024-08-13,40.68
2024-08-14,40.05
2024-08-15,39.47
2024-08-16,39.95
2024-08-19,40.47
2024-08-20,40.71
2024-08-21,41.0
2024-08-22,40.44
2024-08-23,41.47
2024-08-26,41.7
2024-08-27,41.15
2024-08-28,41.8
2024-08-29,43.17
2024-08-30,43.14
2024-09-03,42.07
2024-09-04,41.35
2024-09-05,42.32
2024-09-06,40.77
2024-09-09,41.61
2024-09-10,40.85
2024-09-11,40.32
2024-09-12,40.81
2024-09-13,40.69
2024-09-16,39.75
2024-09-17,40.55
2024-09-18,40.99
2024-09-19,41.75
2024-09-20,42.16
2024-09-23,42.62
2024-09-24,43.95
2024-09-25,44.38
2024-09-26,42.92
2024-09-27,42.18
2024-09-30,43.51
2024-10-01,42.91
2024-10-02,43.72
2024-10-03,44.69
2024-10-04,44.04
2024-10-07,44.56
2024-10-08,43.37
2024-10-09,43.26
2024-10-10,43.87
2024-10-11,43.44
2024-10-14,42.16
2024-10-15,42.45
2024-10-16,41.68
2024-10-17,42.59
2024-10-18,41.82
2024-10-21,42.39
2024-10-22,43.69
2024-10-23,43.39
2024-10-24,44.33
2024-10-25,44.15
2024-10-28,42.69
2024-10-29,42.8
2024-10-30,43.81
2024-10-31,45.14
2024-11-01,46.3
2024-11-04,45.56
2024-11-05,44.99
2024-11-06,46.34
2024-11-07,48.32
2024-11-08,48.77
2024-11-11,48.14
2024-11-12,46.23
2024-11-13,45.18
2024-11-14,44.44
2024-11-15,45.35
2024-11-18,45.52
2024-11-19,44.84
2024-11-20,43.28
2024-11-21,42.18
2024-11-22,41.77
2024-11-25,41.21
2024-11-26,42.59
2024-11-27,40.75
2024-11-29,41.61
2024-12-02,41.27
2024-12-03,41.95
2024-12-04,41.23
2024-12-05,42.12
2024-12-06,42.78
2024-12-09,42.63
2024-12-10,42.56
2024-12-11,42.26
2024-12-12,42.47
2024-12-13,42.28
2024-12-16,41.72
2024-12-17,40.62
2024-12-18,39.55
2024-12-19,40.01
2024-12-20,39.48
2024-12-23,40.23
2024-12-24,39.84
2024-12-26,39.47
2024-12-27,39.52
2024-12-30,39.72
2024-12-31,39.78
2025-01-02,39.72
2025-01-03,39.4
2025-01-06,39.76
2025-01-07,40.72
2025-01-08,41.11
2025-01-09,42.28
2025-01-10,45.05
2025-01-13,45.47
2025-01-14,45.73
2025-01-15,46.27
2025-01-16,45.03
2025-01-17,45.69
2025-01-21,45.77
2025-01-22,44.42
2025-01-23,45.04
2025-01-24,45.22
2025-01-27,45.0
2025-01-28,45.13
2025-01-29,44.97
2025-01-30,44.98
2025-01-31,46.11
2025-02-03,46.51
2025-02-04,45.76
2025-02-05,45.09
2025-02-06,45.4
2025-02-07,45.98
2025-02-10,45.73
2025-02-11,46.13
2025-02-12,45.66
2025-02-13,46.25
2025-02-14,46.07
2025-02-18,47.3
2025-02-19,46.3
2025-02-20,47.26
2025-02-21,46.81
2025-02-24,45.7
2025-02-25,45.44
2025-02-26,44.97
2025-02-27,44.75
2025-02-28,43.53
2025-03-03,42.9
2025-03-04,42.27
2025-03-05,42.44
2025-03-06,42.6
2025-03-07,42.87
2025-03-10,41.71
2025-03-11,41.43
2025-03-12,41.18
2025-03-13,40.78
2025-03-14,41.0
2025-03-17,42.1
2025-03-18,42.54
2025-03-19,42.36
2025-03-20,42.71
2025-03-21,42.01
2025-03-24,42.15
2025-03-25,42.3
2025-03-26,42.64
2025-03-27,44.27
2025-03-28,45.16
2025-03-31,44.89
2025-04-01,47.44
2025-04-02,48.5
2025-04-03,47.06
2025-04-04,45.84
2025-04-07,45.15
2025-04-08,44.94
