Year,Week,Eggs Set Year,Eggs Set Week,Eggs Set,Placements,Hatchability (%),Hatchability LTM (%)
2013,3,2013,1,205518000,169303000,82.37867242771922,82.37867242771922
2013,4,2013,1,205518000,169552000,82.4998296986152,82.4392510631672
2013,5,2013,2,205480000,169282000,82.38368697683472,82.42072970105637
2013,6,2013,3,204794000,169284000,82.66062482299286,82.4807034815405
2013,7,2013,4,206894000,170821000,82.56450162885342,82.49746311100309
2013,8,2013,5,206596000,170735000,82.64196789870084,82.52154724228605
2013,9,2013,6,206638000,170621000,82.57000164538952,82.52846929987224
2013,10,2013,7,208283000,171821000,82.49401055294959,82.52416195650693
2013,11,2013,8,209326000,172111000,82.22151094465092,82.4905340663007
2013,12,2013,9,209631000,172377000,82.22877341614551,82.46435800128518
2013,13,2013,10,208928000,171771000,82.21540434982386,82.44172585115233
2013,14,2013,11,209501000,172628000,82.39960668445497,82.43821592059422
2013,15,2013,12,209255000,172230000,82.30627703041743,82.428066775196
2013,16,2013,13,210151000,172847000,82.24895432331991,82.41527302863344
2013,17,2013,14,209103000,172008000,82.2599388817951,82.4049174188442
2013,18,2013,15,210208000,173113000,82.35319302785811,82.40168464440757
2013,19,2013,16,208615000,172020000,82.45811662632121,82.40500417275543
2013,20,2013,17,208949000,171877000,82.25787153803081,82.39683013749296
2013,21,2013,18,210796000,174255000,82.66523083929486,82.41095649021936
2013,22,2013,19,211192000,173858000,82.32224705481268,82.40652101844904
2013,23,2013,20,213153000,175530000,82.34929839129639,82.40379613144177
2013,24,2013,21,212481000,175387000,82.54243908867146,82.41009808404311
2013,25,2013,22,213001000,175675000,82.47613860967789,82.41296941124463
2013,26,2013,23,212769000,175587000,82.52470989664847,82.41762526480312
2013,27,2013,24,211967000,175328000,82.71476220355055,82.42951074235302
2013,28,2013,25,211237000,174470000,82.59443184669352,82.43585386175073
2013,29,2013,26,210145000,173090000,82.36693711484926,82.43330138964328
2013,30,2013,27,211730000,174724000,82.5220800075568,82.43647205456875
2013,31,2013,28,211853000,175077000,82.64079338031559,82.44351761752554
2013,32,2013,29,209600000,172654000,82.37309160305344,82.44117008370979
2013,33,2013,30,210231000,173007000,82.29376257545272,82.43641500279828
2013,34,2013,31,208500000,171770000,82.38369304556355,82.4347674416347
2013,35,2013,32,211212000,173607000,82.19561388557469,82.42752036417833
2013,36,2013,33,209893000,172461000,82.16615132472259,82.41983303948847
2013,37,2013,34,210980000,173356000,82.16703005024173,82.41261009693856
2013,38,2013,35,209456000,172301000,82.26119089450768,82.40840400798214
2013,39,2013,36,203630000,167831000,82.41958454058832,82.40870618453906
2013,40,2013,37,202337000,165999000,82.04085263693739,82.39902582802323
2013,41,2013,38,199899000,164561000,82.32207264668658,82.39705266952741
2013,42,2013,39,204554000,168282000,82.26776303567762,82.39382042868117
2013,43,2013,40,193785000,159310000,82.20966535077534,82.38932884141518
2013,44,2013,41,199432000,163356000,81.9106261783465,82.37793115896116
2013,45,2013,42,195598000,160800000,82.20942954426937,82.37401251675902
2013,46,2013,43,202879000,166870000,82.25099689962983,82.37121670727882
2013,47,2013,44,198457000,162482000,81.87264747527172,82.36013739101199
2013,48,2013,45,200697000,164713000,82.07048436199842,82.35384058603344
2013,49,2013,46,210917000,172141000,81.61551700431924,82.33813157365654
2013,50,2013,47,210021000,171790000,81.79658224653726,82.32684929600822
2013,51,2013,48,211242000,172640000,81.72617187869837,82.31459057320598
2013,52,2013,49,209738000,171474000,81.75628641447902,82.30342449003145
2014,0,2013,49,209738000,9134788000,4355.332843833735,166.08831506539818
2014,0,2013,49,209738000,23683100,11.291754474630253,163.11145813096033
2014,0,2013,49,209738000,25731500,12.268401529527315,161.76318369061048
2014,0,2013,49,209738000,24885800,11.865184182170136,160.40482512298652
2014,0,2013,49,209738000,24259700,11.566668891664838,159.04295939057943
2014,0,2013,49,209738000,25176200,12.003642639864974,157.6841712716731
2014,0,2013,49,209738000,24006500,11.445946847972232,156.31650675665617
2014,0,2013,49,209738000,25946300,12.37081501683052,154.96513843200484
2014,0,2013,49,209738000,25368100,12.095137743279713,153.60985258773349
2014,0,2013,49,209738000,24034600,11.459344515538431,152.24380131778327
2014,0,2013,49,209738000,25306000,12.065529374743727,150.8946478260543
2014,0,2013,49,209738000,25425600,12.122552899331549,149.546451277654
2014,0,2013,49,209738000,26339700,12.558382362757344,148.20689316251813
2014,1,2013,50,211248000,172043000,81.4412444141483,148.18846311885838
2014,2,2013,51,210822000,171495000,81.34587471895722,148.169993843638
2014,3,2013,52,210127000,171619000,81.67394004578183,148.15893587676226
2014,4,2014,1,208593000,169569000,81.29179790309358,148.140317781018
2014,5,2014,2,210927000,170840000,80.99484655828793,148.11419573352626
2014,6,2014,3,208883000,169786000,81.28282339874475,148.09159394068826
2014,7,2014,4,210334000,170966000,81.28310211378094,148.0728483748373
2014,8,2014,5,210060000,170097000,80.97543558983148,148.0403523123476
2014,9,2014,6,208747000,169072000,80.99373883217483,148.0148040772969
2014,10,2014,7,209331000,169954000,81.18912153479417,147.99249298390262
2014,11,2014,8,209592000,170152000,81.18248788121683,147.96634007606696
2014,12,2014,9,211480000,171611000,81.14762625307358,147.94079176151686
2014,13,2014,10,211484000,172220000,81.43405647708573,147.9198176572945
2014,14,2014,11,210940000,171942000,81.51227837299706,147.8966929682454
2014,15,2014,12,209029000,169978000,81.31790325744275,147.87214434152904
2014,16,2014,13,210411000,170870000,81.20773153494827,147.84985192653093
2014,17,2014,14,212472000,173088000,81.4639105388004,147.82950251367023
2014,18,2014,15,213326000,173436000,81.30091971911536,147.8037357124933
2014,19,2014,16,214013000,174680000,81.62120992649979,147.78927644948266
2014,20,2014,17,212304000,172917000,81.44782952747003,147.7730085062522
2014,21,2014,18,212762000,173669000,81.62594824263732,147.7584364908113
2014,22,2014,19,211680000,172469000,81.47628495842781,147.74460324221235
2014,23,2014,20,213777000,174420000,81.58969393339788,147.73351752314844
2014,24,2014,21,214496000,174907000,81.54324556168879,147.72152166759932
2014,25,2014,22,215348000,175913000,81.68777977970541,147.7104945307762
2014,26,2014,23,214393000,175045000,81.64678884105358,147.6956330750159
2014,27,2014,24,212263000,173632000,81.80040798443441,147.69100913939087
2014,28,2014,25,213696000,174801000,81.79891060197664,147.68094833083876
2014,29,2014,26,212380000,173810000,81.83915622940013,147.6727058922565
2014,30,2014,27,212840000,173712000,81.61623754933284,147.66129381915184
2014,31,2014,28,214951000,175634000,81.70885457615921,147.65741359603285
2014,32,2014,29,215404000,175849000,81.63683125661547,147.64640209050106
2014,33,2014,30,214200000,174880000,81.64332399626517,147.63471607312866
2014,34,2014,31,213967000,174625000,81.61305248005533,147.62972386168218
2014,35,2014,32,213635000,174342000,81.6074145154118,147.62081867232473
2014,36,2014,33,213903000,174494000,81.57622847739397,147.62006312373003
2014,37,2014,34,214155000,175419000,81.91216642151713,147.6222858963258
2014,38,2014,35,212387000,173706000,81.78749170146948,147.62346512368677
2014,39,2014,36,210476000,171281000,81.37792432391342,147.61618892963745
2014,40,2014,37,208513000,170130000,81.59203502899099,65.42886568339236
2014,41,2014,38,205731000,168394000,81.85154400649391,66.78578471285128
2014,42,2014,39,209049000,171581000,82.07692933235748,68.12825640136724
2014,43,2014,40,203117000,165240000,81.3521270991596,69.4645437651555
2014,44,2014,41,207410000,169537000,81.74003182103081,70.81403151379715
2014,45,2014,42,203421000,165974000,81.59137945443194,72.15225722176959
2014,46,2014,43,205658000,168442000,81.9039376051503,73.50721858248455
2014,47,2014,44,203385000,165916000,81.57730412763969,74.83811260384627
2014,48,2014,45,207327000,169119000,81.57114124064883,76.17418959418029
2014,49,2014,46,217141000,176565000,81.31352439198493,77.51753920718888
2014,50,2014,47,217181000,176732000,81.3754426031743,78.85042215388947
2014,51,2014,48,217293000,177124000,81.51390058584492,80.18487114786087
2014,52,2014,49,213326000,174688000,81.88781489363697,81.51812946576241
2014,53,2014,50,215072000,176403000,82.02043966671626,81.5292678360041
2015,0,2014,49,213326000,9102074000,4266.743856820078,162.01769056871797
2015,0,2014,49,213326000,25220600,11.822562650591117,160.6743948495797
2015,0,2014,49,213326000,24832400,11.640587645200304,159.33494849846633
2015,0,2014,49,213326000,26797900,12.561947441943316,158.01893120776742
2015,0,2014,49,213326000,27236900,12.767735765916957,156.70133336867457
2015,0,2014,49,213326000,23933600,11.21926066208526,155.3539518022958
2015,0,2014,49,213326000,24478600,11.474738194125424,154.01739992930146
2015,0,2014,49,213326000,28477900,13.34947451318639,152.71654869239782
2015,0,2014,49,213326000,26870100,12.595792355362216,151.397446208178
2015,0,2014,49,213326000,28519100,13.3687876770764,150.0933365888676
2015,0,2014,49,213326000,27725200,12.996634259302663,148.7827405889874
2015,0,2014,49,213326000,28506000,13.36264684098516,147.47367501906237
2015,0,2014,49,213326000,29178900,13.67807955898484,146.169171195716
2015,1,2014,50,215072000,176232000,81.94093140901651,146.18115250632317
2015,2,2014,51,215793000,175431000,81.29596418790229,146.18284928811073
2015,3,2014,52,214579000,175232000,81.66316368330546,146.18668107935125
2015,4,2015,1,213811000,174590000,81.65622909953183,146.19351395205155
2015,5,2015,2,214824000,174617000,81.28374855695826,146.1870243103296
2015,6,2015,3,214580000,174295000,81.22611613384285,146.18276059122138
2015,7,2015,4,213503000,173885000,81.44382046153919,146.17925813389255
2015,8,2015,5,214691000,175031000,81.52693871657405,146.18023224462615
2015,9,2015,6,216428000,176337000,81.47605670245994,146.17804691326197
2015,10,2015,7,215648000,175887000,81.56208265321264,146.17840916502203
2015,11,2015,8,216091000,175838000,81.37219967513686,146.17234031685726
2015,12,2015,9,213820000,174357000,81.5438219062763,146.17036018349614
2015,13,2015,10,213538000,174362000,81.6538508368534,146.1675417768119
2015,14,2015,11,213420000,174581000,81.80161184518789,146.16759372379673
2015,15,2015,12,216714000,177531000,81.91948835792796,146.16913857242227
2015,16,2015,13,218224000,178953000,82.00427084097075,146.1766007511076
2015,17,2015,14,218379000,179954000,82.40444365071733,146.18997746407987
2015,18,2015,15,218915000,179330000,81.91763926638193,146.19537761811387
2015,19,2015,16,216264000,177980000,82.29756223874524,146.2079591227769
2015,20,2015,17,218243000,179461000,82.22989969895941,146.2198215692943
2015,21,2015,18,219342000,180034000,82.07912757246673,146.22889297423768
2015,22,2015,19,219808000,180698000,82.20719901004513,146.24102702294252
2015,23,2015,20,218078000,179698000,82.40079237703941,146.25042367593332
2015,24,2015,21,219226000,180404000,82.29133405709177,146.260112952003
2015,25,2015,22,220011000,181160000,82.34133747858061,146.2786401280543
2015,26,2015,23,217737000,179017000,82.21707840192526,146.2906601929184
2015,27,2015,24,218396000,179239000,82.0706423194564,146.29487362201382
2015,28,2015,25,217655000,178554000,82.03533114332315,146.29407365684008
2015,29,2015,26,214914000,176997000,82.35712889807085,146.3134006145115
2015,30,2015,27,216113000,177888000,82.3124939267883,146.32440950116063
2015,31,2015,28,215756000,176967000,82.02182094588332,146.3326872221501
2015,32,2015,29,215913000,176515000,81.75283563287064,146.32978141499086
2015,33,2015,30,215168000,176677000,82.11118753718026,146.34004840363588
2015,34,2015,31,214671000,176219000,82.08793921861826,146.34998682628913
2015,35,2015,32,213335000,175372000,82.20498277357208,146.36713025670429
2015,36,2015,33,212894000,174909000,82.1577874435165,146.3821753497878
2015,37,2015,34,212841000,175196000,82.31308817380109,146.39754434186386
2015,38,2015,35,208818000,171665000,82.2079514218123,146.40370081355954
2015,39,2015,36,207430000,171001000,82.4379308682447,146.41172949051202
2015,40,2015,37,198061000,162043000,81.8146934530271,65.93232250268412
2015,41,2015,38,206686000,170164000,82.32971754255247,67.28822932752952
2015,42,2015,39,201808000,164051000,81.29063268056767,68.62765327051736
2015,43,2015,40,203839000,167373000,82.11039104391212,69.96512333978599
2015,44,2015,41,199129000,163631000,82.17336500459501,71.29984697899134
2015,45,2015,42,203857000,166524000,81.68667252044325,72.654989514729
2015,46,2015,43,203939000,166987000,81.88085653062926,74.00895332889253
2015,47,2015,44,203953000,168566000,82.64943393821126,75.34164485629685
2015,48,2015,45,215178000,175874000,81.73419215719079,76.67122946787048
2015,49,2015,46,216420000,177670000,82.0950004620645,77.99288740604332
2015,50,2015,47,216573000,177719000,82.05962885493575,79.3210219174978
2015,51,2015,48,210182000,172807000,82.2177921991417,80.64515932823159
2015,52,2015,49,215244000,176571000,82.032948653621,81.95967604158999
2016,0,2015,49,215244000,9208278000,4278.064893794949,162.65436762593484
2016,0,2015,49,215244000,27159400,12.61795915333296,161.33363675988542
2016,0,2015,49,215244000,29530200,13.719406812733457,160.02702605083596
2016,0,2015,49,215244000,26924500,12.508827191466429,158.6972683218347
2016,0,2015,49,215244000,27819700,12.924727286242591,157.3826717589363
2016,0,2015,49,215244000,27932800,12.977272304919069,156.07019399299548
2016,0,2015,49,215244000,27527200,12.78883499656204,154.7499058109767
2016,0,2015,49,215244000,26353600,12.243593317351472,153.41753378406855
2016,0,2015,49,215244000,27996500,13.00686662578283,152.1008185902863
2016,0,2015,49,215244000,27029400,12.557562580141608,150.7738085888811
2016,0,2015,49,215244000,25339800,11.772592964263811,149.435354613672
2016,0,2015,49,215244000,26303500,12.220317407221572,148.10221029638248
2016,0,2015,49,215244000,28070100,13.04106037798963,146.78273355678897
2016,1,2015,50,216798000,177538000,81.89097685403001,146.7844521146513
2016,2,2015,51,215014000,176898000,82.2727822374357,146.79124622771877
2016,3,2015,52,212864000,174318000,81.89172429344558,146.7890818710356
2016,4,2016,1,215425000,177107000,82.21283509341998,146.78539709108756
2016,5,2016,2,216218000,176049000,81.42199076857615,146.77586538920667
2016,6,2016,3,216805000,177029000,81.65355965037708,146.76348072404576
2016,7,2016,4,216748000,176890000,81.61090298411058,146.7515769410679
2016,8,2016,5,215559000,176243000,81.76091000607722,146.7454573724835
2016,9,2016,6,216728000,176985000,81.66226791185265,146.73497792828746
2016,10,2016,7,215826000,176748000,81.893747741236,146.72522706990665
2016,11,2016,8,217125000,177563000,81.77915947035117,146.71537755862315
2016,12,2016,9,217683000,178254000,81.88696407160872,146.70663960848907
2016,13,2016,10,218643000,179148000,81.93630713080226,146.7012401609675
2016,14,2016,11,218010000,179346000,82.26503371404982,146.70497845701738
2016,15,2016,12,215942000,177248000,82.08129960822814,146.70586246595784
2016,16,2016,13,216253000,178157000,82.38359699056198,146.70637146773652
2016,17,2016,14,217103000,178132000,82.04953409211296,146.7013145478389
2016,18,2016,15,215712000,177553000,82.31020990950898,146.7068604894471
2016,19,2016,16,217521000,178408000,82.0187476151728,146.71197418141443
2016,20,2016,17,216702000,178648000,82.43947910033133,146.7182874807058
2016,21,2016,18,217752000,179623000,82.48971306807744,146.72601390088772
2016,22,2016,19,217618000,178982000,82.245953919253,146.72680180753542
2016,23,2016,20,220164000,180519000,81.99296887774568,146.72363221973214
2016,24,2016,21,219768000,181302000,82.49699683302391,146.7271689247172
2016,25,2016,22,219305000,180036000,82.09388750826474,146.72497538791822
2016,26,2016,23,220346000,181138000,82.20616666515389,146.72051838401262
2016,27,2016,24,217595000,178843000,82.19076725108573,146.72775057243683
2016,28,2016,25,218375000,179488000,82.19255867200917,146.72511290184946
2016,29,2016,26,215665000,176788000,81.97343101569564,146.73824363906346
2016,30,2016,27,218461000,180278000,82.52182311716966,146.7461557943184
2016,31,2016,28,218140000,179190000,82.14449436141928,146.74560058964195
2016,32,2016,29,217045000,178325000,82.16038148770993,146.754710377474
2016,33,2016,30,215136000,177216000,82.37394020526551,146.7641927558324
2016,34,2016,31,216450000,178297000,82.37329637329638,146.75888241804557
2016,35,2016,32,217802000,178939000,82.1567295066161,146.76700813630376
2016,36,2016,33,215641000,177263000,82.20282784813648,146.76908173988207
2016,37,2016,34,217245000,178925000,82.36092890515316,146.774875971617
2016,38,2016,35,213701000,174175000,81.50406408954566,146.76115043104784
2016,39,2016,36,208700000,171099000,81.98322951605175,146.7601942937869
2016,40,2016,37,206580000,168871000,81.746054797173,66.0617550822912
2016,41,2016,38,213981000,175134000,81.84558442104672,67.39305556820878
2016,42,2016,39,207899000,169432000,81.49726549911254,68.69647592756222
2016,43,2016,40,210916000,172230000,81.6581008553168,70.02626965186704
2016,44,2016,41,209227000,171178000,81.81448856983086,71.35107275347451
2016,45,2016,42,209688000,171395000,81.73810613864408,72.67339648104614
2016,46,2016,43,211173000,172410000,81.64396016536205,73.99753350352306
2016,47,2016,44,212535000,174356000,82.03637048015621,75.33970229511546
2016,48,2016,45,217215000,177178000,81.56803167368736,76.6581862383444
2016,49,2016,46,219803000,179537000,81.68086877795116,77.98748058830228
2016,50,2016,47,220033000,179424000,81.54413201656115,79.32924095469261
2016,51,2016,48,219773000,179230000,81.55232899400745,80.6625488698231
2016,52,2016,49,219578000,179215000,81.6179216497099,81.98133466351003
2017,0,2016,49,219578000,9381418000,4272.476295439434,162.56951386707547
2017,0,2016,49,219578000,24821600,11.304229021122335,161.20473399753098
2017,0,2016,49,219578000,28104200,12.799187532448606,159.87603136751184
2017,0,2016,49,219578000,27667200,12.60016941587955,158.5373262583283
2017,0,2016,49,219578000,27527400,12.536501835338695,157.21260531730456
2017,0,2016,49,219578000,28741500,13.08942608093707,155.89406428712303
2017,0,2016,49,219578000,24650000,11.226079115394077,154.54050998195538
2017,0,2016,49,219578000,25342100,11.541274626784103,153.19013237850746
2017,0,2016,49,219578000,28749500,13.093069433185477,151.8714939462254
2017,0,2016,49,219578000,24003700,10.931741795626156,150.50683998573288
2017,0,2016,49,219578000,28026900,12.763983641348403,149.17962506594438
2017,0,2016,49,219578000,28553400,13.003761761196476,147.85494809843644
2017,0,2016,49,219578000,32549100,14.823479583564838,146.5643167994511
2017,1,2016,50,220161000,178711000,81.17286894590777,146.54331363083298
2017,2,2016,51,219309000,178132000,81.22420876480217,146.52683111461326
2017,3,2016,52,220439000,179406000,81.38578019316002,146.50764233004784
2017,4,2017,1,218873000,178308000,81.4664211666126,146.4964286199421
2017,5,2017,2,218239000,177529000,81.3461388661055,146.4778887921843
2017,6,2017,3,219451000,178329000,81.26142054490523,146.46332481006377
2017,7,2017,4,220562000,179278000,81.28236051541063,146.44107252958457
2017,8,2017,5,219949000,178895000,81.33476396801078,146.41886196996785
2017,9,2017,6,220997000,179258000,81.11331828033865,146.39708051537335
2017,10,2017,7,222318000,180659000,81.26152628217238,146.38301431161233
2017,11,2017,8,222763000,181053000,81.27606469656092,146.3595348474496
2017,12,2017,9,223523000,182459000,81.62873619269605,146.3505896298425
2017,13,2017,10,222805000,181321000,81.38102825340545,146.3347215834627
2017,14,2017,11,223412000,181497000,81.2386980108499,146.31641255961202
2017,15,2017,12,220996000,180068000,81.48020778656627,146.30271350412275
2017,16,2017,13,223028000,181442000,81.35391071973027,146.29079965227726
2017,17,2017,14,222922000,181579000,81.4540511927939,146.2702655768085
2017,18,2017,15,221588000,180494000,81.454771919057,146.25700168368616
2017,19,2017,16,223196000,181985000,81.53595942579615,146.24499356711087
2017,20,2017,17,221695000,180485000,81.41139854304336,146.22648315052967
2017,21,2017,18,223558000,182601000,81.67947467771228,146.2131404256146
2017,22,2017,19,223438000,181540000,81.24848951386961,146.19567427190793
2017,23,2017,20,225163000,183100000,81.318866776513,146.17867502053056
2017,24,2017,21,225375000,183463000,81.40343871325568,146.16026174760947
2017,25,2017,22,224566000,183104000,81.53683104298959,146.16089188132952
2017,26,2017,23,227278000,184560000,81.20451605522751,146.14591662246752
2017,27,2017,24,223929000,182321000,81.41911052163856,146.1396292325534
2017,28,2017,25,224653000,182515000,81.24307264981995,146.1280424677221
2017,29,2017,26,223738000,182340000,81.49710822479865,146.1280394432161
2017,30,2017,27,226145000,183923000,81.32967786154902,146.12172361641285
2017,31,2017,28,226235000,183630000,81.16781223064513,146.10928753296696
2017,32,2017,29,227110000,184458000,81.21967328607282,146.09931767041752
2017,33,2017,30,226684000,184208000,81.26202113955992,146.0919726891521
2017,34,2017,31,228007000,184739000,81.02338963277444,146.0724922882409
2017,35,2017,32,224807000,182537000,81.19720471337637,146.06536100054262
2017,36,2017,33,226122000,182261000,80.60294885062046,146.04463177117088
2017,37,2017,34,225190000,182206000,80.9121186553577,146.0324776680708
2017,38,2017,35,220421000,178280000,80.88158569283326,146.01957875843286
2017,39,2017,36,215715000,174477000,80.8831096585773,146.00544775860337
2017,40,2017,37,215674000,173969000,80.66294500032456,65.39365255785128
2017,41,2017,38,220677000,178245000,80.77189738849087,66.72956925722374
2017,42,2017,39,213777000,172074000,80.49228869335803,68.03135966416431
2017,43,2017,40,215287000,174490000,81.04994727967782,69.34770154616044
2017,44,2017,41,216079000,175138000,81.05276310978854,70.66532195528447
2017,45,2017,42,216058000,175948000,81.43554045672921,71.97967030866509
2017,46,2017,43,219762000,178073000,81.02993238139442,73.32205210224203
2017,47,2017,44,215787000,175569000,81.36217659080482,74.66476175539627
2017,48,2017,45,222371000,178520000,80.28025237103759,75.95682296573958
2017,49,2017,46,227783000,184243000,80.88531628787047,77.30208401366735
2017,50,2017,47,226498000,182778000,80.69740130155675,78.60849589174828
2017,51,2017,48,231957000,186308000,80.32005932133973,79.90304007559719
2017,52,2017,49,221351000,178912000,80.82728336443024,81.17234399445998
2018,0,2017,49,221351000,9466123000,4276.5214523539535,161.8521244446147
2018,0,2017,49,221351000,28824800,13.022213588373216,160.54054761429876
2018,0,2017,49,221351000,29763600,13.446336361706068,159.2340198483093
2018,0,2017,49,221351000,29104100,13.148393275837922,157.92021161964053
2018,0,2017,49,221351000,28831000,13.025014569620197,156.6063438447081
2018,0,2017,49,221351000,32375100,14.626136769203663,155.3248960797908
2018,0,2017,49,221351000,29389300,13.277238413198948,154.01710527013284
2018,0,2017,49,221351000,25943500,11.72052531951516,152.67836991150796
2018,0,2017,49,221351000,30329600,13.7020388432851,151.38199915310307
2018,0,2017,49,221351000,26697600,12.061205957958174,150.0512237622528
2018,0,2017,49,221351000,28433000,12.845209644410913,148.73524578048068
2018,0,2017,49,221351000,29167900,13.177216276411672,147.41887039747522
2018,0,2017,49,221351000,27194400,12.285645874651571,146.09011304403765
2018,1,2017,50,228725000,184170000,80.5202754399388,146.0762972253663
2018,2,2017,51,227645000,183100000,80.43225197127106,146.0561442289183
2018,3,2017,52,225393000,181623000,80.58058590994396,146.04127259796084
2018,4,2018,1,225565000,180641000,80.08378959501695,146.01492141338824
2018,5,2018,2,225064000,179713000,79.84973163189137,145.9840552540197
2018,6,2018,3,223299000,178172000,79.79077380552533,145.95049399209137
2018,7,2018,4,224770000,179756000,79.97330604618054,145.9228383671517
2018,8,2018,5,227393000,181341000,79.7478374444244,145.8856914972808
2018,9,2018,6,226088000,181142000,80.12013021478363,145.86399227999067
2018,10,2018,7,227836000,183138000,80.38150248424304,145.84596604360087
2018,11,2018,8,228313000,182863000,80.09311778129147,145.82076756414
2018,12,2018,9,228392000,183423000,80.31060632596588,145.79718631958187
2018,13,2018,10,228382000,183331000,80.27383944443957,145.7792886924513
2018,14,2018,11,228354000,184021000,80.58584478485159,145.76326435135928
2018,15,2018,12,226918000,182236000,80.30918657841158,145.7453050038322
2018,16,2018,13,228250000,183105000,80.22124863088719,145.7207692424108
2018,17,2018,14,228674000,183739000,80.3497555471982,145.70192458251944
2018,18,2018,15,230010000,184747000,80.3212903786792,145.6856453161355
2018,19,2018,16,230671000,185643000,80.47955746496092,145.67141231957564
2018,20,2018,17,230694000,185488000,80.40434514985219,145.65491855054282
2018,21,2018,18,231118000,185625000,80.31611557732413,145.64131712639954
2018,22,2018,19,229998000,185643000,80.71504969608432,145.63204491452854
2018,23,2018,20,232203000,187806000,80.8800919884756,145.6373745902565
2018,24,2018,21,231081000,187087000,80.9616541385921,145.6383271957033
2018,25,2018,22,233560000,189258000,81.03185476965234,145.64121698564216
2018,26,2018,23,231367000,187870000,81.19999827114498,145.6473109974223
2018,27,2018,24,230161000,186578000,81.06412467794283,145.65502599122266
2018,28,2018,25,230691000,187201000,81.14794248583604,145.66225762771006
2018,29,2018,26,228658000,185851000,81.2790280681192,145.67738723107084
2018,30,2018,27,231250000,187190000,80.94702702702703,145.67540799544295
2018,31,2018,28,228541000,184647000,80.79381817704481,145.67042828519786
2018,32,2018,29,229789000,185944000,80.91945219309889,145.66050351089729
2018,33,2018,30,229081000,184857000,80.69503799965952,145.65406323432546
2018,34,2018,31,229673000,186753000,81.31256177260714,145.65310910320628
2018,35,2018,32,227319000,184539000,81.18063162340148,145.67042408882867
2018,36,2018,33,226409000,183327000,80.97160448568741,145.6720834772482
2018,37,2018,34,225164000,181387000,80.55772681245669,145.66939742938092
2018,38,2018,35,220795000,178241000,80.72691863493286,145.67722164695002
2018,39,2018,36,216813000,174645000,80.55098172157574,145.6719081538182
2018,40,2018,37,212497000,170633000,80.29901598610803,64.97532283905194
2018,41,2018,38,220799000,177250000,80.27663168764352,66.26867703326867
2018,42,2018,39,214197000,172339000,80.45817635167626,67.55736626384501
2018,43,2018,40,216609000,174188000,80.41586453009802,68.8509714802731
2018,44,2018,41,216474000,173909000,80.3371305560945,70.14543524924376
2018,45,2018,42,215040000,172433000,80.18647693452381,71.40621102165376
2018,46,2018,43,217655000,175482000,80.62392318118123,72.70133957488419
2018,47,2018,44,214874000,173088000,80.55325446540763,74.0250459046129
2018,48,2018,45,221678000,178344000,80.4518265231552,75.30869566768732
2018,49,2018,46,228058000,182615000,80.07392856203246,76.6166326408426
2018,50,2018,47,228298000,183565000,80.40587302560688,77.91587616740405
2018,51,2018,48,235953000,189542000,80.33040478400359,79.2072836387039
2018,52,2018,49,218594000,176894000,80.92353861496656,80.52724311447918
2019,0,2018,50,225070000,9677457000,4299.754298662639,161.66635894568495
2019,0,2018,50,225070000,27734500,12.3226107433243,160.35655815283982
2019,0,2018,50,225070000,26148400,11.617896654374196,159.03035259023272
2019,0,2018,50,225070000,28246200,12.549962233971652,157.73162514098183
2019,0,2018,50,225070000,28993400,12.88194783845026,156.44378314495412
2019,0,2018,50,225070000,30927500,13.741280490514065,155.1736005812039
2019,0,2018,50,225070000,25589400,11.36952947971742,153.854297185695
2019,0,2018,50,225070000,26238300,11.657839783178568,152.54487415374797
2019,0,2018,50,225070000,28967500,12.8704403074599,151.25161088629943
2019,0,2018,50,225070000,26663400,11.846714355533834,149.93363419151655
2019,0,2018,50,225070000,27420700,12.183187452792463,148.62767399289157
2019,0,2018,50,225070000,29151800,12.952325943039943,147.33232244706608
2019,0,2018,50,225070000,28848300,12.817479006531302,146.03508474633708
2019,1,2018,51,228998000,181388000,79.20942540982891,146.00861514297125
2019,2,2018,52,228714000,183810000,80.36674624203152,146.00972205957933
2019,3,2019,1,227379000,184426000,81.10951319163159,146.02680407036289
2019,4,2019,1,227379000,182934000,80.45334001820748,146.02879607942074
2019,5,2019,2,228572000,184078000,80.53392366519083,146.03288518108445
2019,6,2019,3,228566000,183473000,80.27134394441869,146.02888107492015
2019,7,2019,4,229125000,183689000,80.1697763229678,146.0243701359416
2019,8,2019,5,230249000,184343000,80.06245412575082,146.01949203110368
2019,9,2019,6,228834000,183864000,80.34820000524398,146.01243722935675
2019,10,2019,7,230508000,184428000,80.00937060752771,145.99569258741542
2019,11,2019,8,232922000,186252000,79.96324949983257,145.97649249820853
2019,12,2019,9,231514000,184227000,79.57488532011024,145.9484738549481
2019,13,2019,10,232239000,186294000,80.21650110446565,145.92956044789656
2019,14,2019,11,233198000,187720000,80.49811747956672,145.91867569408166
2019,15,2019,12,231087000,186459000,80.68779290916407,145.90982666376104
2019,16,2019,13,232734000,187144000,80.41111311626148,145.8931359916099
2019,17,2019,14,231419000,186723000,80.68611479610577,145.8881184487076
2019,18,2019,15,234112000,189363000,80.88564447785676,145.88988433910782
2019,19,2019,16,235159000,190534000,81.02347773208766,145.89188483024222
2019,20,2019,17,234647000,189915000,80.93647052806983,145.89652776348086
2019,21,2019,18,233386000,188891000,80.93501752461587,145.88926729717335
2019,22,2019,19,233274000,189428000,81.20407760830611,145.88971818149844
2019,23,2019,20,235266000,190861000,81.12561951153164,145.89268000891852
2019,24,2019,21,234718000,190065000,80.97589447762847,145.9007216947872
2019,25,2019,22,235855000,190708000,80.85815437450977,145.90324545900984
2019,26,2019,23,235102000,190092000,80.85511820401358,145.90909423751825
2019,27,2019,24,231262000,188078000,81.32680682515935,145.92885944596156
2019,28,2019,25,233369000,188840000,80.9190595151884,145.9412138272605
2019,29,2019,26,229724000,185557000,80.77388518395988,145.9472851509583
2019,30,2019,27,233305000,188917000,80.97426116028375,145.9580235476926
2019,31,2019,28,232237000,187882000,80.90097615797654,145.9688667323442
2019,32,2019,29,233292000,188569000,80.82960410129795,145.98123456247444
2019,33,2019,30,233865000,189446000,81.00656361576122,145.9885930323702
2019,34,2019,31,234029000,189697000,81.05704848544411,145.99828137890938
2019,35,2019,32,232161000,188085000,81.01489914326696,146.0091096985269
2019,36,2019,33,233173000,188824000,80.98021640584459,146.0265383109079
2019,37,2019,34,231069000,186464000,80.69624224798653,146.03212233441522
2019,38,2019,35,231329000,187150000,80.90209182592758,146.0431163159907
2019,39,2019,36,226122000,183309000,81.06641547483217,146.0458639479112
2019,40,2019,37,222160000,179376000,80.74180770615772,64.91100835259424
2019,41,2019,38,227075000,182079000,80.18452053286359,66.21604507931615
2019,42,2019,39,226526000,182859000,80.72318409365812,67.54499291468699
2019,43,2019,40,219586000,176960000,80.58801562941171,68.85341701844546
2019,44,2019,41,219874000,177887000,80.9040632362171,70.16153462224867
2019,45,2019,42,224946000,181074000,80.49665252994052,71.44529177685301
2019,46,2019,43,227946000,183414000,80.46379405648706,72.77402763409859
2019,47,2019,44,225039000,180144000,80.05012464506153,74.08926388144249
2019,48,2019,45,227833000,184061000,80.7876822058262,75.3953646871803
2019,49,2019,46,236755000,189058000,79.85385736309686,76.70319436040266
2019,50,2019,47,237331000,189371000,79.7919361566757,78.00336260470812
2019,51,2019,48,237789000,190059000,79.92758285707076,79.29134831459331
2019,52,2019,49,234754000,189188000,80.58989410191094,80.59466398950447
2020,0,2019,49,234754000,9789837000,4170.253542005674,159.26858930865532
2020,0,2019,49,234754000,29216900,12.445751723080331,157.96241633713706
2020,0,2019,49,234754000,28387800,12.09257350247493,156.63516749696095
2020,0,2019,49,234754000,28826600,12.279492575206389,155.32413196921092
2020,0,2019,49,234754000,29491000,12.562512246862672,154.01698944193538
2020,0,2019,49,234754000,26211400,11.165475348662856,152.68803043047853
2020,0,2019,49,234754000,27765500,11.827487497550628,151.37375564537436
2020,0,2019,49,234754000,25991300,11.071717627814648,150.04701071272174
2020,0,2019,49,234754000,28285600,12.04903856803292,148.7335653004677
2020,0,2019,49,234754000,27374200,11.66080237184457,147.41916975747378
2020,0,2019,49,234754000,27204000,11.588300944818831,146.1042669006466
2020,0,2019,49,234754000,28742200,12.243540046175996,144.80943333768633
2020,0,2019,49,234754000,29916300,12.743680618860594,143.51187909757851
2020,1,2019,50,237328000,189673000,79.92019483583901,143.50076520058377
2020,2,2019,51,239207000,190561000,79.66363860589364,143.48106992552087
2020,3,2019,52,238698000,190935000,79.99019681773622,143.47297538131846
2020,4,2020,1,236562000,188943000,79.87039338524362,143.4572884311096
2020,5,2020,2,239368000,191466000,79.9881354232813,143.4400286415985
2020,6,2020,3,237441000,190046000,80.0392518562506,143.42110122090932
2020,7,2020,4,240683000,191781000,79.68198834151144,143.39697656347553
2020,8,2020,5,238818000,190332000,79.69751023792176,143.3731783464237
2020,9,2020,6,239643000,190908000,79.66349945543996,143.343551843484
2020,10,2020,7,237916000,189935000,79.8327981304326,143.31868989384745
2020,11,2020,8,239429000,191214000,79.86250621269771,143.2972785810603
2020,12,2020,9,241262000,191772000,79.48703069691871,143.27091081802973
2020,13,2020,10,238863000,190586000,79.78883292933607,143.25040533197824
2020,14,2020,11,238590000,187257000,78.48484848484848,143.1957522869723
2020,15,2020,12,233332000,177508000,76.07529185881063,143.102602908965
2020,16,2020,13,230051000,177637000,77.21635637315204,143.03418889337254
2020,17,2020,14,221732000,171109000,77.16928544368878,142.96101628343803
2020,18,2020,15,217377000,164168000,75.52224936400816,142.85757922970785
2020,19,2020,16,223446000,176754000,79.10367605595982,142.82438830575904
2020,20,2020,17,215820000,173563000,80.42025762209248,142.81311319049618
2020,21,2020,18,223846000,181286000,80.98692851335294,142.81176472949443
2020,22,2020,19,228799000,184601000,80.68260787853094,142.8053745128649
2020,23,2020,20,229381000,185168000,80.72508185071999,142.8004680791125
2020,24,2020,21,235020000,189917000,80.80886733043997,142.80263394608275
2020,25,2020,22,235533000,189591000,80.49445300658506,142.79479473801848
2020,26,2020,23,235775000,190683000,80.8749867458382,142.79111341630707
2020,27,2020,24,236096000,191188000,80.97892382759555,142.79567334171932
2020,28,2020,25,234683000,189568000,80.77619597499606,142.8070517156065
2020,29,2020,26,232909000,188097000,80.75986758777033,142.80775716741636
2020,30,2020,27,230820000,185482000,80.35785460532017,142.8033309938761
2020,31,2020,28,232196000,186897000,80.49105066409413,142.7953884444122
2020,32,2020,29,227794000,183149000,80.40115191796097,142.79355189418183
2020,33,2020,30,228413000,183927000,80.52387561128307,142.79470730869713
2020,34,2020,31,231314000,185837000,80.33971138798344,142.80027628452257
2020,35,2020,32,230657000,186275000,80.75844218905127,142.79971397650766
2020,36,2020,33,231331000,186699000,80.70643363837964,142.81610967410927
2020,37,2020,34,231624000,186933000,80.70536731944877,142.83367565800876
2020,38,2020,35,231527000,186298000,80.46491337943307,142.84400893728494
2020,39,2020,36,224402000,180736000,80.54117164731151,142.84307196700416
2020,40,2020,37,225389000,181185000,80.38768529076397,64.19180549171746
2020,41,2020,38,220448000,177312000,80.43257366816664,65.4992443752768
2020,42,2020,39,226011000,181793000,80.43546553043879,66.81353076042996
2020,43,2020,40,216003000,170958000,79.1461229705143,68.09942749880126
2020,44,2020,41,223592000,179027000,80.06860710579986,69.3976216307039
2020,45,2020,42,219977000,175068000,79.58468385331193,70.71337564040869
2020,46,2020,43,223987000,180212000,80.45645506212415,72.03316347818894
2020,47,2020,44,219988000,176275000,80.12937069294689,73.36119526790303
2020,48,2020,45,224164000,180479000,80.51203583090951,74.6777913691122
2020,49,2020,46,234678000,187891000,80.06332080552929,75.99322441591383
2020,50,2020,47,236347000,188549000,79.77634579664645,77.30453297075665
2020,51,2020,48,238598000,190986000,80.04509677365276,78.60840906166968
2020,52,2020,49,227542000,183051000,80.44712624482513,79.91039840063053
2020,53,2020,50,235738000,188571000,79.99177052490477,79.9117748561895
2021,0,2020,49,227542000,9635163000,4234.454738026387,159.81160369119897
2021,0,2020,49,227542000,26589400,11.685491030227386,158.4980516568238
2021,0,2020,49,227542000,29500000,12.964639495126171,157.2114025435523
2021,0,2020,49,227542000,25771800,11.326172750525178,155.89098018446086
2021,0,2020,49,227542000,28816500,12.664255390213675,154.5953071754986
2021,0,2020,49,227542000,32529800,14.296173893171373,153.33788766687667
2021,0,2020,49,227542000,28104100,12.351170333389,152.04276574563568
2021,0,2020,49,227542000,26578100,11.680524914081795,150.73540085060955
2021,0,2020,49,227542000,27440000,12.05931212699194,149.4320645813126
2021,0,2020,49,227542000,28812900,12.662673264715965,148.13976010154371
2021,0,2020,49,227542000,27438700,12.058740803895544,146.84306221898558
2021,0,2020,49,227542000,29228100,12.845145072118555,145.55568360634678
2021,0,2020,49,227542000,30487400,13.398581360803718,144.30402462319208
2021,1,2020,50,235738000,188914000,80.13727103818647,144.38213960741083
2021,2,2020,51,238840000,187748000,78.60827332105174,144.4089072410243
2021,3,2020,52,236749000,187660000,79.26538232474056,144.44921679642914
2021,4,2021,1,233631000,185563000,79.4256755310725,144.52428268425732
2021,5,2021,2,234222000,186027000,79.42336757435254,144.53043059807254
2021,6,2021,3,233813000,185056000,79.14701064525924,144.5059450792873
2021,7,2021,4,233283000,182457000,78.2127287457723,144.4525950837569
2021,8,2021,5,236648000,186325000,78.7350833305162,144.41514268860277
2021,9,2021,6,236967000,186972000,78.90212561242704,144.38008583786635
2021,10,2021,7,230270000,181810000,78.95513961870847,144.34443722802538
2021,11,2021,8,240601000,187272000,77.83508796721543,144.2932955926529
2021,12,2021,9,239424000,186870000,78.04981956696071,144.23896545459755
2021,13,2021,10,238401000,186928000,78.40906707606092,144.18954513245265
2021,14,2021,11,238945000,187894000,78.6348322835799,144.14836506146386
2021,15,2021,12,238768000,187349000,78.46486966427662,144.10423048601209
2021,16,2021,13,240593000,189054000,78.57834600341656,144.0700091667447
2021,17,2021,14,237234000,185648000,78.25522479914346,144.02701251549564
2021,18,2021,15,239215000,187930000,78.5611270196267,143.9916274212969
2021,19,2021,16,238796000,187439000,78.49335834771102,143.95257901238207
2021,20,2021,17,239748000,187833000,78.34601331397968,143.91423866480503
2021,21,2021,18,240735000,188106000,78.13820175711882,143.86384942572946
2021,22,2021,19,239352000,187102000,78.17022627761622,143.8150762072532
2021,23,2021,20,240587000,188169000,78.21245536957525,143.76713559283257
2021,24,2021,21,240338000,187642000,78.07421215122037,143.7211605692131
2021,25,2021,22,241188000,188688000,78.23274789790537,143.67676780480144
2021,26,2021,23,239639000,186919000,78.00024203072121,143.630855434416
2021,27,2021,24,237992000,185747000,78.04758143130861,143.58499019909183
2021,28,2021,25,238042000,186158000,78.20384638005058,143.5420744461997
2021,29,2021,26,237825000,186304000,78.33659203195627,143.52650654353516
2021,30,2021,27,239278000,186592000,77.98126029137656,143.48636525864242
2021,31,2021,28,236878000,183792000,77.58930757605181,143.44799263792586
2021,32,2021,29,239727000,186388000,77.75010741384992,143.39594749084367
2021,33,2021,30,238393000,185842000,77.9561480412596,143.354154747542
2021,34,2021,31,239279000,185834000,77.66414938210207,143.29938770044953
2021,35,2021,32,238121000,184724000,77.57568631074118,143.25154857554978
2021,36,2021,33,239109000,185512000,77.58469986491517,143.2094015384011
2021,37,2021,34,235044000,182686000,77.72417079355355,143.1647683464761
2021,38,2021,35,233671000,180690000,77.3266686923067,143.1047595473892
2021,39,2021,36,230803000,179347000,77.70566240473478,143.06079592969363
2021,40,2021,37,228622000,177414000,77.60145567793126,63.12130973068487
2021,41,2021,38,234884000,180874000,77.00567088435143,64.37746703557187
2021,42,2021,39,230316000,177901000,77.24213689018565,65.61357275470763
2021,43,2021,40,231026000,178625000,77.31813735250577,66.88264899705342
2021,44,2021,41,229065000,177957000,77.68842904852335,68.13311387509783
2021,45,2021,42,234077000,182041000,77.7697082583936,69.35375876673673
2021,46,2021,43,238275000,183927000,77.1910607491344,70.6006797362703
2021,47,2021,44,234094000,182825000,78.098968790315,71.87795750312092
2021,48,2021,45,241406000,187109000,77.50801554228147,73.13658641495341
2021,49,2021,46,240594000,188550000,78.36853786877478,74.40016073426224
2021,50,2021,47,242317000,187352000,77.31690306499338,75.65512539312951
2021,51,2021,48,240845000,186378000,77.38504017106438,76.89627722195539
2021,52,2021,49,238979000,185219000,77.50429954096386,78.12907949465078
2022,0,2021,49,238979000,9783166000,4093.734595926838,155.31364343481715
2022,0,2021,49,238979000,26631300,11.143782508086485,154.0162493807217
2022,0,2021,49,238979000,26674800,11.161984944283809,152.70656866186675
2022,0,2021,49,238979000,26299400,11.004900012134955,151.3907845172718
2022,0,2021,49,238979000,27167300,11.368069997782232,150.08202879464545
2022,0,2021,49,238979000,28152900,11.78049117286456,148.78651880479168
2022,0,2021,49,238979000,26670400,11.16014377832362,147.49704601695615
2022,0,2021,49,238979000,27614200,11.555073876784151,146.20512275823052
2022,0,2021,49,238979000,29742100,12.445486841940086,144.9271104741827
2022,0,2021,49,238979000,27074300,11.329154444532785,143.6266107592947
2022,0,2021,49,238979000,26917600,11.263583829541508,142.3463895258779
2022,0,2021,49,238979000,30459300,12.74559689345089,141.09053908984885
2022,0,2021,49,238979000,25078200,10.493892768820691,139.78447804547886
2022,1,2021,50,237594000,184473000,77.64211217454987,139.76538727415135
2022,2,2021,51,238160000,185021000,77.68768894860598,139.7504414911577
2022,3,2021,52,236948000,184048000,77.6744264564377,139.73305842294656
2022,4,2022,1,237296000,186130000,78.43790034387432,139.7365714141914
2022,5,2022,2,237137000,185622000,78.2762706789746,139.73109340764037
2022,6,2022,3,238089000,184588000,77.528991259571,139.71254788671462
2022,7,2022,4,239829000,185895000,77.51147692731071,139.6964991100479
2022,8,2022,5,239281000,185562000,77.54982635478788,139.6851841984646
2022,9,2022,6,240020000,186025000,77.5039580034997,139.6723713470393
2022,10,2022,7,239621000,186679000,77.905943135201,139.66647688099363
2022,11,2022,8,239173000,185801000,77.68477211056431,139.65898764944257
2022,12,2022,9,240897000,187495000,77.83201949380856,139.65128133397917
2022,13,2022,10,240221000,187336000,77.98485561212384,139.65098544131382
2022,14,2022,11,240863000,187784000,77.96299141005468,139.64935871013589
2022,15,2022,12,239905000,187490000,78.1517684083283,139.64835721067968
2022,16,2022,13,240563000,188048000,78.16995963635306,139.64515274153345
2022,17,2022,14,239271000,187288000,78.27442523331285,139.6507905288784
2022,18,2022,15,239511000,187485000,78.27824191790774,139.66403926622178
2022,19,2022,16,240063000,188427000,78.49064620537109,139.67828039682794
2022,20,2022,17,241798000,189573000,78.40139289820428,139.68684279792302
2022,21,2022,18,240800000,189052000,78.50996677740864,139.70310851706355
2022,22,2022,19,242329000,190203000,78.48957409142116,139.72068328207664
2022,23,2022,20,243313000,191004000,78.50135422275012,139.73831125049654
2022,24,2022,21,242927000,190654000,78.48201311505102,139.75288514129454
2022,25,2022,22,242728000,190514000,78.48867868560694,139.77523148731956
2022,26,2022,23,242624000,190806000,78.64267343708784,139.79325093024943
2022,27,2022,24,241924000,189912000,78.50068616590335,139.8105438242489
2022,28,2022,25,241103000,189567000,78.62490304973393,139.84168290435238
2022,29,2022,26,241187000,189163000,78.430014884716,139.8645267119395
2022,30,2022,27,243349000,191064000,78.51439701827417,139.88753170551198
2022,31,2022,28,240509000,188365000,78.31931445392895,139.8996641171544
2022,32,2022,29,242263000,190648000,78.69464177360967,139.91745130013933
2022,33,2022,30,243579000,191567000,78.6467634730416,139.9454455832914
2022,34,2022,31,244808000,193048000,78.85690010130388,139.9600211854258
2022,35,2022,32,245506000,193757000,78.92149275374125,139.98720343949233
2022,36,2022,33,245452000,193966000,79.02400469338201,139.99980857073476
2022,37,2022,34,246394000,194205000,78.81888357671048,140.0286928113447
2022,38,2022,35,240657000,188459000,78.31020913582401,140.04648452220547
2022,39,2022,36,239969000,188882000,78.7110001708554,140.06969030354955
2022,40,2022,37,237952000,186752000,78.48305540613232,62.85331452430519
2022,41,2022,38,242701000,190687000,78.56869151754628,64.14994738987173
2022,42,2022,39,238878000,186319000,77.99755523740151,65.43524681858553
2022,43,2022,40,237012000,184180000,77.70914552849645,66.71802077082324
2022,44,2022,41,237419000,185625000,78.1845597867062,68.0029532667641
2022,45,2022,42,237281000,185683000,78.25447465241633,69.28129910290933
2022,46,2022,43,235002000,183550000,78.10571824920639,70.56871399658014
2022,47,2022,44,232439000,183023000,78.74022861912158,71.86073620316355
2022,48,2022,45,238231000,187164000,78.56408276001025,73.13224766312645
2022,49,2022,46,241659000,190186000,78.70015186688681,74.42784376740248
2022,50,2022,47,239539000,188028000,78.49577730557445,75.7207705650185
2022,51,2022,48,241237000,188553000,78.16089571666038,76.97875708084945
2022,52,2022,49,240671000,187810000,78.03599104171255,78.27764358609737
2023,0,2022,49,240671000,9677339000,4020.982586186122,154.11111424016605
2023,0,2022,49,240671000,1717000,0.7134220574975797,152.6308398768755
2023,0,2022,49,240671000,1368000,0.568410818087763,151.14803188383033
2023,0,2022,49,240671000,2540000,1.0553826593149984,149.65990654374264
2023,0,2022,49,240671000,23853000,9.911040382929396,148.345190576511
2023,0,2022,49,240671000,55737000,23.1590012922205,147.29961384636965
2023,0,2022,49,240671000,7333000,3.04689804754208,145.8676027140664
2023,0,2022,49,240671000,25841000,10.737064291086172,144.58274190514905
2023,0,2022,49,240671000,30933800,12.85314807351114,143.33945709880314
2023,0,2022,49,240671000,29107500,12.0943113212643,142.07384879468896
2023,0,2022,49,240671000,30161900,12.532419776375216,140.8209189421084
2023,0,2022,49,240671000,28211500,11.722018855616174,139.5495727759893
2023,0,2022,49,240671000,27858500,11.575345596270427,138.272466814146
2023,0,2022,49,240671000,26363600,10.954207195715313,136.98383634848562
2023,0,2022,49,240671000,27697600,11.508490844347678,135.70223485687058
2023,0,2022,49,240671000,28630500,11.89611544390475,134.42773785316967
2023,0,2022,49,240671000,27235600,11.316527541747863,133.14008597448571
2023,0,2022,49,240671000,26263000,10.912407394326696,131.84458915672457
2023,0,2022,49,240671000,26403400,10.970744294077807,130.5461295045843
2023,1,2022,50,240366000,187935000,78.1870148024263,130.54200684889628
2023,2,2022,51,240691000,187647000,77.96178502727564,130.53146489216294
2023,3,2022,52,237943000,184465000,77.52486940149531,130.51291287889512
2023,4,2023,1,240688000,186242000,77.37901349464867,130.4913294033547
2023,5,2023,2,238217000,185580000,77.90376001712724,130.48020915147157
2023,6,2023,3,239066000,186530000,78.02447859586891,130.4712822266689
2023,7,2023,4,240613000,187618000,77.97500550676813,130.45844245877814
2023,8,2023,5,240043000,186192000,77.56610273992577,130.44046970058628
2023,9,2023,6,241704000,187258000,77.4741005527422,130.41833888333642
2023,10,2023,7,240390000,186428000,77.55231082823745,130.4014599591734
2023,11,2023,8,240959000,186551000,77.42022501753411,130.38041818992838
2023,12,2023,9,242029000,187334000,77.40146841907375,130.36276730464272
2023,13,2023,10,241898000,187071000,77.334661716922,130.3366138420141
2023,14,2023,11,240220000,186402000,77.59636999417201,130.31641396742046
2023,15,2023,12,242532000,186947000,77.08137482888856,130.28226925064322
2023,16,2023,13,241986000,186985000,77.27099914871108,130.25052898900805
2023,17,2023,14,240631000,186750000,77.60845443853867,130.22330686872257
2023,18,2023,15,241874000,186787000,77.22491875935404,130.19265369915803
2023,19,2023,16,240894000,186888000,77.58101073501209,130.17863065298857
2023,20,2023,17,242558000,187448000,77.27966094707244,130.15110489868505
2023,21,2023,18,242926000,187921000,77.35730222372244,130.12945579902333
2023,22,2023,19,242237000,187988000,77.60499015427041,130.1109230804988
2023,23,2023,20,243948000,189601000,77.72189155065834,130.10562185575375
2023,24,2023,21,243490000,189457000,77.80894492586965,130.10754107493398
2023,25,2023,22,243906000,189300000,77.61186686674375,130.0965277495501
2023,26,2023,23,244981000,190160000,77.6223462227683,130.08437143359532
2023,27,2023,24,242806000,188246000,77.52938560002636,130.07328811341878
2023,28,2023,25,241720000,186317000,77.0796789674003,130.04135446627032
2023,29,2023,26,239106000,185561000,77.6061663028113,130.02293299593956
2023,30,2023,27,241350000,187357000,77.62875492024031,130.00232920850405
2023,31,2023,28,242049000,188049000,77.69046763258679,129.9868424840235
2023,32,2023,29,242292000,189167000,78.07397685437407,129.9851709674411
2023,33,2023,30,240619000,187778000,78.03955631101451,129.98523953031227
2023,34,2023,31,241044000,188711000,78.28902606992915,54.164209528077805
2023,35,2023,32,239394000,188165000,78.60054972137982,55.66203890622939
2023,36,2023,33,238943000,187996000,78.67817847771225,57.16414982276063
2023,37,2023,34,240268000,188616000,78.50233905472223,58.65351436882615
2023,38,2023,35,235513000,184734000,78.43898213686717,59.97135940255573
2023,39,2023,36,233138000,183218000,78.58778920639278,61.03729763167442
2023,40,2023,37,231406000,182242000,78.75422417741977,62.49320774955668
2023,41,2023,38,232269000,182818000,78.70959964523892,63.800371890982696
2023,42,2023,39,228664000,179248000,78.38925235279712,65.06068158866127
2023,43,2023,40,227625000,178012000,78.20406370126304,66.33202298058433
2023,44,2023,41,225910000,177299000,78.48213890487362,67.60028680997853
2023,45,2023,42,225135000,177106000,78.66657783107914,68.88768217489128
2023,46,2023,43,232588000,181847000,78.18417115242403,70.16862112789423
2023,47,2023,44,227042000,179296000,78.97041076100457,71.47662504261133
2023,48,2023,45,236090000,185259000,78.46965140412554,72.76433966876091
2023,49,2023,46,238387000,187573000,78.68424033189729,74.04872668583769
2023,50,2023,47,239525000,188756000,78.8043001774345,75.3465684672932
2023,51,2023,48,242877000,190940000,78.61592493319664,76.64855918919454
2023,52,2023,49,235310000,183543000,78.00050996557732,77.93759314441569
2024,0,2023,49,235310000,25511900,10.84182567676682,76.64249335353762
2024,0,2023,49,235310000,26977100,11.464493646678848,75.36369928852615
2024,0,2023,49,235310000,28861500,12.265309591602566,74.10870775372051
2024,0,2023,49,235310000,26794500,11.386893884662786,72.83962853045156
2024,0,2023,49,235310000,27620800,11.73804768178148,71.56721098554107
2024,0,2023,49,235310000,26636600,11.319790914113298,70.28442853012268
2024,0,2023,49,235310000,27372000,11.632314818749734,69.00860755535311
2024,0,2023,49,235310000,30094900,12.789469210828267,67.76290306440892
2024,0,2023,49,235310000,26677600,11.337214738005184,66.49103987566397
2024,0,2023,49,235310000,27457400,11.668607369002594,65.224045578371
2024,0,2023,49,235310000,27674700,11.760953635629596,63.96136728256514
2024,0,2023,49,235310000,29967600,12.73537036250053,62.717788473784886
2024,1,2023,50,240302000,187568000,78.05511398157319,62.73164332502817
2024,2,2023,51,239970000,187117000,77.97516356211193,62.73892781671933
2024,3,2023,52,238684000,185913000,77.89085150240486,62.75449467582541
2024,4,2024,1,237598000,185412000,78.03601040412798,62.76920643073728
2024,5,2024,2,239730000,185996000,77.58561715263004,62.76876725216211
2024,6,2024,3,239229000,185459000,77.52362798824556,62.77451166041002
2024,7,2024,4,239609000,185071000,77.23875146592991,62.76792975138921
2024,8,2024,5,242086000,185785000,76.74338871310195,62.75761682381286
2024,9,2024,6,242114000,187022000,77.24542983883626,62.75546543179582
2024,10,2024,7,243330000,188234000,77.35749804791845,62.75070596821213
2024,11,2024,8,244457000,188594000,77.14812830068274,62.73967205955875
2024,12,2024,9,244264000,188232000,77.06088494415879,62.72528629067969
2024,13,2024,10,244472000,187837000,76.83374783206257,62.71032246308967
2024,14,2024,11,246437000,190196000,77.17834578411521,62.70178399311557
2024,15,2024,12,246220000,189855000,77.10787100966616,62.69367794330095
2024,16,2024,13,245697000,189758000,77.23252624167165,62.69661731396002
2024,17,2024,14,245384000,189635000,77.28091481107163,62.69036247758041
2024,18,2024,15,247098000,190451000,77.07508761705883,62.6797150294423
2024,19,2024,16,245946000,190194000,77.33160937766826,62.67281390915541
2024,20,2024,17,245414000,189592000,77.25394639262633,62.657044092583334
2024,21,2024,18,245539000,189637000,77.23294466459504,62.641532330152195
2024,22,2024,19,244203000,188845000,77.33115481791788,62.62311172915197
2024,23,2024,20,245773000,190097000,77.34657590540866,62.5989968480756
2024,24,2024,21,246184000,190254000,77.28122055048257,62.57213227255196
2024,25,2024,22,246133000,190158000,77.25823030637908,62.548207104314585
2024,26,2024,23,245634000,189899000,77.30973725135772,62.52649085651633
2024,27,2024,24,245935000,189975000,77.246020289914,62.500687608122504
2024,28,2024,25,244015000,188351000,77.18828760527016,62.47057344327348
2024,29,2024,26,245549000,190402000,77.54134612643504,62.44810702945033
2024,30,2024,27,247513000,191965000,77.55754243211467,62.432112607898745
2024,31,2024,28,245765000,190791000,77.63147722417757,62.42110132949325
2024,32,2024,29,249019000,193301000,77.62500050196974,62.40461789866818
2024,33,2024,30,248393000,192872000,77.6479208351282,62.38502834105373
2024,34,2024,31,249606000,193202000,77.40278679198417,62.37000171873758
2024,35,2024,32,248586000,193555000,77.8623896760075,62.348693620949184
2024,36,2024,33,248069000,192869000,77.74812652931242,62.33481814258739
2024,37,2024,34,247583000,192703000,77.83369617461618,62.31846152417813
2024,38,2024,35,246842000,192077000,77.81374320415489,62.29941235161506
2024,39,2024,36,243568000,190027000,78.01804834789463,62.28791472497464
2024,40,2024,37,236164000,183848000,77.84759743229282,62.284974099334555
2024,41,2024,38,239382000,186670000,77.97996507673926,63.57609216471864
2024,42,2024,39,244612000,190531000,77.89110918515854,64.85352707892017
2024,43,2024,40,236814000,183246000,77.37971572626618,66.10572719689448
2024,44,2024,41,240375000,187036000,77.81008840353614,67.38309632225743
2024,45,2024,42,237502000,184087000,77.50966307652146,68.64793507984858
2024,46,2024,43,243485000,189133000,77.67747499845986,69.92404438916293
2024,47,2024,44,241334000,188095000,77.9397018240281,71.19918644695676
2024,48,2024,45,241102000,189334000,78.52858955960548,72.46340029981785
2024,49,2024,46,248629000,194720000,78.31749313233775,73.75148257663194
2024,50,2024,47,248755000,194758000,78.29309963618822,75.03272281253935
2024,51,2024,48,250229000,195044000,77.94620127962786,76.3055160364624
2024,52,2024,49,245694000,191295000,77.85904417690298,77.55789437904706
2025,0,2024,50,248409000,27679700,11.14279273295251,76.27111897041974
2025,0,2024,50,248409000,26064600,10.492615001871911,74.97337765195358
2025,1,2024,51,248464000,192480000,77.46796316569001,74.96524518393984
2025,2,2024,52,247558000,190370000,76.8991509060503,74.9433825012845
2025,3,2025,1,249628000,191057000,76.5366865896454,74.92321075968863
2025,4,2025,1,249628000,192316000,77.04103706314996,74.91393016497526
2025,5,2025,2,249319000,191909000,76.9732752016493,74.90882485220064
2025,6,2025,3,248054000,191338000,77.13562369484063,74.91636783261869
2025,7,2025,4,249168000,191175000,76.72534193796956,74.90636614221741
2025,8,2025,5,248787000,189761000,76.27448379537516,74.88553894505311
2025,9,2025,6,249373000,190814000,76.51750590480925,74.87341159128631
2025,10,2025,7,248753000,191180000,76.85535450828733,74.86945908290417
2025,11,2025,8,249839000,191677000,76.7202078138321,74.86727562101512
