DATE,US_BEEF_MARGIN
2013-12-30,-88.25
2013-12-31,-84.3
2014-01-02,-86.6
2014-01-03,-95.1
2014-01-06,-100.05
2014-01-07,-76.45
2014-01-09,-57.55
2014-01-10,-46.25
2014-01-13,-20.25
2014-01-14,-24.8
2014-01-15,3.0
2014-01-16,27.8
2014-01-17,53.6
2014-01-21,102.85
2014-01-22,125.95
2014-01-23,127.95
2014-01-24,90.65
2014-01-27,68.45
2014-01-28,72.7
2014-01-29,53.75
2014-01-30,15.4
2014-01-31,12.3
2014-02-03,-46.35
2014-02-04,-57.0
2014-02-05,-52.9
2014-02-06,-77.75
2014-02-07,-98.95
2014-02-10,-112.25
2014-02-11,-74.3
2014-02-12,-83.15
2014-02-13,-85.9
2014-02-14,-81.2
2014-02-17,-119.95
2014-02-18,-125.0
2014-02-19,-116.9
2014-02-20,-109.8
2014-02-21,-104.8
2014-02-24,-109.3
2014-02-25,-100.35
2014-02-26,-100.05
2014-02-27,-79.35
2014-02-28,-90.6
2014-03-03,-65.9
2014-03-04,-61.3
2014-03-05,-48.0
2014-03-06,-31.5
2014-03-07,-26.7
2014-03-10,-18.15
2014-03-11,-0.9
2014-03-12,22.55
2014-03-13,24.8
2014-03-14,34.55
2014-03-17,18.15
2014-03-18,23.45
2014-03-19,31.75
2014-03-20,24.15
2014-03-21,10.3
2014-03-24,-0.35
2014-03-25,5.65
2014-03-26,0.75
2014-03-27,-4.85
2014-03-28,-28.05
2014-03-31,-58.3
2014-04-01,-76.95
2014-04-02,-90.35
2014-04-03,-82.5
2014-04-04,-88.0
2014-04-07,-120.2
2014-04-08,-110.7
2014-04-09,-111.2
2014-04-10,-120.15
2014-04-11,-122.85
2014-04-14,-139.9
2014-04-15,-121.8
2014-04-16,-116.75
2014-04-17,-108.35
2014-04-18,-90.7
2014-04-21,-77.95
2014-04-22,-45.15
2014-04-23,-26.25
2014-04-24,-11.7
2014-04-25,3.05
2014-04-28,-12.1
2014-04-29,-7.6
2014-04-30,12.7
2014-05-01,24.5
2014-05-02,15.1
2014-05-05,1.95
2014-05-06,10.7
2014-05-07,5.8
2014-05-08,0.2
2014-05-09,-13.9
2014-05-12,-33.85
2014-05-13,-40.85
2014-05-14,-18.5
2014-05-15,-27.2
2014-05-16,-26.15
2014-05-19,-13.55
2014-05-20,5.4
2014-05-21,29.15
2014-05-22,41.5
2014-05-23,47.5
2014-05-27,61.85
2014-05-28,75.85
2014-05-29,88.95
2014-05-30,79.1
2014-06-02,70.35
2014-06-03,59.45
2014-06-04,63.45
2014-06-05,59.25
2014-06-06,52.45
2014-06-09,47.0
2014-06-10,50.7
2014-06-11,51.0
2014-06-12,44.55
2014-06-13,37.45
2014-06-16,28.05
2014-06-17,29.95
2014-06-18,47.8
2014-06-19,68.1
2014-06-20,73.45
2014-06-23,72.2
2014-06-24,92.15
2014-06-25,99.14
2014-06-26,103.88
2014-06-27,98.49
2014-06-30,112.84
2014-07-01,82.27
2014-07-02,52.17
2014-07-03,42.31
2014-07-07,31.4
2014-07-08,19.5
2014-07-09,18.25
2014-07-10,15.75
2014-07-11,27.25
2014-07-14,39.3
2014-07-15,35.55
2014-07-16,32.25
2014-07-17,36.7
2014-07-18,34.5
2014-07-21,21.15
2014-07-22,40.9
2014-07-23,55.3
2014-07-24,61.3
2014-07-25,69.5
2014-07-28,61.1
2014-07-29,57.95
2014-07-30,67.55
2014-07-31,69.54
2014-08-01,64.02
2014-08-04,40.0
2014-08-05,46.5
2014-08-06,47.85
2014-08-07,37.05
2014-08-11,35.35
2014-08-12,50.4
2014-08-13,49.05
2014-08-14,42.3
2014-08-15,61.2
2014-08-18,70.75
2014-08-19,86.85
2014-08-20,72.5
2014-08-21,66.1
2014-08-22,64.95
2014-08-25,67.7
2014-08-26,71.4
2014-08-27,65.55
2014-08-28,60.55
2014-08-29,48.9
2014-09-02,39.2
2014-09-03,27.8
2014-09-04,33.15
2014-09-05,35.45
2014-09-08,35.05
2014-09-09,39.25
2014-09-10,10.25
2014-09-11,1.7
2014-09-12,-13.0
2014-09-15,-41.0
2014-09-16,-45.0
2014-09-17,-55.25
2014-09-18,-66.7
2014-09-19,-70.05
2014-09-22,-83.2
2014-09-23,-64.3
2014-09-24,-88.5
2014-09-25,-85.95
2014-09-26,-83.7
2014-09-29,-91.2
2014-09-30,-74.3
2014-10-01,-74.25
2014-10-02,-71.9
2014-10-03,-69.1
2014-10-06,-76.9
2014-10-07,-74.0
2014-10-08,-55.7
2014-10-09,-38.85
2014-10-10,-40.05
2014-10-13,-52.0
2014-10-14,-58.55
2014-10-15,-56.55
2014-10-16,-54.9
2014-10-17,-71.05
2014-10-20,-71.5
2014-10-21,-66.05
2014-10-22,-64.7
2014-10-23,-56.2
2014-10-24,-76.5
2014-10-27,-129.1
2014-10-28,-115.25
2014-10-29,-100.5
2014-10-30,-92.6
2014-10-31,-102.05
2014-11-03,-111.85
2014-11-04,-112.45
2014-11-05,-115.35
2014-11-06,-106.05
2014-11-07,-109.7
2014-11-10,-115.3
2014-11-11,-99.4
2014-11-12,-93.5
2014-11-13,-83.0
2014-11-14,-83.95
2014-11-17,-75.9
2014-11-18,-78.05
2014-11-19,-77.7
2014-11-20,-77.9
2014-11-21,-72.4
2014-11-24,-84.8
2014-11-25,-109.65
2014-11-26,-100.0
2014-11-28,-99.8
2014-12-01,-106.15
2014-12-02,-104.5
2014-12-03,-120.7
2014-12-04,-120.55
2014-12-05,-132.0
2014-12-08,-106.5
2014-12-09,-101.5
2014-12-10,-104.65
2014-12-11,-103.7
2014-12-12,-115.55
2014-12-15,-139.2
2014-12-16,-102.4
2014-12-17,-116.5
2014-12-18,-115.5
2014-12-19,-105.5
2014-12-22,-113.7
2014-12-23,-83.15
2014-12-24,-48.5
2014-12-26,-49.4
2014-12-29,-49.4
2014-12-30,-50.7
2014-12-31,-55.0
2015-01-02,-49.9
2015-01-05,-79.7
2015-01-06,-79.15
2015-01-07,-80.7
2015-01-08,-80.4
2015-01-09,-71.75
2015-01-12,-72.05
2015-01-13,-57.3
2015-01-14,-40.1
2015-01-15,-18.3
2015-01-16,3.5
2015-01-19,5.95
2015-01-20,3.75
2015-01-21,12.45
2015-01-22,15.8
2015-01-23,10.15
2015-01-26,3.6
2015-01-27,1.0
2015-01-28,-23.5
2015-01-29,-24.55
2015-01-30,-42.35
2015-02-02,-67.2
2015-02-03,-65.75
2015-02-04,-64.9
2015-02-05,-65.05
2015-02-06,-72.75
2015-02-09,-76.25
2015-02-10,-79.45
2015-02-11,-82.45
2015-02-12,-63.15
2015-02-13,-79.25
2015-02-16,-95.1
2015-02-17,-108.7
2015-02-18,-115.8
2015-02-19,-107.55
2015-02-20,-103.15
2015-02-23,-98.85
2015-02-24,-69.7
2015-02-25,-40.0
2015-02-26,-15.15
2015-02-27,-1.75
2015-03-02,6.6
2015-03-03,7.3
2015-03-04,14.35
2015-03-05,9.55
2015-03-06,14.95
2015-03-09,6.95
2015-03-10,-13.65
2015-03-11,-16.75
2015-03-12,-23.25
2015-03-16,-55.5
2015-03-17,-54.4
2015-03-18,-42.45
2015-03-19,-44.7
2015-03-20,-47.0
2015-03-23,-64.35
2015-03-24,-61.65
2015-03-25,-53.9
2015-03-26,-25.5
2015-03-27,-42.9
2015-03-30,-43.1
2015-03-31,-45.5
2015-04-03,-27.15
2015-04-06,-39.95
2015-04-07,-45.9
2015-04-08,-46.25
2015-04-09,-33.2
2015-04-10,-35.7
2015-04-13,-55.1
2015-04-14,-18.3
2015-04-15,-11.5
2015-04-17,10.55
2015-04-20,-2.8
2015-04-21,18.1
2015-04-22,23.8
2015-04-23,33.25
2015-04-24,47.35
2015-04-27,21.45
2015-04-28,26.9
2015-04-29,36.2
2015-04-30,41.5
2015-05-01,25.25
2015-05-04,19.5
2015-05-05,15.7
2015-05-06,10.85
2015-05-07,13.65
2015-05-08,24.35
2015-05-11,22.1
2015-05-12,9.25
2015-05-13,9.0
2015-05-14,23.95
2015-05-15,27.5
2015-05-18,3.55
2015-05-19,13.75
2015-05-20,34.5
2015-05-21,33.25
2015-05-22,19.25
2015-05-26,8.7
2015-05-27,27.7
2015-05-28,29.0
2015-05-29,13.85
2015-06-01,-17.25
2015-06-02,-24.3
2015-06-03,-48.05
2015-06-04,-65.8
2015-06-05,-71.5
2015-06-08,-102.1
2015-06-09,-65.0
2015-06-10,-30.65
2015-06-12,-16.9
2015-06-15,-19.2
2015-06-16,2.95
2015-06-17,24.05
2015-06-18,19.7
2015-06-19,25.0
2015-06-22,42.1
2015-06-23,75.82
2015-06-24,93.37
2015-06-25,108.8
2015-06-26,106.03
2015-06-29,102.75
2015-06-30,111.0
2015-07-01,112.9
2015-07-02,112.5
2015-07-06,86.55
2015-07-07,56.8
2015-07-08,26.2
2015-07-09,1.0
2015-07-10,-24.7
2015-07-13,-51.75
2015-07-14,-56.6
2015-07-15,-52.15
2015-07-16,-59.65
2015-07-17,-74.8
2015-07-20,-90.0
2015-07-21,-60.85
2015-07-22,-61.95
2015-07-23,-63.6
2015-07-24,-57.4
2015-07-27,-61.8
2015-07-28,-30.65
2015-07-29,-26.56
2015-07-30,-18.49
2015-08-03,-1.4
2015-08-04,-0.85
2015-08-05,-5.65
2015-08-06,3.0
2015-08-07,2.8
2015-08-10,10.75
2015-08-11,-0.1
2015-08-12,15.3
2015-08-13,25.95
2015-08-14,28.75
2015-08-17,23.2
2015-08-18,36.55
2015-08-19,32.8
2015-08-20,51.9
2015-08-21,56.35
2015-08-24,46.7
2015-08-25,40.3
2015-08-26,43.8
2015-08-27,47.8
2015-08-28,53.5
2015-08-31,49.75
2015-09-01,64.35
2015-09-02,56.95
2015-09-03,58.7
2015-09-04,67.05
2015-09-08,69.25
2015-09-09,78.35
2015-09-10,84.5
2015-09-11,83.25
2015-09-14,62.2
2015-09-15,64.7
2015-09-16,71.4
2015-09-17,76.55
2015-09-18,57.3
2015-09-21,35.65
2015-09-22,49.05
2015-09-23,29.0
2015-09-24,7.3
2015-09-25,16.2
2015-09-28,23.25
2015-09-29,22.5
2015-09-30,15.7
2015-10-01,16.45
2015-10-02,48.7
2015-10-05,53.45
2015-10-06,71.7
2015-10-07,84.85
2015-10-08,90.8
2015-10-09,106.9
2015-10-12,117.15
2015-10-13,63.35
2015-10-14,78.45
2015-10-15,87.6
2015-10-16,83.35
2015-10-19,75.5
2015-10-20,24.45
2015-10-21,26.05
2015-10-22,18.3
2015-10-23,14.8
2015-10-26,4.4
2015-10-27,-16.35
2015-10-28,-11.25
2015-10-29,-9.7
2015-10-30,-4.85
2015-11-02,-19.85
2015-11-03,-21.7
2015-11-04,-34.05
2015-11-05,-0.85
2015-11-06,-3.9
2015-11-09,-12.75
2015-11-10,4.2
2015-11-11,13.05
2015-11-13,-17.15
2015-11-16,-38.8
2015-11-17,-10.45
2015-11-18,-6.3
2015-11-19,-15.75
2015-11-20,-29.7
2015-11-23,-36.0
2015-11-24,-22.05
2015-11-25,-10.6
2015-11-27,-2.05
2015-11-30,8.0
2015-12-01,10.75
2015-12-02,-15.55
2015-12-03,-13.9
2015-12-04,-0.8
2015-12-07,-12.05
2015-12-08,-2.75
2015-12-09,10.7
2015-12-10,7.45
2015-12-11,11.8
2015-12-14,16.35
2015-12-15,9.1
2015-12-16,2.75
2015-12-17,7.45
2015-12-18,12.1
2015-12-21,2.9
2015-12-22,-19.0
2015-12-23,-17.05
2015-12-24,-1.35
2015-12-28,-3.3
2015-12-29,-6.4
2015-12-30,28.0
2015-12-31,44.3
2016-01-04,-11.9
2016-01-05,-13.05
2016-01-06,-0.5
2016-01-07,51.05
2016-01-08,75.15
2016-01-11,109.6
2016-01-12,140.55
2016-01-13,139.45
2016-01-14,140.9
2016-01-15,141.05
2016-01-18,115.7
2016-01-19,99.6
2016-01-20,86.0
2016-01-21,86.2
2016-01-22,70.75
2016-01-25,69.3
2016-01-26,19.85
2016-01-27,8.7
2016-01-28,-4.05
2016-01-29,-15.4
2016-02-01,-22.55
2016-02-03,-15.05
2016-02-04,-19.6
2016-02-05,-18.85
2016-02-08,-42.8
2016-02-09,-33.95
2016-02-10,-41.15
2016-02-11,-36.75
2016-02-12,-42.45
2016-02-15,-46.35
2016-02-16,-37.7
2016-02-17,-42.05
2016-02-18,-39.2
2016-02-19,-23.6
2016-02-22,-31.15
2016-02-23,-41.1
2016-02-24,-24.35
2016-02-25,-22.65
2016-02-26,-24.7
2016-02-29,-39.55
2016-03-01,-61.25
2016-03-02,-57.1
2016-03-03,-49.05
2016-03-04,-55.9
2016-03-07,-50.5
2016-03-08,-33.2
2016-03-09,-40.05
2016-03-10,-15.55
2016-03-11,-3.45
2016-03-14,-4.3
2016-03-15,-1.4
2016-03-16,29.0
2016-03-17,50.7
2016-03-18,56.85
2016-03-21,36.1
2016-03-22,18.7
2016-03-23,-2.2
2016-03-24,-16.55
2016-03-25,-27.8
2016-03-28,-34.55
2016-03-29,-16.4
2016-03-30,-15.25
2016-03-31,-38.95
2016-04-01,-44.65
2016-04-04,-37.5
2016-04-05,-47.0
2016-04-06,-37.8
2016-04-07,-45.0
2016-04-08,-54.5
2016-04-11,-62.35
2016-04-12,-47.25
2016-04-13,-24.25
2016-04-14,-2.15
2016-04-15,21.35
2016-04-18,32.95
2016-04-19,30.05
2016-04-20,12.05
2016-04-21,12.6
2016-04-22,-2.43
2016-04-25,6.45
2016-04-26,60.75
2016-04-27,65.3
2016-04-28,43.5
2016-04-29,31.0
2016-05-02,31.75
2016-05-03,30.35
2016-05-04,4.0
2016-05-05,0.45
2016-05-06,0.4
2016-05-09,0.6000000000000001
2016-05-10,-3.8
2016-05-11,20.75
2016-05-12,45.85
2016-05-13,47.85
2016-05-16,46.5
2016-05-17,55.3
2016-05-18,73.2
2016-05-19,82.9
2016-05-20,67.3
2016-05-23,55.9
2016-05-24,51.5
2016-05-25,46.03
2016-05-26,47.62
2016-05-27,55.39
2016-05-31,78.85
2016-06-01,93.25
2016-06-02,58.45
2016-06-03,74.1
2016-06-06,63.0
2016-06-07,51.9
2016-06-08,47.5
2016-06-09,46.75
2016-06-10,60.55
2016-06-13,67.8
2016-06-14,63.2
2016-06-15,73.0
2016-06-16,63.65
2016-06-17,49.8
2016-06-20,46.65
2016-06-21,79.25
2016-06-22,76.7
2016-06-23,88.35
2016-06-24,98.2
2016-06-27,103.15
2016-06-28,85.45
2016-06-29,74.1
2016-06-30,83.3
2016-07-01,78.05
2016-07-05,43.0
2016-07-06,24.85
2016-07-07,21.8
2016-07-08,20.65
2016-07-11,13.8
2016-07-12,28.35
2016-07-13,18.45
2016-07-14,15.95
2016-07-15,12.65
2016-07-18,14.15
2016-07-19,20.65
2016-07-20,22.6
2016-07-21,17.75
2016-07-22,25.3
2016-07-25,28.65
2016-07-26,29.25
2016-07-27,45.6
2016-07-28,41.45
2016-07-29,41.65
2016-08-01,21.85
2016-08-02,12.5
2016-08-03,17.25
2016-08-04,21.9
2016-08-05,19.7
2016-08-08,13.25
2016-08-09,15.45
2016-08-10,16.25
2016-08-11,18.15
2016-08-12,21.25
2016-08-15,27.95
2016-08-16,27.1
2016-08-17,26.2
2016-08-18,25.35
2016-08-19,21.7
2016-08-22,16.1
2016-08-23,23.2
2016-08-24,21.75
2016-08-25,23.3
2016-08-26,34.4
2016-08-29,55.25
2016-08-30,54.5
2016-08-31,46.2
2016-09-01,59.9
2016-09-02,80.7
2016-09-06,50.9
2016-09-07,60.95
2016-09-08,66.4
2016-09-09,59.5
2016-09-12,75.05
2016-09-13,83.0
2016-09-14,85.85
2016-09-15,83.0
2016-09-16,95.1
2016-09-19,98.5
2016-09-20,69.25
2016-09-21,64.4
2016-09-22,70.85
2016-09-23,65.5
2016-09-26,55.5
2016-09-27,85.05
2016-09-28,98.4
2016-09-29,124.75
2016-09-30,126.35
2016-10-03,116.25
2016-10-04,122.5
2016-10-05,126.2
2016-10-06,116.45
2016-10-07,120.55
2016-10-10,123.6
2016-10-11,130.4
2016-10-12,121.2
2016-10-13,110.5
2016-10-14,122.25
2016-10-17,138.35
2016-10-18,147.2
2016-10-19,146.65
2016-10-20,127.1
2016-10-21,129.6
2016-10-24,141.1
2016-10-25,136.2
2016-10-26,144.8
2016-10-27,141.8
2016-10-28,107.65
2016-10-31,115.7
2016-11-01,107.75
2016-11-02,108.05
2016-11-03,116.85
2016-11-04,120.9
2016-11-07,118.55
2016-11-08,113.95
2016-11-09,101.2
2016-11-10,95.05
2016-11-11,104.75
2016-11-14,97.35
2016-11-15,92.0
2016-11-16,87.25
2016-11-17,83.05
2016-11-18,50.6
2016-11-21,45.45
2016-11-22,49.0
2016-11-23,40.3
2016-11-25,45.9
2016-11-28,45.5
2016-11-29,34.25
2016-11-30,41.1
2016-12-01,40.1
2016-12-02,28.0
2016-12-05,7.05
2016-12-06,17.7
2016-12-07,7.35
2016-12-08,-10.4
2016-12-09,18.75
2016-12-12,23.3
2016-12-13,38.05
2016-12-14,60.65
2016-12-15,64.2
2016-12-16,90.4
2016-12-19,99.9
2016-12-20,98.6
2016-12-21,116.35
2016-12-22,111.4
2016-12-23,99.7
2016-12-27,94.55
2016-12-28,80.6
2016-12-29,99.65
2016-12-30,104.75
2017-01-03,97.05
2017-01-04,76.95
2017-01-05,76.5
2017-01-09,33.8
2017-01-10,21.45
2017-01-11,1.25
2017-01-12,-17.1
2017-01-13,-26.76
2017-01-16,-14.0
2017-01-17,-9.45
2017-01-18,-18.55
2017-01-19,-25.75
2017-01-20,-40.2
2017-01-23,-63.45
2017-01-24,-62.8
2017-01-25,-67.15
2017-01-26,-82.85
2017-01-27,-74.1
2017-01-30,-76.45
2017-01-31,-66.55
2017-02-01,-69.25
2017-02-02,-59.0
2017-02-03,-57.05
2017-02-06,-59.75
2017-02-07,-57.5
2017-02-08,-67.45
2017-02-09,-69.2
2017-02-10,-75.1
2017-02-13,-81.8
2017-02-14,-79.0
2017-02-15,-79.7
2017-02-16,-80.75
2017-02-17,-73.75
2017-02-20,-59.6
2017-02-21,-58.55
2017-02-22,-52.05
2017-02-23,-29.35
2017-02-24,-33.85
2017-02-27,-20.2
2017-02-28,-19.0
2017-03-01,-3.05
2017-03-02,9.6
2017-03-03,20.05
2017-03-06,22.75
2017-03-07,33.1
2017-03-08,50.85
2017-03-09,69.9
2017-03-10,91.0
2017-03-13,121.4
2017-03-14,126.6
2017-03-15,125.25
2017-03-16,130.45
2017-03-17,117.05
2017-03-20,119.05
2017-03-21,116.45
2017-03-22,122.2
2017-03-23,105.2
2017-03-24,92.2
2017-03-27,81.5
2017-03-28,50.8
2017-03-29,43.35
2017-03-30,20.4
2017-03-31,3.15
2017-04-03,-3.5
2017-04-04,-0.8
2017-04-05,-3.4
2017-04-06,-10.35
2017-04-07,-15.95
2017-04-10,-14.8
2017-04-11,-17.75
2017-04-12,-1.25
2017-04-13,3.55
2017-04-14,8.55
2017-04-17,8.25
2017-04-18,15.8
2017-04-19,28.05
2017-04-20,19.15
2017-04-21,8.6
2017-04-24,3.45
2017-04-25,6.85
2017-04-26,8.2
2017-04-27,7.1
2017-04-28,5.8
2017-05-01,-15.85
2017-05-02,-4.3
2017-05-04,28.75
2017-05-05,1.7
2017-05-08,-6.25
2017-05-09,-6.25
2017-05-10,-6.1
2017-05-11,13.4
2017-05-12,49.1
2017-05-15,85.45
2017-05-16,109.45
2017-05-17,121.65
2017-05-18,117.15
2017-05-19,127.95
2017-05-22,139.75
2017-05-23,153.9
2017-05-24,142.1
2017-05-25,147.0
2017-05-26,146.1
2017-05-30,149.7
2017-05-31,158.55
2017-06-01,163.25
2017-06-02,161.9
2017-06-05,135.45
2017-06-06,145.65
2017-06-07,139.9
2017-06-08,143.3
2017-06-09,140.0
2017-06-12,158.3
2017-06-13,166.95
2017-06-14,161.25
2017-06-15,161.9
2017-06-16,161.95
2017-06-19,165.9
2017-06-20,202.2
2017-06-21,191.51
2017-06-22,212.45
2017-06-26,242.2
2017-06-27,254.35
2017-06-28,229.25
2017-06-29,205.0
2017-06-30,207.3
2017-07-03,191.0
2017-07-05,182.65
2017-07-06,185.85
2017-07-07,174.95
2017-07-10,165.7
2017-07-11,164.85
2017-07-12,148.1
2017-07-13,129.25
2017-07-14,96.5
2017-07-17,85.85
2017-07-18,83.25
2017-07-19,72.45
2017-07-21,73.95
2017-07-24,75.05
2017-07-25,83.5
2017-07-26,86.0
2017-07-27,81.75
2017-07-28,69.75
2017-07-31,71.25
2017-08-01,82.55
2017-08-02,83.67
2017-08-03,83.3
2017-08-04,87.18
2017-08-07,78.45
2017-08-08,66.35
2017-08-09,63.55
2017-08-10,58.45
2017-08-11,63.55
2017-08-14,60.25
2017-08-15,62.9
2017-08-16,65.0
2017-08-17,59.55
2017-08-18,67.3
2017-08-21,74.3
2017-08-22,72.06
2017-08-23,76.9
2017-08-24,77.15
2017-08-25,84.55
2017-08-28,98.65
2017-08-29,106.95
2017-08-30,115.85
2017-08-31,121.15
2017-09-01,134.35
2017-09-05,133.05
2017-09-06,148.6
2017-09-07,155.3
2017-09-08,154.9
2017-09-11,148.0
2017-09-12,151.3
2017-09-13,147.85
2017-09-14,142.2
2017-09-15,142.5
2017-09-18,144.7
2017-09-19,148.45
2017-09-20,144.95
2017-09-21,139.8
2017-09-22,134.7
2017-09-25,133.5
2017-09-26,131.15
2017-09-27,147.9
2017-09-28,132.75
2017-09-29,135.98
2017-10-02,132.3
2017-10-03,139.35
2017-10-04,145.85
2017-10-05,140.95
2017-10-06,139.0
2017-10-09,141.8
2017-10-10,132.55
2017-10-11,127.0
2017-10-12,116.25
2017-10-13,120.6
2017-10-16,117.05
2017-10-17,112.6
2017-10-18,99.0
2017-10-19,93.35
2017-10-20,109.4
2017-10-23,116.2
2017-10-24,112.95
2017-10-25,121.8
2017-10-26,120.9
2017-10-27,133.85
2017-10-30,140.85
2017-10-31,95.4
2017-11-01,112.1
2017-11-02,109.6
2017-11-03,101.8
2017-11-06,80.1
2017-11-07,55.25
2017-11-08,65.2
2017-11-09,62.35
2017-11-10,49.3
2017-11-13,44.15
2017-11-14,42.55
2017-11-15,27.15
2017-11-16,26.4
2017-11-17,44.95
2017-11-20,28.5
2017-11-21,25.4
2017-11-22,50.25
2017-11-24,63.85
2017-11-27,81.1
2017-11-28,71.1
2017-11-29,65.9
2017-11-30,47.8
2017-12-01,27.15
2017-12-04,10.95
2017-12-05,35.75
2017-12-06,41.15
2017-12-07,19.55
2017-12-08,21.15
2017-12-11,48.05
2017-12-12,49.7
2017-12-13,44.2
2017-12-14,37.15
2017-12-15,15.35
2017-12-18,37.9
2017-12-19,30.05
2017-12-20,15.5
2017-12-21,-13.8
2017-12-22,-12.95
2017-12-26,-4.45
2017-12-27,21.1
2017-12-28,13.05
2017-12-29,20.3
2018-01-02,28.9
2018-01-03,19.2
2018-01-04,43.25
2018-01-05,42.45
2018-01-08,47.35
2018-01-09,58.45
2018-01-10,65.8
2018-01-11,69.55
2018-01-12,49.7
2018-01-15,40.9
2018-01-16,39.85
2018-01-17,33.3
2018-01-18,24.05
2018-01-19,31.45
2018-01-22,23.65
2018-01-23,13.1
2018-01-24,19.1
2018-01-25,24.05
2018-01-26,11.95
2018-01-29,-9.95
2018-01-30,-3.95
2018-01-31,-4.65
2018-02-01,-9.85
2018-02-02,-18.95
2018-02-05,-20.6
2018-02-06,-13.9
2018-02-07,-22.5
2018-02-08,-11.85
2018-02-09,-14.55
2018-02-12,-25.5
2018-02-13,-13.05
2018-02-14,-21.7
2018-02-15,-18.5
2018-02-16,-9.35
2018-02-19,-3.95
2018-02-20,-14.05
2018-02-21,-0.5
2018-02-22,-6.1
2018-02-23,-5.8
2018-02-26,-8.0
2018-02-27,7.7
2018-02-28,17.3
2018-03-01,15.9
2018-03-02,33.5
2018-03-05,38.45
2018-03-06,47.25
2018-03-07,53.0
2018-03-08,54.95
2018-03-09,57.45
2018-03-12,58.5
2018-03-13,57.4
2018-03-14,55.3
2018-03-15,54.85
2018-03-16,59.3
2018-03-19,54.7
2018-03-20,46.95
2018-03-21,34.2
2018-03-22,42.4
2018-03-23,59.45
2018-03-26,46.0
2018-03-27,44.9
2018-03-28,45.55
2018-03-29,50.85
2018-03-30,55.75
2018-04-02,69.95
2018-04-03,69.6
2018-04-04,74.65
2018-04-05,69.75
2018-04-06,63.7
2018-04-09,63.1
2018-04-10,80.15
2018-04-11,80.65
2018-04-12,83.35
2018-04-13,77.2
2018-04-16,75.8
2018-04-17,66.7
2018-04-18,65.1
2018-04-19,58.3
2018-04-20,52.15
2018-04-23,44.6
2018-04-24,57.65
2018-04-25,68.45
2018-04-26,83.1
2018-04-27,89.15
2018-04-30,103.2
2018-05-01,99.2
2018-05-02,120.3
2018-05-03,129.25
2018-05-04,131.35
2018-05-07,133.85
2018-05-08,135.45
2018-05-09,142.55
2018-05-10,139.95
2018-05-11,135.45
2018-05-14,152.25
2018-05-15,162.95
2018-05-16,173.95
2018-05-17,181.95
2018-05-18,206.85
2018-05-21,212.55
2018-05-22,235.6
2018-05-23,236.9
2018-05-24,252.55
2018-05-25,254.35
2018-05-29,260.15
2018-05-30,291.6
2018-05-31,305.4
2018-06-01,308.9
2018-06-04,301.25
2018-06-05,299.55
2018-06-06,293.45
2018-06-07,284.6
2018-06-08,279.3
2018-06-11,280.3
2018-06-12,243.3
2018-06-13,235.95
2018-06-14,222.65
2018-06-15,206.0
2018-06-18,203.7
2018-06-19,225.6
2018-06-20,221.45
2018-06-21,218.5
2018-06-22,217.57
2018-06-25,217.2
2018-06-26,244.2
2018-06-27,243.15
2018-06-28,236.85
2018-06-29,230.35
2018-07-02,224.85
2018-07-03,230.75
2018-07-05,223.05
2018-07-06,210.4
2018-07-09,205.6
2018-07-10,161.95
2018-07-11,147.65
2018-07-12,138.05
2018-07-13,127.05
2018-07-16,97.65
2018-07-17,110.65
2018-07-18,118.55
2018-07-19,126.1
2018-07-20,124.85
2018-07-23,126.1
2018-07-24,136.5
2018-07-25,132.8
2018-07-26,128.35
2018-07-27,127.75
2018-07-30,127.0
2018-07-31,123.2
2018-08-01,121.7
2018-08-02,119.38
2018-08-03,123.65
2018-08-06,132.3
2018-08-07,127.45
2018-08-08,123.5
2018-08-09,122.6
2018-08-10,121.5
2018-08-13,131.2
2018-08-14,165.8
2018-08-15,180.65
2018-08-16,187.15
2018-08-17,179.5
2018-08-20,201.8
2018-08-21,237.45
2018-08-22,238.05
2018-08-23,241.65
2018-08-24,245.2
2018-08-27,245.15
2018-08-28,252.4
2018-08-29,245.55
2018-08-30,247.1
2018-08-31,244.75
2018-09-04,239.65
2018-09-05,257.2
2018-09-06,251.65
2018-09-07,237.45
2018-09-10,221.7
2018-09-11,220.65
2018-09-12,215.65
2018-09-13,202.5
2018-09-14,195.7
2018-09-17,194.4
2018-09-18,189.1
2018-09-20,159.45
2018-09-21,159.0
2018-09-24,155.95
2018-09-25,167.8
2018-09-26,164.2
2018-09-27,156.45
2018-09-28,154.55
2018-10-01,148.85
2018-10-02,157.1
2018-10-03,155.45
2018-10-04,148.95
2018-10-05,144.7
2018-10-08,142.5
2018-10-09,143.1
2018-10-10,141.05
2018-10-11,134.8
2018-10-12,138.5
2018-10-15,135.4
2018-10-16,152.05
2018-10-17,152.2
2018-10-18,150.95
2018-10-22,181.7
2018-10-23,194.55
2018-10-24,200.7
2018-10-25,205.15
2018-10-26,212.95
2018-10-29,215.8
2018-10-30,195.5
2018-10-31,205.1
2018-11-01,212.8
2018-11-02,222.25
2018-11-05,213.05
2018-11-06,213.45
2018-11-07,216.95
2018-11-08,206.9
2018-11-09,186.6
2018-11-12,178.95
2018-11-13,193.85
2018-11-14,185.4
2018-11-15,178.55
2018-11-16,185.9
2018-11-19,183.6
2018-11-20,193.05
2018-11-21,199.75
2018-11-23,195.65
2018-11-26,178.35
2018-11-27,177.55
2018-11-28,159.95
2018-11-29,147.8
2018-11-30,141.4
2018-12-03,150.05
2018-12-04,134.05
2018-12-05,134.4
2018-12-06,126.4
2018-12-07,121.55
2018-12-10,133.05
2018-12-11,133.3
2018-12-12,125.8
2018-12-13,106.8
2018-12-14,105.15
2018-12-17,94.55
2018-12-18,110.4
2018-12-19,113.45
2018-12-20,104.6
2018-12-21,105.55
2018-12-24,114.35
2018-12-26,114.35
2018-12-27,119.15
2018-12-28,114.75
2018-12-31,107.5
2019-01-02,101.75
2019-01-03,86.05
2019-01-04,76.2
2019-01-07,48.25
2019-01-08,53.5
2019-01-09,49.95
2019-01-10,46.5
2019-01-11,48.75
2019-01-14,56.75
2019-01-15,27.9
2019-01-16,26.5
2019-01-17,24.25
2019-01-18,27.45
2019-01-21,31.85
2019-01-22,49.35
2019-01-23,57.15
2019-01-24,63.8
2019-01-25,67.5
2019-01-28,62.6
2019-01-29,71.45
2019-01-30,80.2
2019-01-31,82.5
2019-02-01,63.7
2019-02-04,56.15
2019-02-05,78.45
2019-02-06,72.35
2019-02-07,73.95
2019-02-08,65.55
2019-02-11,53.3
2019-02-12,72.75
2019-02-13,72.25
2019-02-14,63.9
2019-02-15,54.15
2019-02-18,62.7
2019-02-19,58.25
2019-02-20,57.7
2019-02-21,51.0
2019-02-22,62.1
2019-02-25,72.2
2019-02-27,78.2
2019-02-28,74.05
2019-03-01,78.0
2019-03-04,87.95
2019-03-05,76.5
2019-03-06,77.85
2019-03-07,82.75
2019-03-08,88.55
2019-03-11,87.05
2019-03-12,99.9
2019-03-13,107.2
2019-03-14,104.35
2019-03-15,96.9
2019-03-18,90.3
2019-03-19,92.4
2019-03-20,94.35
2019-03-21,88.55
2019-03-22,100.65
2019-03-25,99.55
2019-03-26,80.45
2019-03-27,83.25
2019-03-28,79.7
2019-03-29,78.2
2019-04-01,69.5
2019-04-02,85.4
2019-04-03,79.75
2019-04-04,88.95
2019-04-05,105.55
2019-04-08,108.25
2019-04-09,128.75
2019-04-10,124.35
2019-04-11,132.2
2019-04-12,126.2
2019-04-15,128.45
2019-04-16,142.9
2019-04-17,154.5
2019-04-18,157.65
2019-04-19,146.7
2019-04-22,145.3
2019-04-23,147.15
2019-04-24,140.7
2019-04-25,128.75
2019-04-26,128.6
2019-04-29,135.4
2019-04-30,133.2
2019-05-01,126.45
2019-05-02,123.8
2019-05-03,123.5
2019-05-06,118.0
2019-05-07,120.35
2019-05-08,99.2
2019-05-09,94.15
2019-05-10,101.9
2019-05-13,98.05
2019-05-14,108.6
2019-05-15,101.5
2019-05-16,102.7
2019-05-17,114.9
2019-05-20,125.7
2019-05-21,136.8
2019-05-22,125.9
2019-05-23,131.2
2019-05-24,154.1
2019-05-28,166.9
2019-05-29,184.75
2019-05-30,187.9
2019-06-03,177.25
2019-06-04,172.45
2019-06-05,172.05
2019-06-06,168.5
2019-06-07,171.75
2019-06-10,184.0
2019-06-11,185.95
2019-06-12,197.05
2019-06-13,193.35
2019-06-14,188.7
2019-06-17,188.95
2019-06-18,198.6
2019-06-19,189.7
2019-06-20,201.05
2019-06-21,199.55
2019-06-24,207.9
2019-06-25,215.55
2019-07-01,204.7
2019-07-02,200.35
2019-07-03,207.95
2019-07-05,199.7
2019-07-08,182.25
2019-07-09,177.7
2019-07-10,149.85
2019-07-11,144.05
2019-07-12,139.65
2019-07-15,116.05
2019-07-16,121.75
2019-07-17,116.75
2019-07-18,113.45
2019-07-19,117.75
2019-07-22,121.2
2019-07-23,118.6
2019-07-24,121.85
2019-07-25,122.15
2019-07-26,113.5
2019-07-29,116.25
2019-07-31,127.85
2019-08-01,120.89
2019-08-02,138.45
2019-08-05,131.45
2019-08-06,132.9
2019-08-07,144.05
2019-08-08,150.5
2019-08-09,153.2
2019-08-12,156.7
2019-08-13,184.9
2019-08-14,244.4
2019-08-15,297.55
2019-08-16,344.8
2019-08-19,378.25
2019-08-20,415.9
2019-08-21,439.85
2019-08-22,449.1
2019-08-23,446.0
2019-08-26,424.85
2019-08-27,423.7
2019-08-28,412.55
2019-08-29,382.75
2019-08-30,382.15
2019-09-03,390.2
2019-09-04,397.8
2019-09-05,398.1
2019-09-06,394.55
2019-09-09,393.7
2019-09-10,402.3
2019-09-11,399.95
2019-09-12,363.55
2019-09-13,369.9
2019-09-16,382.75
2019-09-17,377.65
2019-09-18,369.3
2019-09-19,356.0
2019-09-20,350.1
2019-09-23,339.35
2019-09-24,325.5
2019-09-25,312.4
2019-09-26,304.35
2019-09-27,296.7
2019-09-30,276.65
2019-10-01,255.75
2019-10-02,257.15
2019-10-03,250.1
2019-10-04,241.0
2019-10-07,230.1
2019-10-08,209.25
2019-10-09,222.9
2019-10-10,224.5
2019-10-11,228.55
2019-10-14,230.95
2019-10-15,233.25
2019-10-16,228.2
2019-10-17,227.9
2019-10-21,221.4
2019-10-22,243.5
2019-10-23,256.9
2019-10-24,273.8
2019-10-25,290.75
2019-10-28,286.25
2019-10-29,298.0
2019-10-30,321.8
2019-10-31,318.55
2019-11-01,326.8
2019-11-04,326.25
2019-11-05,341.55
2019-11-06,342.55
2019-11-07,349.4
2019-11-08,362.3
2019-11-11,365.3
2019-11-12,333.1
2019-11-13,348.9
2019-11-14,362.65
2019-11-15,344.75
2019-11-18,333.55
2019-11-19,329.35
2019-11-20,327.05
2019-11-21,320.0
2019-11-22,290.4
2019-11-25,271.2
2019-11-26,278.45
2019-11-27,267.9
2019-11-29,265.2
2019-12-02,252.8
2019-12-03,246.0
2019-12-04,215.15
2019-12-05,185.65
2019-12-06,171.05
2019-12-09,148.0
2019-12-10,145.45
2019-12-11,129.6
2019-12-12,113.3
2019-12-13,95.75
2019-12-16,108.35
2019-12-17,114.75
2019-12-18,77.7
2019-12-19,51.1
2019-12-20,48.7
2019-12-23,49.3
2019-12-24,56.9
2019-12-26,56.9
2019-12-27,42.65
2019-12-30,34.45
2019-12-31,37.2
2020-01-02,28.75
2020-01-03,9.92
2020-01-06,12.0
2020-01-07,12.85
2020-01-08,6.35
2020-01-09,3.15
2020-01-10,7.4
2020-01-13,7.35
2020-01-14,13.3
2020-01-15,31.95
2020-01-16,29.75
2020-01-17,33.3
2020-01-20,48.45
2020-01-21,52.25
2020-01-22,52.0
2020-01-23,53.95
2020-01-24,54.65
2020-01-27,44.6
2020-01-28,35.45
2020-01-29,31.1
2020-01-30,36.1
2020-01-31,39.0
2020-02-03,41.2
2020-02-04,33.15
2020-02-05,30.85
2020-02-06,33.75
2020-02-07,37.3
2020-02-10,50.75
2020-02-11,38.6
2020-02-12,32.4
2020-02-13,24.2
2020-02-14,28.3
2020-02-17,49.95
2020-02-18,52.45
2020-02-19,44.55
2020-02-20,45.5
2020-02-21,27.35
2020-02-24,27.5
2020-02-25,45.3
2020-02-26,45.65
2020-02-27,44.35
2020-02-28,55.3
2020-03-02,69.75
2020-03-03,91.05
2020-03-04,100.25
2020-03-05,112.95
2020-03-06,116.25
2020-03-09,128.45
2020-03-10,130.0
2020-03-11,128.35
2020-03-12,129.65
2020-03-13,134.15
2020-03-16,170.65
2020-03-17,317.1
2020-03-18,461.8
2020-03-19,529.35
2020-03-20,552.3
2020-03-23,580.7
2020-03-24,611.1
2020-03-25,588.15
2020-03-26,562.5
2020-03-27,476.25
2020-03-30,453.95
2020-03-31,422.25
2020-04-01,341.2
2020-04-02,263.85
2020-04-03,296.5
2020-04-06,291.55
2020-04-07,302.2
2020-04-08,300.4
2020-04-09,275.25
2020-04-10,312.65
2020-04-13,340.05
2020-04-14,297.95
2020-04-15,317.55
2020-04-16,364.45
2020-04-17,398.05
2020-04-20,435.55
2020-04-21,549.65
2020-04-22,541.5
2020-04-23,627.7
2020-04-24,696.4
2020-04-27,725.85
2020-04-28,758.75
2020-04-29,722.0
2020-04-30,722.0
2020-05-01,722.0
2020-05-04,722.0
2020-05-05,645.5
2020-05-06,645.5
2020-05-07,645.5
2020-05-08,645.5
2020-05-11,645.5
2020-05-12,922.05
2020-05-13,922.05
2020-05-14,922.05
2020-05-15,922.05
2020-05-18,922.05
2020-05-19,969.1
2020-05-20,969.1
2020-05-21,969.1
2020-05-22,969.1
2020-05-26,969.1
2020-05-27,1009.3
2020-05-28,1001.95
2020-05-29,932.1
2020-06-01,908.75
2020-06-02,832.75
2020-06-03,719.45
2020-06-04,578.75
2020-06-05,537.3
2020-06-08,479.8
2020-06-09,437.65
2020-06-10,385.3
2020-06-11,317.5
2020-06-12,347.25
2020-06-15,325.5
2020-06-16,337.25
2020-06-17,343.65
2020-06-18,286.7
2020-06-19,265.85
2020-06-22,281.75
2020-06-23,289.9
2020-06-24,277.5
2020-06-25,266.55
2020-06-26,276.95
2020-06-29,288.4
2020-06-30,305.7
2020-07-01,299.5
2020-07-02,290.55
2020-07-06,304.55
2020-07-07,308.45
2020-07-08,309.2
2020-07-09,297.55
2020-07-10,286.2
2020-07-13,292.85
2020-07-14,274.65
2020-07-15,255.6
2020-07-16,254.4
2020-07-17,257.45
2020-07-20,248.6
2020-07-21,259.95
2020-07-22,250.85
2020-07-23,248.7
2020-07-24,255.4
2020-07-27,249.5
2020-07-28,256.05
2020-07-29,255.85
2020-07-30,239.7
2020-07-31,242.1
2020-08-03,249.45
2020-08-04,260.1
2020-08-05,251.7
2020-08-06,239.65
2020-08-07,230.75
2020-08-10,236.15
2020-08-11,240.65
2020-08-12,246.65
2020-08-13,249.55
2020-08-14,248.85
2020-08-17,265.55
2020-08-18,288.1
2020-08-19,302.55
2020-08-20,316.35
2020-08-21,331.15
2020-08-24,338.4
2020-08-25,343.6
2020-08-26,357.2
2020-08-27,371.7
2020-08-28,379.15
2020-08-31,367.85
2020-09-01,357.7
2020-09-02,367.35
2020-09-03,367.85
2020-09-04,371.85
2020-09-08,368.2
2020-09-09,363.9
2020-09-10,353.0
2020-09-11,358.85
2020-09-14,356.15
2020-09-15,334.7
2020-09-16,327.55
2020-09-17,319.25
2020-09-18,286.1
2020-09-21,293.5
2020-09-22,298.2
2020-09-23,290.55
2020-09-24,292.3
2020-09-25,313.25
2020-09-28,320.8
2020-09-29,303.35
2020-09-30,299.2
2020-10-01,302.5
2020-10-02,303.45
2020-10-05,299.75
2020-10-06,281.65
2020-10-07,271.35
2020-10-08,270.35
2020-10-09,268.4
2020-10-12,226.65
2020-10-13,220.9
2020-10-14,202.45
2020-10-15,190.05
2020-10-16,181.55
2020-10-19,173.9
2020-10-20,178.0
2020-10-21,195.05
2020-10-22,182.5
2020-10-23,198.95
2020-10-26,186.4
2020-10-29,184.4
2020-10-30,209.85
2020-11-02,214.35
2020-11-03,221.55
2020-11-04,232.15
2020-11-05,239.05
2020-11-06,234.5
2020-11-09,250.4
2020-11-10,263.95
2020-11-11,307.15
2020-11-12,309.15
2020-11-13,346.3
2020-11-16,328.6
2020-11-17,321.7
2020-11-18,371.0
2020-11-19,379.9
2020-11-20,392.6
2020-11-23,390.9
2020-11-24,424.85
2020-11-25,448.55
2020-11-27,476.4
2020-11-30,438.5
2020-12-01,447.5
2020-12-02,444.15
2020-12-03,429.2
2020-12-04,408.8
2020-12-08,347.3
2020-12-09,298.05
2020-12-10,237.5
2020-12-11,215.75
2020-12-14,217.3
2020-12-15,186.6
2020-12-16,184.9
2020-12-17,197.1
2020-12-18,237.1
2020-12-21,212.3
2020-12-22,234.45
2020-12-23,234.05
2020-12-24,208.7
2020-12-28,208.7
2020-12-29,172.2
2020-12-30,178.0
2020-12-31,182.6
2021-01-04,169.2
2021-01-05,159.35
2021-01-06,125.3
2021-01-07,116.85
2021-01-08,121.5
2021-01-11,131.55
2021-01-12,145.85
2021-01-13,159.9
2021-01-14,182.1
2021-01-15,205.05
2021-01-18,212.1
2021-01-19,233.3
2021-01-20,255.95
2021-01-21,265.25
2021-01-22,289.1
2021-01-25,304.55
2021-01-26,340.35
2021-01-27,359.0
2021-01-28,360.45
2021-01-29,379.65
2021-02-01,389.75
2021-02-02,399.4
2021-02-03,402.1
2021-02-04,383.35
2021-02-05,369.65
2021-02-08,369.95
2021-02-09,371.9
2021-02-10,355.6
2021-02-11,344.2
2021-02-12,339.05
2021-02-15,329.65
2021-02-16,327.6
2021-02-17,337.65
2021-02-18,359.5
2021-02-19,379.0
2021-02-22,389.0
2021-02-23,406.45
2021-02-24,408.1
2021-02-25,415.65
2021-02-26,411.5
2021-03-01,406.75
2021-03-02,381.05
2021-03-03,345.45
2021-03-04,331.1
2021-03-05,333.5
2021-03-08,318.8
2021-03-09,325.95
2021-03-10,312.05
2021-03-11,295.7
2021-03-12,307.5
2021-03-15,303.95
2021-03-16,287.2
2021-03-17,305.3
2021-03-18,316.35
2021-03-19,313.0
2021-03-22,326.95
2021-03-23,343.7
2021-03-24,369.85
2021-03-25,375.45
2021-03-26,357.7
2021-03-29,369.65
2021-03-30,388.6
2021-03-31,430.6
2021-04-01,446.9
2021-04-02,492.15
2021-04-05,488.65
2021-04-06,525.35
2021-04-07,555.35
2021-04-08,585.3
2021-04-09,595.1
2021-04-12,598.6
2021-04-13,583.95
2021-04-14,568.1
2021-04-16,599.85
2021-04-19,599.4
2021-04-20,610.15
2021-04-21,623.4
2021-04-22,592.15
2021-04-23,572.15
2021-04-26,569.3
2021-04-27,583.4
2021-04-28,645.5
2021-04-29,642.25
2021-04-30,651.1
2021-05-03,659.65
2021-05-04,685.7
2021-05-05,696.6
2021-05-06,719.45
2021-05-07,732.8
2021-05-10,737.1
2021-05-11,752.5
2021-05-12,761.1
2021-05-13,769.7
2021-05-14,752.25
2021-05-17,746.0
2021-05-18,775.05
2021-05-19,789.15
2021-05-20,781.1
2021-05-21,794.75
2021-05-24,798.0
2021-05-25,813.35
2021-05-26,831.8
2021-05-27,828.5
2021-05-28,826.0
2021-06-01,827.65
2021-06-02,860.15
2021-06-03,901.5
2021-06-04,903.95
2021-06-07,900.7
2021-06-08,895.7
2021-06-09,893.45
2021-06-10,896.65
2021-06-11,886.7
2021-06-14,875.45
2021-06-15,860.6
2021-06-16,848.7
2021-06-17,789.0
2021-06-18,755.3
2021-06-21,717.25
2021-06-22,690.95
2021-06-23,648.05
2021-06-24,611.22
2021-06-25,579.6
2021-06-28,587.65
2021-06-29,557.5
2021-06-30,523.0
2021-07-01,511.5
2021-07-02,481.5
2021-07-06,464.25
2021-07-07,473.35
2021-07-08,461.05
2021-07-09,441.2
2021-07-12,425.7
2021-07-13,409.35
2021-07-14,398.55
2021-07-15,395.55
2021-07-16,380.95
2021-07-19,364.85
2021-07-20,351.85
2021-07-21,377.05
2021-07-22,401.9
2021-07-23,420.7
2021-07-26,441.5
2021-07-27,452.6
2021-07-28,469.71
2021-07-29,500.43
2021-07-30,514.66
2021-08-02,536.3
2021-08-03,559.05
2021-08-04,595.1
2021-08-05,623.5
2021-08-06,641.95
2021-08-09,671.7
2021-08-10,699.7
2021-08-11,747.05
2021-08-12,791.0
2021-08-13,832.6
2021-08-16,901.4
2021-08-17,932.6
2021-08-18,987.25
2021-08-19,999.25
2021-08-20,991.0
2021-08-23,984.75
2021-08-24,997.45
2021-08-25,995.0
2021-08-26,982.75
2021-08-27,984.15
2021-08-30,965.35
2021-08-31,945.95
2021-09-01,943.0
2021-09-02,921.65
2021-09-03,923.1
2021-09-07,904.75
2021-09-08,890.4
2021-09-09,882.2
2021-09-10,869.45
2021-09-13,846.15
2021-09-14,841.85
2021-09-15,827.65
2021-09-16,798.65
2021-09-17,793.3
2021-09-20,777.0
2021-09-21,787.4
2021-09-22,764.05
2021-09-23,739.75
2021-09-24,729.65
2021-09-27,719.45
2021-09-28,714.75
2021-09-29,708.25
2021-09-30,695.05
2021-10-01,686.3
2021-10-04,669.4
2021-10-05,651.1
2021-10-06,648.55
2021-10-07,631.8
2021-10-08,611.85
2021-10-11,596.05
2021-10-12,577.35
2021-10-13,571.55
2021-10-14,551.15
2021-10-15,556.95
2021-10-18,557.8
2021-10-19,554.1
2021-10-20,563.15
2021-10-21,562.15
2021-10-22,543.8
2021-10-25,549.1
2021-10-26,553.4
2021-10-27,563.9
2021-10-28,537.8
2021-10-29,560.05
2021-11-01,561.65
2021-11-02,569.55
2021-11-03,567.05
2021-11-04,584.15
2021-11-05,585.5
2021-11-08,579.05
2021-11-09,561.0
2021-11-10,552.75
2021-11-11,527.75
2021-11-12,508.0
2021-11-15,498.85
2021-11-16,476.1
2021-11-17,476.1
2021-11-18,421.3
2021-11-19,398.85
2021-11-22,391.85
2021-11-23,404.8
2021-11-24,394.8
2021-11-26,382.95
2021-11-29,362.6
2021-11-30,314.0
2021-12-01,266.85
2021-12-02,250.65
2021-12-03,254.35
2021-12-06,252.25
2021-12-07,236.9
2021-12-08,205.8
2021-12-09,170.35
2021-12-10,169.15
2021-12-13,191.05
2021-12-14,185.3
2021-12-16,164.4
2021-12-17,194.25
2021-12-20,191.35
2021-12-21,194.55
2021-12-22,189.5
2021-12-23,203.2
2021-12-27,221.7
2021-12-28,245.95
2021-12-29,234.6
2021-12-30,234.45
2021-12-31,226.05
2022-01-03,226.05
2022-01-04,216.75
2022-01-05,217.6
2022-01-06,225.35
2022-01-07,224.9
2022-01-10,252.1
2022-01-11,303.9
2022-01-12,323.95
2022-01-13,344.4
2022-01-14,369.9
2022-01-17,382.75
2022-01-18,411.0
2022-01-19,426.2
2022-01-20,456.9
2022-01-21,475.7
2022-01-24,475.2
2022-01-25,482.85
2022-01-26,472.75
2022-01-27,451.3
2022-01-28,444.35
2022-01-31,459.25
2022-02-01,461.65
2022-02-02,416.05
2022-02-03,387.45
2022-02-04,371.75
2022-02-07,341.1
2022-02-08,327.45
2022-02-09,314.4
2022-02-10,298.45
2022-02-11,268.6
2022-02-14,270.6
2022-02-15,266.15
2022-02-16,232.35
2022-02-17,220.1
2022-02-18,205.85
2022-02-21,171.9
2022-02-22,162.7
2022-02-23,141.7
2022-02-25,124.7
2022-02-28,120.1
2022-03-01,111.8
2022-03-02,104.6
2022-03-03,95.05
2022-03-04,84.75
2022-03-07,93.5
2022-03-08,102.45
2022-03-09,85.75
2022-03-10,95.8
2022-03-11,119.1
2022-03-14,137.05
2022-03-15,142.45
2022-03-16,156.2
2022-03-17,167.55
2022-03-18,148.35
2022-03-21,153.95
2022-03-22,154.65
2022-03-23,166.5
2022-03-24,180.55
2022-03-25,192.45
2022-03-28,194.85
2022-03-29,212.1
2022-03-30,216.45
2022-03-31,236.85
2022-04-01,251.25
2022-04-04,245.4
2022-04-05,254.7
2022-04-06,278.8
2022-04-07,275.5
2022-04-08,273.6
2022-04-11,267.75
2022-04-12,275.55
2022-04-13,290.85
2022-04-14,260.75
2022-04-15,251.7
2022-04-18,241.45
2022-04-19,227.5
2022-04-20,215.8
2022-04-21,191.4
2022-04-22,197.85
2022-04-25,176.05
2022-04-26,163.15
2022-04-27,140.7
2022-04-28,123.5
2022-04-29,125.7
2022-05-02,114.4
2022-05-03,123.15
2022-05-04,100.45
2022-05-05,93.5
2022-05-06,69.65
2022-05-09,61.75
2022-05-10,87.65
2022-05-11,63.55
2022-05-12,66.75
2022-05-13,87.74
2022-05-16,92.55
2022-05-17,103.85
2022-05-18,111.35
2022-05-19,119.3
2022-05-20,132.9
2022-05-23,137.55
2022-05-24,153.66
2022-05-25,152.71
2022-05-26,153.36
2022-05-31,182.8
2022-06-01,202.42
2022-06-02,209.9
2022-06-03,220.4
2022-06-06,230.1
2022-06-07,239.5
2022-06-08,254.1
2022-06-09,237.65
2022-06-10,222.3
2022-06-13,211.6
2022-06-14,204.2
2022-06-15,197.5
2022-06-16,176.7
2022-06-20,152.45
2022-06-22,152.05
2022-06-23,142.3
2022-06-24,130.7
2022-06-27,137.2
2022-06-28,164.2
2022-06-29,148.95
2022-06-30,125.75
2022-07-01,119.2
2022-07-05,116.35
2022-07-06,120.05
2022-07-07,144.25
2022-07-08,137.9
2022-07-11,142.65
2022-07-12,147.05
2022-07-13,147.85
2022-07-14,146.1
2022-07-15,154.85
2022-07-18,172.25
2022-07-19,188.9
2022-07-20,212.25
2022-07-21,199.8
2022-07-22,184.5
2022-07-25,187.15
2022-07-26,198.95
2022-07-27,208.7
2022-07-28,202.45
2022-07-29,213.5
2022-08-01,216.8
2022-08-02,231.95
2022-08-03,218.08
2022-08-04,210.78
2022-08-05,193.52
2022-08-08,175.85
2022-08-09,182.7
2022-08-10,167.55
2022-08-11,154.3
2022-08-12,137.0
2022-08-15,129.3
2022-08-16,128.35
2022-08-17,128.1
2022-08-18,111.75
2022-08-19,93.75
2022-08-22,95.7
2022-08-23,102.55
2022-08-24,108.25
2022-08-25,118.8
2022-08-29,129.65
2022-08-30,136.85
2022-08-31,116.05
2022-09-01,102.55
2022-09-02,112.1
2022-09-06,133.5
2022-09-07,150.9
2022-09-08,161.4
2022-09-09,131.55
2022-09-12,126.2
2022-09-13,141.2
2022-09-14,125.15
2022-09-15,93.7
2022-09-16,84.5
2022-09-19,77.8
2022-09-20,74.5
2022-09-21,68.65
2022-09-22,52.05
2022-09-23,40.55
2022-09-26,28.7
2022-09-27,19.95
2022-09-28,20.05
2022-09-29,11.9
2022-09-30,7.5
2022-10-03,1.6
2022-10-04,18.4
2022-10-05,34.15
2022-10-06,22.5
2022-10-07,16.95
2022-10-10,1.6
2022-10-11,-14.35
2022-10-12,-5.3
2022-10-13,-6.35
2022-10-14,-27.55
2022-10-17,-0.5
2022-10-18,7.4
2022-10-19,31.4
2022-10-20,49.6
2022-10-21,41.5
2022-10-24,31.55
2022-10-25,56.45
2022-10-26,78.75
2022-10-27,74.75
2022-10-28,82.9
2022-10-31,85.4
2022-11-01,83.25
2022-11-02,69.55
2022-11-03,75.75
2022-11-04,85.8
2022-11-07,74.05
2022-11-09,86.9
2022-11-10,85.35
2022-11-11,75.5
2022-11-14,33.25
2022-11-15,21.95
2022-11-16,22.7
2022-11-17,13.3
2022-11-18,13.0
2022-11-21,0.15
2022-11-22,3.1
2022-11-23,8.4
2022-11-25,-27.6
2022-11-28,-49.4
2022-11-29,-50.75
2022-11-30,-57.8
2022-12-01,-41.6
2022-12-02,-44.35
2022-12-05,-80.8
2022-12-06,-141.95
2022-12-07,-148.25
2022-12-08,-101.2
2022-12-09,-115.05
2022-12-12,-101.15
2022-12-13,-32.5
2022-12-14,-47.8
2022-12-15,-83.45
2022-12-16,-52.6
2022-12-19,27.3
2022-12-20,44.5
2022-12-21,49.65
2022-12-22,50.5
2022-12-23,61.35
2022-12-27,112.6
2022-12-28,153.3
2022-12-29,147.5
2022-12-30,147.65
2023-01-03,171.9
2023-01-04,201.75
2023-01-05,167.95
2023-01-06,158.7
2023-01-09,158.1
2023-01-10,177.35
2023-01-11,161.1
2023-01-12,116.8
2023-01-13,91.7
2023-01-16,100.35
2023-01-17,100.6
2023-01-18,102.55
2023-01-19,93.15
2023-01-20,78.05
2023-01-23,83.85
2023-01-24,90.5
2023-01-25,74.8
2023-01-26,66.8
2023-01-27,68.75
2023-01-30,73.45
2023-01-31,64.65
2023-02-01,50.2
2023-02-02,42.5
2023-02-03,40.05
2023-02-06,13.8
2023-02-07,33.9
2023-02-08,32.55
2023-02-09,29.5
2023-02-10,42.6
2023-02-13,36.65
2023-02-14,24.25
2023-02-15,34.45
2023-02-16,59.1
2023-02-17,88.8
2023-02-20,99.85
2023-02-21,113.25
2023-02-22,154.8
2023-02-23,155.85
2023-02-24,151.15
2023-02-27,131.65
2023-02-28,140.0
2023-03-01,140.4
2023-03-02,130.35
2023-03-03,133.45
2023-03-06,141.8
2023-03-07,139.85
2023-03-08,115.5
2023-03-09,92.5
2023-03-10,87.35
2023-03-13,79.9
2023-03-14,77.7
2023-03-15,81.8
2023-03-16,68.15
2023-03-17,74.4
2023-03-20,74.15
2023-03-21,65.75
2023-03-22,55.75
2023-03-23,67.85
2023-03-24,69.55
2023-03-27,47.75
2023-03-28,50.4
2023-03-29,52.45
2023-03-30,47.65
2023-03-31,38.25
2023-04-03,41.4
2023-04-04,59.15
2023-04-05,80.15
2023-04-06,80.75
2023-04-07,62.9
2023-04-10,40.45
2023-04-11,50.75
2023-04-12,66.8
2023-04-13,86.85
2023-04-14,74.65
2023-04-17,54.1
2023-04-18,77.55
2023-04-19,79.97
2023-04-20,61.85
2023-04-21,74.85
2023-04-24,82.05
2023-04-25,88.2
2023-04-26,93.1
2023-04-27,109.6
2023-04-28,121.75
2023-05-01,124.6
2023-05-02,125.2
2023-05-03,117.65
2023-05-04,123.05
2023-05-05,140.6
2023-05-08,116.65
2023-05-09,116.95
2023-05-10,104.55
2023-05-11,105.45
2023-05-15,90.1
2023-05-16,71.0
2023-05-17,59.25
2023-05-18,47.45
2023-05-19,40.65
2023-05-22,52.6
2023-05-23,62.8
2023-05-24,38.2
2023-05-25,21.7
2023-05-26,29.3
2023-05-30,49.7
2023-05-31,51.55
2023-06-01,52.35
2023-06-02,53.35
2023-06-05,49.3
2023-06-06,78.65
2023-06-07,109.15
2023-06-08,107.0
2023-06-09,130.85
2023-06-12,145.0
2023-06-13,147.8
2023-06-14,144.05
2023-06-15,145.85
2023-06-16,166.65
2023-06-21,142.48
2023-06-22,165.3
2023-06-23,166.45
2023-06-26,178.3
2023-06-27,152.0
2023-06-28,128.05
2023-06-29,120.05
2023-06-30,129.8
2023-07-03,127.95
2023-07-05,134.15
2023-07-06,100.45
2023-07-07,74.8
2023-07-10,58.2
2023-07-11,29.8
2023-07-12,14.5
2023-07-13,16.4
2023-07-14,2.8
2023-07-17,-15.7
2023-07-18,-18.8
2023-07-19,-34.2
2023-07-20,-47.7
2023-07-21,-62.65
2023-07-24,-81.15
2023-07-25,-74.4
2023-07-26,-75.2
2023-07-27,-77.9
2023-07-28,-80.85
2023-08-01,-64.35
2023-08-02,-27.2
2023-08-03,-50.74
2023-08-04,-56.98
2023-08-07,-66.0
2023-08-08,-80.35
2023-08-09,-73.15
2023-08-10,-63.2
2023-08-11,-77.85
2023-08-14,-77.4
2023-08-15,-54.45
2023-08-16,-38.75
2023-08-17,-23.2
2023-08-18,22.9
2023-08-21,48.05
2023-08-22,47.3
2023-08-23,64.3
2023-08-24,72.0
2023-08-25,78.15
2023-08-28,88.55
2023-08-29,86.0
2023-08-30,63.8
2023-08-31,69.3
2023-09-01,59.35
2023-09-05,71.15
2023-09-06,83.05
2023-09-07,72.45
2023-09-08,59.0
2023-09-11,70.15
2023-09-12,48.5
2023-09-13,30.35
2023-09-14,30.9
2023-09-15,20.3
2023-09-18,8.85
2023-09-19,-8.15
2023-09-20,-36.8
2023-09-21,-50.3
2023-09-22,-49.55
2023-09-25,-44.0
2023-09-26,-57.55
2023-09-27,-71.1
2023-09-28,-69.15
2023-09-29,-64.5
2023-10-02,-72.8
2023-10-03,-53.15
2023-10-04,-77.95
2023-10-05,-98.5
2023-10-06,-89.65
2023-10-09,-53.15
2023-10-10,-38.1
2023-10-11,-55.9
2023-10-12,-56.35
2023-10-16,-74.95
2023-10-17,-43.45
2023-10-18,-40.55
2023-10-19,-52.35
2023-10-20,-48.3
2023-10-23,-51.75
2023-10-24,-60.2
2023-10-25,-46.55
2023-10-26,-40.55
2023-10-27,-46.9
2023-10-30,-30.2
2023-10-31,-16.4
2023-11-01,-44.4
2023-11-02,-70.45
2023-11-03,-63.05
2023-11-06,-92.4
2023-11-07,-82.9
2023-11-08,-93.1
2023-11-09,-103.5
2023-11-10,-97.4
2023-11-13,-80.7
2023-11-14,-75.75
2023-11-15,-89.35
2023-11-16,-73.95
2023-11-17,-75.5
2023-11-20,-58.6
2023-11-21,-37.15
2023-11-22,-36.5
2023-11-24,-27.8
2023-11-27,-15.7
2023-11-28,-14.3
2023-11-29,-6.5
2023-11-30,-16.3
2023-12-01,-1.1
2023-12-04,2.9
2023-12-05,-3.15
2023-12-06,-17.2
2023-12-07,-34.15
2023-12-08,-25.95
2023-12-11,-31.0
2023-12-12,-2.35
2023-12-13,22.35
2023-12-14,20.55
2023-12-15,50.45
2023-12-18,59.0
2023-12-19,20.35
2023-12-20,20.05
2023-12-21,19.05
2023-12-22,26.2
2023-12-26,31.8
2023-12-27,39.75
2023-12-28,26.8
2023-12-29,21.65
2024-01-02,-26.15
2024-01-03,-77.85
2024-01-04,-132.3
2024-01-05,-149.55
2024-01-08,-145.75
2024-01-09,-143.6
2024-01-10,-134.3
2024-01-11,-109.9
2024-01-12,-87.54
2024-01-15,-47.3
2024-01-16,-58.95
2024-01-17,-31.25
2024-01-19,-16.8
2024-01-22,-37.45
2024-01-23,13.8
2024-01-24,37.6
2024-01-25,31.65
2024-01-26,15.6
2024-01-29,3.9
2024-01-30,19.25
2024-01-31,-38.65
2024-02-01,-54.1
2024-02-02,-56.05
2024-02-05,-83.95
2024-02-06,-85.4
2024-02-07,-83.55
2024-02-08,-78.2
2024-02-09,-86.2
2024-02-12,-102.1
2024-02-13,-115.7
2024-02-14,-141.5
2024-02-15,-135.5
2024-02-16,-121.0
2024-02-19,-116.3
2024-02-20,-106.65
2024-02-21,-101.65
2024-02-22,-101.8
2024-02-23,-79.35
2024-02-26,-86.05
2024-02-27,-67.65
2024-02-28,-70.9
2024-02-29,-59.69
2024-03-01,-57.7
2024-03-04,-47.35
2024-03-05,-41.4
2024-03-06,-52.15
2024-03-07,-50.25
2024-03-08,-40.85
2024-03-11,-40.0
2024-03-12,-44.6
2024-03-13,-30.4
2024-03-14,-36.85
2024-03-15,-49.1
2024-03-18,-30.7
2024-03-19,-10.35
2024-03-20,-12.55
2024-03-21,-10.95
2024-03-22,-9.95
2024-03-25,-56.05
2024-03-26,-65.85
2024-03-27,-69.55
2024-03-28,-92.9
2024-03-29,-94.85
2024-04-01,-70.25
2024-04-02,-74.0
2024-04-03,-85.85
2024-04-04,-110.0
2024-04-05,-141.25
2024-04-08,-146.55
2024-04-09,-70.35
2024-04-10,-71.1
2024-04-11,-105.7
2024-04-12,-104.35
2024-04-15,-69.4
2024-04-16,-47.35
2024-04-17,-64.55
2024-04-18,-73.15
2024-04-19,-70.55
2024-04-22,-65.25
2024-04-23,-66.3
2024-04-24,-55.0
2024-04-25,-69.9
2024-04-26,-62.45
2024-04-29,-64.6
2024-04-30,-64.0
2024-05-01,-91.3
2024-05-02,-96.8
2024-05-03,-100.75
2024-05-06,-101.6
2024-05-07,-68.95
2024-05-09,-90.95
2024-05-10,-103.05
2024-05-13,-116.95
2024-05-14,-78.3
2024-05-15,-37.9
2024-05-16,-19.45
2024-05-17,-2.8
2024-05-20,31.7
2024-05-21,13.65
2024-05-22,17.1
2024-05-23,8.0
2024-05-24,-14.2
2024-05-28,-21.55
2024-05-29,-25.6
2024-05-30,-17.1
2024-05-31,-17.75
2024-06-03,-25.9
2024-06-04,4.4
2024-06-05,16.8
2024-06-06,0.65
2024-06-07,9.9
2024-06-10,20.9
2024-06-11,26.0
2024-06-12,34.15
2024-06-13,29.1
2024-06-14,34.0
2024-06-17,38.25
2024-06-18,33.95
2024-06-19,30.0
2024-06-20,27.25
2024-06-21,34.5
2024-06-24,18.3
2024-06-25,15.65
2024-06-26,18.05
2024-06-27,4.4
2024-06-28,1.35
2024-07-01,18.1
2024-07-02,21.75
2024-07-03,28.45
2024-07-05,22.2
2024-07-08,31.3
2024-07-09,39.6
2024-07-10,8.0
2024-07-11,12.5
2024-07-12,-8.95
2024-07-15,-6.95
2024-07-16,-9.2
2024-07-17,-23.25
2024-07-18,-40.05
2024-07-19,-56.0
2024-07-22,-50.5
2024-07-23,-58.5
2024-07-24,-61.15
2024-07-25,-63.5
2024-07-26,-69.4
2024-07-29,-50.5
2024-07-30,-61.8
2024-07-31,-64.53
2024-08-01,-69.35
2024-08-02,-98.19
2024-08-05,-85.45
2024-08-06,-42.25
2024-08-07,-58.35
2024-08-08,-70.8
2024-08-09,-78.65
2024-08-12,-64.6
2024-08-13,-27.3
2024-08-14,-15.1
2024-08-15,-27.5
2024-08-16,-4.65
2024-08-19,6.5
2024-08-20,1.05
2024-08-21,0.7000000000000001
2024-08-22,13.5
2024-08-23,28.3
2024-08-26,44.5
2024-08-27,58.0
2024-08-28,34.1
2024-08-29,7.55
2024-08-30,26.25
2024-09-03,36.8
2024-09-04,51.5
2024-09-05,59.7
2024-09-06,56.2
2024-09-09,52.4
2024-09-10,57.45
2024-09-11,59.2
2024-09-12,52.8
2024-09-13,54.3
2024-09-16,31.65
2024-09-17,26.35
2024-09-18,21.15
2024-09-19,0.6000000000000001
2024-09-20,-18.45
2024-09-23,-20.55
2024-09-24,-23.2
2024-09-25,-26.25
2024-09-26,-59.25
2024-09-27,-74.75
2024-09-30,-83.4
2024-10-01,-82.35
2024-10-02,-70.8
2024-10-03,-78.9
2024-10-04,-83.7
2024-10-07,-62.45
2024-10-08,-35.35
2024-10-09,-29.2
2024-10-10,-19.95
2024-10-11,-3.35
2024-10-14,6.9
2024-10-15,17.9
2024-10-16,39.6
2024-10-17,59.25
2024-10-18,57.0
2024-10-21,61.15
2024-10-22,75.4
2024-10-23,77.75
2024-10-24,63.05
2024-10-25,54.85
2024-10-28,58.4
2024-10-29,54.35
2024-10-30,33.35
2024-10-31,29.0
2024-11-01,8.0
2024-11-04,1.7
2024-11-05,7.25
2024-11-06,6.35
2024-11-07,-8.95
2024-11-08,-51.95
2024-11-11,-45.85
2024-11-12,-49.95
2024-11-13,-47.2
2024-11-14,-52.1
2024-11-15,-72.9
2024-11-18,-70.8
2024-11-19,-31.9
2024-11-20,-21.6
2024-11-21,-39.6
2024-11-22,-32.1
2024-11-25,-34.8
2024-11-26,-33.6
2024-11-27,-22.0
2024-11-29,-27.0
2024-12-02,-50.2
2024-12-03,-41.65
2024-12-04,-69.95
2024-12-05,-88.6
2024-12-06,-97.45
2024-12-09,-43.9
2024-12-10,-32.3
2024-12-11,-51.05
2024-12-12,-62.05
2024-12-13,-34.8
2024-12-16,-36.95
2024-12-17,-35.7
2024-12-18,-53.15
2024-12-19,-69.3
2024-12-20,-34.4
2024-12-23,-75.95
2024-12-24,-69.95
2024-12-26,-69.95
2024-12-27,-46.2
2024-12-30,-32.55
2024-12-31,-10.0
2025-01-02,-22.45
2025-01-03,-28.95
2025-01-06,-20.6
2025-01-07,-20.0
2025-01-08,-35.65
2025-01-09,-18.6
2025-01-13,-4.7
2025-01-14,-17.3
2025-01-15,-21.25
2025-01-16,-14.75
2025-01-17,-26.8
2025-01-20,-27.25
2025-01-21,-46.75
2025-01-22,-57.15
2025-01-23,-58.65
2025-01-24,-69.95
2025-01-27,-118.4
2025-01-28,-112.55
2025-01-29,-105.4
2025-01-30,-132.45
2025-01-31,-171.7
2025-02-03,-170.95
2025-02-04,-144.55
2025-02-05,-158.15
2025-02-06,-202.95
2025-02-07,-199.9
2025-02-10,-210.9
2025-02-11,-187.2
2025-02-12,-188.95
2025-02-13,-215.95
2025-02-14,-216.0
2025-02-17,-199.35
2025-02-18,-187.05
2025-02-19,-190.15
2025-02-20,-194.45
2025-02-21,-199.1
2025-02-24,-202.55
2025-02-25,-150.45
2025-02-26,-145.7
2025-02-27,-157.35
2025-02-28,-167.5
2025-03-03,-141.2
2025-03-04,-127.25
2025-03-05,-116.85
2025-03-06,-125.65
2025-03-07,-124.95
2025-03-10,-111.75
2025-03-11,-108.9
2025-03-12,-86.75
2025-03-13,-86.25
2025-03-14,-101.7
2025-03-17,-119.7
2025-03-18,-129.35
2025-03-19,-121.1
2025-03-20,-73.9
2025-03-21,-96.15
2025-03-24,-125.15
2025-03-25,-155.3
2025-03-26,-108.45
2025-03-27,-84.3
2025-03-28,-109.35
2025-04-01,-121.05
2025-04-03,-98.15
2025-04-04,-110.75
2025-04-07,-104.2
2025-04-08,-71.75
2025-04-09,-78.0
